{
  "type": "FeatureCollection",
  "features": [
    {
      "id": "0",
      "type": "Feature",
      "properties": {
        "element": "node",
        "id": 212435197,
        "addr:city": "Oakland",
        "addr:housenumber": "5727",
        "addr:postcode": "94618",
        "addr:state": "CA",
        "addr:street": "College Avenue",
        "branch": "Oakland - Rockridge",
        "brand": "Trader Joe's",
        "brand:wikidata": "Q688825",
        "check_date:opening_hours": "2025-07-21",
        "name": "Trader Joe's",
        "opening_hours": "Mo-Su 08:00-21:00",
        "phone": "+1 510-923-9428",
        "ref": "231",
        "shop": "supermarket",
        "website": "https://locations.traderjoes.com/ca/oakland/231/",
        "wheelchair": null,
        "air_conditioning": null,
        "addr:housename": null,
        "level": null,
        "alt_name": null,
        "amenity": null,
        "cuisine": null,
        "diet:halal": null,
        "indoor_seating": null,
        "outdoor_seating": null,
        "building": null,
        "operator": null,
        "organic": null,
        "check_date": null,
        "short_name": null,
        "designation": null,
        "parking": null,
        "building:levels": null,
        "diet:kosher": null,
        "payment:credit_cards": null,
        "payment:debit_cards": null,
        "addr:country": null,
        "wikidata": null,
        "wikipedia": null,
        "contact:instagram": null,
        "contact:phone": null,
        "contact:website": null,
        "source": null,
        "official_name": null,
        "roof:levels": null,
        "building:part": null,
        "drinking_water": null,
        "toilets": null,
        "toilets:disposal": null,
        "toilets:wheelchair": null,
        "old_name": null,
        "comments": null,
        "building_1": null,
        "building_2": null,
        "payment:mastercard": null,
        "payment:visa": null,
        "historic": null,
        "historic:alt_name": null,
        "historic:name": null,
        "start_date": null
      },
      "geometry": {
        "type": "Point",
        "coordinates": [
          -122.252612,
          37.8455422
        ]
      }
    },
    {
      "id": "1",
      "type": "Feature",
      "properties": {
        "element": "node",
        "id": 310973114,
        "addr:city": "Alameda",
        "addr:housenumber": "1650",
        "addr:postcode": "94501",
        "addr:state": null,
        "addr:street": "Park Street",
        "branch": null,
        "brand": null,
        "brand:wikidata": null,
        "check_date:opening_hours": null,
        "name": "Alameda Natural Grocery",
        "opening_hours": null,
        "phone": "+1-510-865-1500",
        "ref": null,
        "shop": "supermarket",
        "website": "https://www.alamedanaturalgrocery.com/",
        "wheelchair": null,
        "air_conditioning": null,
        "addr:housename": null,
        "level": null,
        "alt_name": null,
        "amenity": null,
        "cuisine": null,
        "diet:halal": null,
        "indoor_seating": null,
        "outdoor_seating": null,
        "building": null,
        "operator": null,
        "organic": null,
        "check_date": null,
        "short_name": null,
        "designation": null,
        "parking": null,
        "building:levels": null,
        "diet:kosher": null,
        "payment:credit_cards": null,
        "payment:debit_cards": null,
        "addr:country": null,
        "wikidata": null,
        "wikipedia": null,
        "contact:instagram": null,
        "contact:phone": null,
        "contact:website": null,
        "source": null,
        "official_name": null,
        "roof:levels": null,
        "building:part": null,
        "drinking_water": null,
        "toilets": null,
        "toilets:disposal": null,
        "toilets:wheelchair": null,
        "old_name": null,
        "comments": null,
        "building_1": null,
        "building_2": null,
        "payment:mastercard": null,
        "payment:visa": null,
        "historic": null,
        "historic:alt_name": null,
        "historic:name": null,
        "start_date": null
      },
      "geometry": {
        "type": "Point",
        "coordinates": [
          -122.2396875,
          37.7676863
        ]
      }
    },
    {
      "id": "2",
      "type": "Feature",
      "properties": {
        "element": "node",
        "id": 363915431,
        "addr:city": "Oakland",
        "addr:housenumber": "3250",
        "addr:postcode": "94610",
        "addr:state": "CA",
        "addr:street": "Lakeshore Avenue",
        "branch": "Oakland - Lakeshore",
        "brand": "Trader Joe's",
        "brand:wikidata": "Q688825",
        "check_date:opening_hours": null,
        "name": "Trader Joe's",
        "opening_hours": "Mo-Su 08:00-21:00",
        "phone": "+1 510-238-9076",
        "ref": "203",
        "shop": "supermarket",
        "website": "https://locations.traderjoes.com/ca/oakland/203/",
        "wheelchair": null,
        "air_conditioning": null,
        "addr:housename": null,
        "level": null,
        "alt_name": null,
        "amenity": null,
        "cuisine": null,
        "diet:halal": null,
        "indoor_seating": null,
        "outdoor_seating": null,
        "building": null,
        "operator": null,
        "organic": null,
        "check_date": null,
        "short_name": null,
        "designation": null,
        "parking": null,
        "building:levels": null,
        "diet:kosher": null,
        "payment:credit_cards": null,
        "payment:debit_cards": null,
        "addr:country": null,
        "wikidata": null,
        "wikipedia": null,
        "contact:instagram": null,
        "contact:phone": null,
        "contact:website": null,
        "source": null,
        "official_name": null,
        "roof:levels": null,
        "building:part": null,
        "drinking_water": null,
        "toilets": null,
        "toilets:disposal": null,
        "toilets:wheelchair": null,
        "old_name": null,
        "comments": null,
        "building_1": null,
        "building_2": null,
        "payment:mastercard": null,
        "payment:visa": null,
        "historic": null,
        "historic:alt_name": null,
        "historic:name": null,
        "start_date": null
      },
      "geometry": {
        "type": "Point",
        "coordinates": [
          -122.2443754,
          37.8099099
        ]
      }
    },
    {
      "id": "3",
      "type": "Feature",
      "properties": {
        "element": "node",
        "id": 410243509,
        "addr:city": null,
        "addr:housenumber": null,
        "addr:postcode": null,
        "addr:state": null,
        "addr:street": null,
        "branch": null,
        "brand": null,
        "brand:wikidata": null,
        "check_date:opening_hours": null,
        "name": "Nature's Best Food",
        "opening_hours": null,
        "phone": null,
        "ref": null,
        "shop": "grocery",
        "website": null,
        "wheelchair": "yes",
        "air_conditioning": null,
        "addr:housename": null,
        "level": null,
        "alt_name": null,
        "amenity": null,
        "cuisine": null,
        "diet:halal": null,
        "indoor_seating": null,
        "outdoor_seating": null,
        "building": null,
        "operator": null,
        "organic": null,
        "check_date": null,
        "short_name": null,
        "designation": null,
        "parking": null,
        "building:levels": null,
        "diet:kosher": null,
        "payment:credit_cards": null,
        "payment:debit_cards": null,
        "addr:country": null,
        "wikidata": null,
        "wikipedia": null,
        "contact:instagram": null,
        "contact:phone": null,
        "contact:website": null,
        "source": null,
        "official_name": null,
        "roof:levels": null,
        "building:part": null,
        "drinking_water": null,
        "toilets": null,
        "toilets:disposal": null,
        "toilets:wheelchair": null,
        "old_name": null,
        "comments": null,
        "building_1": null,
        "building_2": null,
        "payment:mastercard": null,
        "payment:visa": null,
        "historic": null,
        "historic:alt_name": null,
        "historic:name": null,
        "start_date": null
      },
      "geometry": {
        "type": "Point",
        "coordinates": [
          -122.264995,
          37.8027213
        ]
      }
    },
    {
      "id": "4",
      "type": "Feature",
      "properties": {
        "element": "node",
        "id": 470780580,
        "addr:city": "Alameda",
        "addr:housenumber": "2227",
        "addr:postcode": "94501",
        "addr:state": "CA",
        "addr:street": "South Shore Center",
        "branch": null,
        "brand": "Safeway",
        "brand:wikidata": "Q1508234",
        "check_date:opening_hours": null,
        "name": "Safeway",
        "opening_hours": null,
        "phone": "+1-510-863-9000",
        "ref": null,
        "shop": "supermarket",
        "website": "https://local.safeway.com/safeway/ca/alameda/2227-s-shore-ctr.html",
        "wheelchair": null,
        "air_conditioning": null,
        "addr:housename": null,
        "level": null,
        "alt_name": null,
        "amenity": null,
        "cuisine": null,
        "diet:halal": null,
        "indoor_seating": null,
        "outdoor_seating": null,
        "building": null,
        "operator": null,
        "organic": null,
        "check_date": null,
        "short_name": null,
        "designation": null,
        "parking": null,
        "building:levels": null,
        "diet:kosher": null,
        "payment:credit_cards": null,
        "payment:debit_cards": null,
        "addr:country": null,
        "wikidata": null,
        "wikipedia": null,
        "contact:instagram": null,
        "contact:phone": null,
        "contact:website": null,
        "source": null,
        "official_name": null,
        "roof:levels": null,
        "building:part": null,
        "drinking_water": null,
        "toilets": null,
        "toilets:disposal": null,
        "toilets:wheelchair": null,
        "old_name": null,
        "comments": null,
        "building_1": null,
        "building_2": null,
        "payment:mastercard": null,
        "payment:visa": null,
        "historic": null,
        "historic:alt_name": null,
        "historic:name": null,
        "start_date": null
      },
      "geometry": {
        "type": "Point",
        "coordinates": [
          -122.2507884,
          37.7574333
        ]
      }
    },
    {
      "id": "5",
      "type": "Feature",
      "properties": {
        "element": "node",
        "id": 470780581,
        "addr:city": "Alameda",
        "addr:housenumber": "2217",
        "addr:postcode": "94501",
        "addr:state": "CA",
        "addr:street": "South Shore Center",
        "branch": "Alameda",
        "brand": "Trader Joe's",
        "brand:wikidata": "Q688825",
        "check_date:opening_hours": null,
        "name": "Trader Joe's",
        "opening_hours": "Mo-Su 08:00-21:00",
        "phone": "+1-510-769-5450",
        "ref": "109",
        "shop": "supermarket",
        "website": "https://locations.traderjoes.com/ca/alameda/109/",
        "wheelchair": null,
        "air_conditioning": null,
        "addr:housename": null,
        "level": null,
        "alt_name": null,
        "amenity": null,
        "cuisine": null,
        "diet:halal": null,
        "indoor_seating": null,
        "outdoor_seating": null,
        "building": null,
        "operator": null,
        "organic": null,
        "check_date": null,
        "short_name": null,
        "designation": null,
        "parking": null,
        "building:levels": null,
        "diet:kosher": null,
        "payment:credit_cards": null,
        "payment:debit_cards": null,
        "addr:country": null,
        "wikidata": null,
        "wikipedia": null,
        "contact:instagram": null,
        "contact:phone": null,
        "contact:website": null,
        "source": null,
        "official_name": null,
        "roof:levels": null,
        "building:part": null,
        "drinking_water": null,
        "toilets": null,
        "toilets:disposal": null,
        "toilets:wheelchair": null,
        "old_name": null,
        "comments": null,
        "building_1": null,
        "building_2": null,
        "payment:mastercard": null,
        "payment:visa": null,
        "historic": null,
        "historic:alt_name": null,
        "historic:name": null,
        "start_date": null
      },
      "geometry": {
        "type": "Point",
        "coordinates": [
          -122.2514016,
          37.7577613
        ]
      }
    },
    {
      "id": "6",
      "type": "Feature",
      "properties": {
        "element": "node",
        "id": 661753960,
        "addr:city": "Berkeley",
        "addr:housenumber": "3068",
        "addr:postcode": null,
        "addr:state": null,
        "addr:street": "Claremont Avenue",
        "branch": null,
        "brand": null,
        "brand:wikidata": null,
        "check_date:opening_hours": null,
        "name": "Star Grocery",
        "opening_hours": "Mo-Sa 09:00-18:00; Su 10:00-15:00",
        "phone": "+1 510-652-2490",
        "ref": null,
        "shop": "supermarket",
        "website": "https://m.facebook.com/stargroceryberkeley/",
        "wheelchair": null,
        "air_conditioning": null,
        "addr:housename": null,
        "level": null,
        "alt_name": null,
        "amenity": null,
        "cuisine": null,
        "diet:halal": null,
        "indoor_seating": null,
        "outdoor_seating": null,
        "building": null,
        "operator": null,
        "organic": null,
        "check_date": null,
        "short_name": null,
        "designation": null,
        "parking": null,
        "building:levels": null,
        "diet:kosher": null,
        "payment:credit_cards": null,
        "payment:debit_cards": null,
        "addr:country": null,
        "wikidata": null,
        "wikipedia": null,
        "contact:instagram": null,
        "contact:phone": null,
        "contact:website": null,
        "source": null,
        "official_name": null,
        "roof:levels": null,
        "building:part": null,
        "drinking_water": null,
        "toilets": null,
        "toilets:disposal": null,
        "toilets:wheelchair": null,
        "old_name": null,
        "comments": null,
        "building_1": null,
        "building_2": null,
        "payment:mastercard": null,
        "payment:visa": null,
        "historic": null,
        "historic:alt_name": null,
        "historic:name": null,
        "start_date": null
      },
      "geometry": {
        "type": "Point",
        "coordinates": [
          -122.2482299,
          37.8547256
        ]
      }
    },
    {
      "id": "7",
      "type": "Feature",
      "properties": {
        "element": "node",
        "id": 775881481,
        "addr:city": "Berkeley",
        "addr:housenumber": "1885",
        "addr:postcode": "94703",
        "addr:state": "CA",
        "addr:street": "University Avenue",
        "branch": "Berkeley",
        "brand": "Trader Joe's",
        "brand:wikidata": "Q688825",
        "check_date:opening_hours": null,
        "name": "Trader Joe's",
        "opening_hours": "Mo-Su 08:00-21:00",
        "phone": "+1 510-204-9074",
        "ref": "186",
        "shop": "supermarket",
        "website": "https://locations.traderjoes.com/ca/berkeley/186/",
        "wheelchair": "yes",
        "air_conditioning": null,
        "addr:housename": null,
        "level": null,
        "alt_name": null,
        "amenity": null,
        "cuisine": null,
        "diet:halal": null,
        "indoor_seating": null,
        "outdoor_seating": null,
        "building": null,
        "operator": null,
        "organic": null,
        "check_date": null,
        "short_name": null,
        "designation": null,
        "parking": null,
        "building:levels": null,
        "diet:kosher": null,
        "payment:credit_cards": null,
        "payment:debit_cards": null,
        "addr:country": null,
        "wikidata": null,
        "wikipedia": null,
        "contact:instagram": null,
        "contact:phone": null,
        "contact:website": null,
        "source": null,
        "official_name": null,
        "roof:levels": null,
        "building:part": null,
        "drinking_water": null,
        "toilets": null,
        "toilets:disposal": null,
        "toilets:wheelchair": null,
        "old_name": null,
        "comments": null,
        "building_1": null,
        "building_2": null,
        "payment:mastercard": null,
        "payment:visa": null,
        "historic": null,
        "historic:alt_name": null,
        "historic:name": null,
        "start_date": null
      },
      "geometry": {
        "type": "Point",
        "coordinates": [
          -122.2732154,
          37.8717025
        ]
      }
    },
    {
      "id": "8",
      "type": "Feature",
      "properties": {
        "element": "node",
        "id": 910883477,
        "addr:city": null,
        "addr:housenumber": null,
        "addr:postcode": null,
        "addr:state": null,
        "addr:street": "9th Street",
        "branch": null,
        "brand": null,
        "brand:wikidata": null,
        "check_date:opening_hours": null,
        "name": "Milan Indian Grocery",
        "opening_hours": "Tu-Su 09:30-18:30",
        "phone": null,
        "ref": null,
        "shop": "supermarket",
        "website": null,
        "wheelchair": "limited",
        "air_conditioning": null,
        "addr:housename": null,
        "level": null,
        "alt_name": null,
        "amenity": null,
        "cuisine": null,
        "diet:halal": null,
        "indoor_seating": null,
        "outdoor_seating": null,
        "building": null,
        "operator": null,
        "organic": null,
        "check_date": null,
        "short_name": null,
        "designation": null,
        "parking": null,
        "building:levels": null,
        "diet:kosher": null,
        "payment:credit_cards": null,
        "payment:debit_cards": null,
        "addr:country": null,
        "wikidata": null,
        "wikipedia": null,
        "contact:instagram": null,
        "contact:phone": null,
        "contact:website": null,
        "source": null,
        "official_name": null,
        "roof:levels": null,
        "building:part": null,
        "drinking_water": null,
        "toilets": null,
        "toilets:disposal": null,
        "toilets:wheelchair": null,
        "old_name": null,
        "comments": null,
        "building_1": null,
        "building_2": null,
        "payment:mastercard": null,
        "payment:visa": null,
        "historic": null,
        "historic:alt_name": null,
        "historic:name": null,
        "start_date": null
      },
      "geometry": {
        "type": "Point",
        "coordinates": [
          -122.29451,
          37.8683448
        ]
      }
    },
    {
      "id": "9",
      "type": "Feature",
      "properties": {
        "element": "node",
        "id": 910883497,
        "addr:city": null,
        "addr:housenumber": null,
        "addr:postcode": null,
        "addr:state": null,
        "addr:street": "San Pablo Avenue",
        "branch": null,
        "brand": null,
        "brand:wikidata": null,
        "check_date:opening_hours": null,
        "name": "Mi Tierra",
        "opening_hours": "Mo-Su 06:30-20:00",
        "phone": "+1-510-540-8946",
        "ref": null,
        "shop": "supermarket",
        "website": null,
        "wheelchair": null,
        "air_conditioning": null,
        "addr:housename": null,
        "level": null,
        "alt_name": null,
        "amenity": null,
        "cuisine": null,
        "diet:halal": null,
        "indoor_seating": null,
        "outdoor_seating": null,
        "building": null,
        "operator": null,
        "organic": null,
        "check_date": null,
        "short_name": null,
        "designation": null,
        "parking": null,
        "building:levels": null,
        "diet:kosher": null,
        "payment:credit_cards": null,
        "payment:debit_cards": null,
        "addr:country": null,
        "wikidata": null,
        "wikipedia": null,
        "contact:instagram": null,
        "contact:phone": null,
        "contact:website": null,
        "source": null,
        "official_name": null,
        "roof:levels": null,
        "building:part": null,
        "drinking_water": null,
        "toilets": null,
        "toilets:disposal": null,
        "toilets:wheelchair": null,
        "old_name": null,
        "comments": null,
        "building_1": null,
        "building_2": null,
        "payment:mastercard": null,
        "payment:visa": null,
        "historic": null,
        "historic:alt_name": null,
        "historic:name": null,
        "start_date": null
      },
      "geometry": {
        "type": "Point",
        "coordinates": [
          -122.2919929,
          37.8679107
        ]
      }
    },
    {
      "id": "10",
      "type": "Feature",
      "properties": {
        "element": "node",
        "id": 1247598192,
        "addr:city": null,
        "addr:housenumber": null,
        "addr:postcode": null,
        "addr:state": null,
        "addr:street": null,
        "branch": null,
        "brand": null,
        "brand:wikidata": null,
        "check_date:opening_hours": null,
        "name": "Foodnet",
        "opening_hours": null,
        "phone": null,
        "ref": null,
        "shop": "supermarket",
        "website": null,
        "wheelchair": null,
        "air_conditioning": null,
        "addr:housename": null,
        "level": null,
        "alt_name": null,
        "amenity": null,
        "cuisine": null,
        "diet:halal": null,
        "indoor_seating": null,
        "outdoor_seating": null,
        "building": null,
        "operator": null,
        "organic": null,
        "check_date": null,
        "short_name": null,
        "designation": null,
        "parking": null,
        "building:levels": null,
        "diet:kosher": null,
        "payment:credit_cards": null,
        "payment:debit_cards": null,
        "addr:country": null,
        "wikidata": null,
        "wikipedia": null,
        "contact:instagram": null,
        "contact:phone": null,
        "contact:website": null,
        "source": null,
        "official_name": null,
        "roof:levels": null,
        "building:part": null,
        "drinking_water": null,
        "toilets": null,
        "toilets:disposal": null,
        "toilets:wheelchair": null,
        "old_name": null,
        "comments": null,
        "building_1": null,
        "building_2": null,
        "payment:mastercard": null,
        "payment:visa": null,
        "historic": null,
        "historic:alt_name": null,
        "historic:name": null,
        "start_date": null
      },
      "geometry": {
        "type": "Point",
        "coordinates": [
          -122.154365,
          37.6793441
        ]
      }
    },
    {
      "id": "11",
      "type": "Feature",
      "properties": {
        "element": "node",
        "id": 1305397495,
        "addr:city": null,
        "addr:housenumber": null,
        "addr:postcode": null,
        "addr:state": null,
        "addr:street": null,
        "branch": null,
        "brand": null,
        "brand:wikidata": null,
        "check_date:opening_hours": null,
        "name": "Gateway Grocery",
        "opening_hours": null,
        "phone": null,
        "ref": null,
        "shop": "supermarket",
        "website": null,
        "wheelchair": null,
        "air_conditioning": null,
        "addr:housename": null,
        "level": null,
        "alt_name": null,
        "amenity": null,
        "cuisine": null,
        "diet:halal": null,
        "indoor_seating": null,
        "outdoor_seating": null,
        "building": null,
        "operator": null,
        "organic": null,
        "check_date": null,
        "short_name": null,
        "designation": null,
        "parking": null,
        "building:levels": null,
        "diet:kosher": null,
        "payment:credit_cards": null,
        "payment:debit_cards": null,
        "addr:country": null,
        "wikidata": null,
        "wikipedia": null,
        "contact:instagram": null,
        "contact:phone": null,
        "contact:website": null,
        "source": null,
        "official_name": null,
        "roof:levels": null,
        "building:part": null,
        "drinking_water": null,
        "toilets": null,
        "toilets:disposal": null,
        "toilets:wheelchair": null,
        "old_name": null,
        "comments": null,
        "building_1": null,
        "building_2": null,
        "payment:mastercard": null,
        "payment:visa": null,
        "historic": null,
        "historic:alt_name": null,
        "historic:name": null,
        "start_date": null
      },
      "geometry": {
        "type": "Point",
        "coordinates": [
          -122.283254,
          37.8423296
        ]
      }
    },
    {
      "id": "12",
      "type": "Feature",
      "properties": {
        "element": "node",
        "id": 1378041461,
        "addr:city": null,
        "addr:housenumber": null,
        "addr:postcode": null,
        "addr:state": null,
        "addr:street": null,
        "branch": null,
        "brand": null,
        "brand:wikidata": null,
        "check_date:opening_hours": null,
        "name": "Lakeshore Natural Foods",
        "opening_hours": "Mo-Sa 10:00-18:00; Su 12:00-17:00",
        "phone": "+1-510-452-1079",
        "ref": null,
        "shop": "supermarket",
        "website": "https://lakeshorenatural.com/",
        "wheelchair": null,
        "air_conditioning": null,
        "addr:housename": null,
        "level": null,
        "alt_name": null,
        "amenity": null,
        "cuisine": null,
        "diet:halal": null,
        "indoor_seating": null,
        "outdoor_seating": null,
        "building": null,
        "operator": null,
        "organic": null,
        "check_date": null,
        "short_name": null,
        "designation": null,
        "parking": null,
        "building:levels": null,
        "diet:kosher": null,
        "payment:credit_cards": null,
        "payment:debit_cards": null,
        "addr:country": null,
        "wikidata": null,
        "wikipedia": null,
        "contact:instagram": null,
        "contact:phone": null,
        "contact:website": null,
        "source": null,
        "official_name": null,
        "roof:levels": null,
        "building:part": null,
        "drinking_water": null,
        "toilets": null,
        "toilets:disposal": null,
        "toilets:wheelchair": null,
        "old_name": null,
        "comments": null,
        "building_1": null,
        "building_2": null,
        "payment:mastercard": null,
        "payment:visa": null,
        "historic": null,
        "historic:alt_name": null,
        "historic:name": null,
        "start_date": null
      },
      "geometry": {
        "type": "Point",
        "coordinates": [
          -122.2439078,
          37.8109894
        ]
      }
    },
    {
      "id": "13",
      "type": "Feature",
      "properties": {
        "element": "node",
        "id": 1643851282,
        "addr:city": "Alameda",
        "addr:housenumber": "867",
        "addr:postcode": "94502",
        "addr:state": "CA",
        "addr:street": "Island Drive",
        "branch": null,
        "brand": "Safeway",
        "brand:wikidata": "Q1508234",
        "check_date:opening_hours": null,
        "name": "Safeway",
        "opening_hours": null,
        "phone": "+1 510-521-4833",
        "ref": null,
        "shop": "supermarket",
        "website": "https://local.safeway.com/safeway/ca/alameda/867-island-dr.html",
        "wheelchair": "yes",
        "air_conditioning": "yes",
        "addr:housename": null,
        "level": null,
        "alt_name": null,
        "amenity": null,
        "cuisine": null,
        "diet:halal": null,
        "indoor_seating": null,
        "outdoor_seating": null,
        "building": null,
        "operator": null,
        "organic": null,
        "check_date": null,
        "short_name": null,
        "designation": null,
        "parking": null,
        "building:levels": null,
        "diet:kosher": null,
        "payment:credit_cards": null,
        "payment:debit_cards": null,
        "addr:country": null,
        "wikidata": null,
        "wikipedia": null,
        "contact:instagram": null,
        "contact:phone": null,
        "contact:website": null,
        "source": null,
        "official_name": null,
        "roof:levels": null,
        "building:part": null,
        "drinking_water": null,
        "toilets": null,
        "toilets:disposal": null,
        "toilets:wheelchair": null,
        "old_name": null,
        "comments": null,
        "building_1": null,
        "building_2": null,
        "payment:mastercard": null,
        "payment:visa": null,
        "historic": null,
        "historic:alt_name": null,
        "historic:name": null,
        "start_date": null
      },
      "geometry": {
        "type": "Point",
        "coordinates": [
          -122.239576,
          37.7377092
        ]
      }
    },
    {
      "id": "14",
      "type": "Feature",
      "properties": {
        "element": "node",
        "id": 1707556416,
        "addr:city": null,
        "addr:housenumber": "5000",
        "addr:postcode": null,
        "addr:state": null,
        "addr:street": "Woodminster Lane",
        "branch": null,
        "brand": null,
        "brand:wikidata": null,
        "check_date:opening_hours": null,
        "name": "Woodminster Market",
        "opening_hours": null,
        "phone": null,
        "ref": null,
        "shop": "supermarket",
        "website": null,
        "wheelchair": null,
        "air_conditioning": null,
        "addr:housename": null,
        "level": null,
        "alt_name": null,
        "amenity": null,
        "cuisine": null,
        "diet:halal": null,
        "indoor_seating": null,
        "outdoor_seating": null,
        "building": null,
        "operator": null,
        "organic": null,
        "check_date": null,
        "short_name": null,
        "designation": null,
        "parking": null,
        "building:levels": null,
        "diet:kosher": null,
        "payment:credit_cards": null,
        "payment:debit_cards": null,
        "addr:country": null,
        "wikidata": null,
        "wikipedia": null,
        "contact:instagram": null,
        "contact:phone": null,
        "contact:website": null,
        "source": null,
        "official_name": null,
        "roof:levels": null,
        "building:part": null,
        "drinking_water": null,
        "toilets": null,
        "toilets:disposal": null,
        "toilets:wheelchair": null,
        "old_name": null,
        "comments": null,
        "building_1": null,
        "building_2": null,
        "payment:mastercard": null,
        "payment:visa": null,
        "historic": null,
        "historic:alt_name": null,
        "historic:name": null,
        "start_date": null
      },
      "geometry": {
        "type": "Point",
        "coordinates": [
          -122.1971997,
          37.811192
        ]
      }
    },
    {
      "id": "15",
      "type": "Feature",
      "properties": {
        "element": "node",
        "id": 2412716300,
        "addr:city": null,
        "addr:housenumber": "178",
        "addr:postcode": "94607",
        "addr:state": null,
        "addr:street": "10th Street",
        "branch": null,
        "brand": null,
        "brand:wikidata": null,
        "check_date:opening_hours": null,
        "name": "hk outlets",
        "opening_hours": null,
        "phone": null,
        "ref": null,
        "shop": "supermarket",
        "website": null,
        "wheelchair": null,
        "air_conditioning": null,
        "addr:housename": "hk outlets",
        "level": null,
        "alt_name": null,
        "amenity": null,
        "cuisine": null,
        "diet:halal": null,
        "indoor_seating": null,
        "outdoor_seating": null,
        "building": null,
        "operator": null,
        "organic": null,
        "check_date": null,
        "short_name": null,
        "designation": null,
        "parking": null,
        "building:levels": null,
        "diet:kosher": null,
        "payment:credit_cards": null,
        "payment:debit_cards": null,
        "addr:country": null,
        "wikidata": null,
        "wikipedia": null,
        "contact:instagram": null,
        "contact:phone": null,
        "contact:website": null,
        "source": null,
        "official_name": null,
        "roof:levels": null,
        "building:part": null,
        "drinking_water": null,
        "toilets": null,
        "toilets:disposal": null,
        "toilets:wheelchair": null,
        "old_name": null,
        "comments": null,
        "building_1": null,
        "building_2": null,
        "payment:mastercard": null,
        "payment:visa": null,
        "historic": null,
        "historic:alt_name": null,
        "historic:name": null,
        "start_date": null
      },
      "geometry": {
        "type": "Point",
        "coordinates": [
          -122.2664057,
          37.7991623
        ]
      }
    },
    {
      "id": "16",
      "type": "Feature",
      "properties": {
        "element": "node",
        "id": 2416941915,
        "addr:city": null,
        "addr:housenumber": "241",
        "addr:postcode": null,
        "addr:state": null,
        "addr:street": "10th Street",
        "branch": null,
        "brand": null,
        "brand:wikidata": null,
        "check_date:opening_hours": null,
        "name": "Hometown Grocery",
        "opening_hours": null,
        "phone": null,
        "ref": null,
        "shop": "supermarket",
        "website": null,
        "wheelchair": null,
        "air_conditioning": null,
        "addr:housename": null,
        "level": null,
        "alt_name": null,
        "amenity": null,
        "cuisine": null,
        "diet:halal": null,
        "indoor_seating": null,
        "outdoor_seating": null,
        "building": null,
        "operator": null,
        "organic": null,
        "check_date": null,
        "short_name": null,
        "designation": null,
        "parking": null,
        "building:levels": null,
        "diet:kosher": null,
        "payment:credit_cards": null,
        "payment:debit_cards": null,
        "addr:country": null,
        "wikidata": null,
        "wikipedia": null,
        "contact:instagram": null,
        "contact:phone": null,
        "contact:website": null,
        "source": null,
        "official_name": null,
        "roof:levels": null,
        "building:part": null,
        "drinking_water": null,
        "toilets": null,
        "toilets:disposal": null,
        "toilets:wheelchair": null,
        "old_name": null,
        "comments": null,
        "building_1": null,
        "building_2": null,
        "payment:mastercard": null,
        "payment:visa": null,
        "historic": null,
        "historic:alt_name": null,
        "historic:name": null,
        "start_date": null
      },
      "geometry": {
        "type": "Point",
        "coordinates": [
          -122.267846,
          37.7994307
        ]
      }
    },
    {
      "id": "17",
      "type": "Feature",
      "properties": {
        "element": "node",
        "id": 2416945139,
        "addr:city": null,
        "addr:housenumber": "325",
        "addr:postcode": null,
        "addr:state": null,
        "addr:street": "10th Street",
        "branch": null,
        "brand": null,
        "brand:wikidata": null,
        "check_date:opening_hours": null,
        "name": "LG Supermarket",
        "opening_hours": null,
        "phone": null,
        "ref": null,
        "shop": "supermarket",
        "website": null,
        "wheelchair": null,
        "air_conditioning": null,
        "addr:housename": null,
        "level": null,
        "alt_name": null,
        "amenity": null,
        "cuisine": null,
        "diet:halal": null,
        "indoor_seating": null,
        "outdoor_seating": null,
        "building": null,
        "operator": null,
        "organic": null,
        "check_date": null,
        "short_name": null,
        "designation": null,
        "parking": null,
        "building:levels": null,
        "diet:kosher": null,
        "payment:credit_cards": null,
        "payment:debit_cards": null,
        "addr:country": null,
        "wikidata": null,
        "wikipedia": null,
        "contact:instagram": null,
        "contact:phone": null,
        "contact:website": null,
        "source": null,
        "official_name": null,
        "roof:levels": null,
        "building:part": null,
        "drinking_water": null,
        "toilets": null,
        "toilets:disposal": null,
        "toilets:wheelchair": null,
        "old_name": null,
        "comments": null,
        "building_1": null,
        "building_2": null,
        "payment:mastercard": null,
        "payment:visa": null,
        "historic": null,
        "historic:alt_name": null,
        "historic:name": null,
        "start_date": null
      },
      "geometry": {
        "type": "Point",
        "coordinates": [
          -122.2700186,
          37.8002901
        ]
      }
    },
    {
      "id": "18",
      "type": "Feature",
      "properties": {
        "element": "node",
        "id": 2487652502,
        "addr:city": "Oakland",
        "addr:housenumber": "6310",
        "addr:postcode": "94618",
        "addr:state": "CA",
        "addr:street": "College Avenue",
        "branch": null,
        "brand": "Safeway",
        "brand:wikidata": "Q1508234",
        "check_date:opening_hours": null,
        "name": "Safeway",
        "opening_hours": "Mo-Su 05:00-00:00",
        "phone": "+1 510-985-0012",
        "ref": null,
        "shop": "supermarket",
        "website": "https://local.safeway.com/safeway/ca/oakland/6310-college-ave.html",
        "wheelchair": "yes",
        "air_conditioning": null,
        "addr:housename": null,
        "level": "0",
        "alt_name": null,
        "amenity": null,
        "cuisine": null,
        "diet:halal": null,
        "indoor_seating": null,
        "outdoor_seating": null,
        "building": null,
        "operator": null,
        "organic": null,
        "check_date": null,
        "short_name": null,
        "designation": null,
        "parking": null,
        "building:levels": null,
        "diet:kosher": null,
        "payment:credit_cards": null,
        "payment:debit_cards": null,
        "addr:country": null,
        "wikidata": null,
        "wikipedia": null,
        "contact:instagram": null,
        "contact:phone": null,
        "contact:website": null,
        "source": null,
        "official_name": null,
        "roof:levels": null,
        "building:part": null,
        "drinking_water": null,
        "toilets": null,
        "toilets:disposal": null,
        "toilets:wheelchair": null,
        "old_name": null,
        "comments": null,
        "building_1": null,
        "building_2": null,
        "payment:mastercard": null,
        "payment:visa": null,
        "historic": null,
        "historic:alt_name": null,
        "historic:name": null,
        "start_date": null
      },
      "geometry": {
        "type": "Point",
        "coordinates": [
          -122.25203,
          37.8506081
        ]
      }
    },
    {
      "id": "19",
      "type": "Feature",
      "properties": {
        "element": "node",
        "id": 2838479530,
        "addr:city": "Oakland",
        "addr:housenumber": "4000",
        "addr:postcode": "94611",
        "addr:state": null,
        "addr:street": "Piedmont Avenue",
        "branch": null,
        "brand": null,
        "brand:wikidata": null,
        "check_date:opening_hours": null,
        "name": "Monte Vista Food Center",
        "opening_hours": "Mo-Su 09:00-18:00",
        "phone": null,
        "ref": null,
        "shop": "supermarket",
        "website": null,
        "wheelchair": null,
        "air_conditioning": null,
        "addr:housename": null,
        "level": null,
        "alt_name": null,
        "amenity": null,
        "cuisine": null,
        "diet:halal": null,
        "indoor_seating": null,
        "outdoor_seating": null,
        "building": null,
        "operator": null,
        "organic": null,
        "check_date": null,
        "short_name": null,
        "designation": null,
        "parking": null,
        "building:levels": null,
        "diet:kosher": null,
        "payment:credit_cards": null,
        "payment:debit_cards": null,
        "addr:country": null,
        "wikidata": null,
        "wikipedia": null,
        "contact:instagram": null,
        "contact:phone": null,
        "contact:website": null,
        "source": null,
        "official_name": null,
        "roof:levels": null,
        "building:part": null,
        "drinking_water": null,
        "toilets": null,
        "toilets:disposal": null,
        "toilets:wheelchair": null,
        "old_name": null,
        "comments": null,
        "building_1": null,
        "building_2": null,
        "payment:mastercard": null,
        "payment:visa": null,
        "historic": null,
        "historic:alt_name": null,
        "historic:name": null,
        "start_date": null
      },
      "geometry": {
        "type": "Point",
        "coordinates": [
          -122.2534898,
          37.8254386
        ]
      }
    },
    {
      "id": "20",
      "type": "Feature",
      "properties": {
        "element": "node",
        "id": 3192694042,
        "addr:city": null,
        "addr:housenumber": null,
        "addr:postcode": null,
        "addr:state": null,
        "addr:street": null,
        "branch": null,
        "brand": null,
        "brand:wikidata": null,
        "check_date:opening_hours": null,
        "name": "FoodMax",
        "opening_hours": null,
        "phone": null,
        "ref": null,
        "shop": "supermarket",
        "website": null,
        "wheelchair": null,
        "air_conditioning": null,
        "addr:housename": null,
        "level": null,
        "alt_name": null,
        "amenity": null,
        "cuisine": null,
        "diet:halal": null,
        "indoor_seating": null,
        "outdoor_seating": null,
        "building": null,
        "operator": null,
        "organic": null,
        "check_date": null,
        "short_name": null,
        "designation": null,
        "parking": null,
        "building:levels": null,
        "diet:kosher": null,
        "payment:credit_cards": null,
        "payment:debit_cards": null,
        "addr:country": null,
        "wikidata": null,
        "wikipedia": null,
        "contact:instagram": null,
        "contact:phone": null,
        "contact:website": null,
        "source": null,
        "official_name": null,
        "roof:levels": null,
        "building:part": null,
        "drinking_water": null,
        "toilets": null,
        "toilets:disposal": null,
        "toilets:wheelchair": null,
        "old_name": null,
        "comments": null,
        "building_1": null,
        "building_2": null,
        "payment:mastercard": null,
        "payment:visa": null,
        "historic": null,
        "historic:alt_name": null,
        "historic:name": null,
        "start_date": null
      },
      "geometry": {
        "type": "Point",
        "coordinates": [
          -122.1352281,
          37.6877467
        ]
      }
    },
    {
      "id": "21",
      "type": "Feature",
      "properties": {
        "element": "node",
        "id": 3565153877,
        "addr:city": "Oakland",
        "addr:housenumber": "400",
        "addr:postcode": "94607",
        "addr:state": "CA",
        "addr:street": "Oak Street",
        "branch": null,
        "brand": null,
        "brand:wikidata": null,
        "check_date:opening_hours": null,
        "name": "Cash & Carry",
        "opening_hours": null,
        "phone": null,
        "ref": null,
        "shop": "supermarket",
        "website": null,
        "wheelchair": null,
        "air_conditioning": null,
        "addr:housename": null,
        "level": null,
        "alt_name": null,
        "amenity": null,
        "cuisine": null,
        "diet:halal": null,
        "indoor_seating": null,
        "outdoor_seating": null,
        "building": null,
        "operator": null,
        "organic": null,
        "check_date": null,
        "short_name": null,
        "designation": null,
        "parking": null,
        "building:levels": null,
        "diet:kosher": null,
        "payment:credit_cards": null,
        "payment:debit_cards": null,
        "addr:country": null,
        "wikidata": null,
        "wikipedia": null,
        "contact:instagram": null,
        "contact:phone": null,
        "contact:website": null,
        "source": null,
        "official_name": null,
        "roof:levels": null,
        "building:part": null,
        "drinking_water": null,
        "toilets": null,
        "toilets:disposal": null,
        "toilets:wheelchair": null,
        "old_name": null,
        "comments": null,
        "building_1": null,
        "building_2": null,
        "payment:mastercard": null,
        "payment:visa": null,
        "historic": null,
        "historic:alt_name": null,
        "historic:name": null,
        "start_date": null
      },
      "geometry": {
        "type": "Point",
        "coordinates": [
          -122.2672304,
          37.7937589
        ]
      }
    },
    {
      "id": "22",
      "type": "Feature",
      "properties": {
        "element": "node",
        "id": 3799894173,
        "addr:city": null,
        "addr:housenumber": null,
        "addr:postcode": null,
        "addr:state": null,
        "addr:street": null,
        "branch": null,
        "brand": null,
        "brand:wikidata": null,
        "check_date:opening_hours": null,
        "name": "Gazzail's Supermarket",
        "opening_hours": null,
        "phone": null,
        "ref": null,
        "shop": "supermarket",
        "website": null,
        "wheelchair": null,
        "air_conditioning": null,
        "addr:housename": null,
        "level": null,
        "alt_name": null,
        "amenity": null,
        "cuisine": null,
        "diet:halal": null,
        "indoor_seating": null,
        "outdoor_seating": null,
        "building": null,
        "operator": null,
        "organic": null,
        "check_date": null,
        "short_name": null,
        "designation": null,
        "parking": null,
        "building:levels": null,
        "diet:kosher": null,
        "payment:credit_cards": null,
        "payment:debit_cards": null,
        "addr:country": null,
        "wikidata": null,
        "wikipedia": null,
        "contact:instagram": null,
        "contact:phone": null,
        "contact:website": null,
        "source": null,
        "official_name": null,
        "roof:levels": null,
        "building:part": null,
        "drinking_water": null,
        "toilets": null,
        "toilets:disposal": null,
        "toilets:wheelchair": null,
        "old_name": null,
        "comments": null,
        "building_1": null,
        "building_2": null,
        "payment:mastercard": null,
        "payment:visa": null,
        "historic": null,
        "historic:alt_name": null,
        "historic:name": null,
        "start_date": null
      },
      "geometry": {
        "type": "Point",
        "coordinates": [
          -122.1774582,
          37.7677359
        ]
      }
    },
    {
      "id": "23",
      "type": "Feature",
      "properties": {
        "element": "node",
        "id": 3933170764,
        "addr:city": "Oakland",
        "addr:housenumber": "547",
        "addr:postcode": "94607",
        "addr:state": "CA",
        "addr:street": "8th Street",
        "branch": null,
        "brand": null,
        "brand:wikidata": null,
        "check_date:opening_hours": null,
        "name": "Man Must Wak",
        "opening_hours": "Mo-Sa 09:30-18:30; Su 10:00-17:00",
        "phone": "+1-510-444-2841",
        "ref": null,
        "shop": "grocery",
        "website": "https://manmustwak.net/",
        "wheelchair": null,
        "air_conditioning": null,
        "addr:housename": null,
        "level": null,
        "alt_name": null,
        "amenity": null,
        "cuisine": null,
        "diet:halal": null,
        "indoor_seating": null,
        "outdoor_seating": null,
        "building": null,
        "operator": null,
        "organic": null,
        "check_date": null,
        "short_name": null,
        "designation": null,
        "parking": null,
        "building:levels": null,
        "diet:kosher": null,
        "payment:credit_cards": null,
        "payment:debit_cards": null,
        "addr:country": null,
        "wikidata": null,
        "wikipedia": null,
        "contact:instagram": null,
        "contact:phone": null,
        "contact:website": null,
        "source": null,
        "official_name": null,
        "roof:levels": null,
        "building:part": null,
        "drinking_water": null,
        "toilets": null,
        "toilets:disposal": null,
        "toilets:wheelchair": null,
        "old_name": null,
        "comments": null,
        "building_1": null,
        "building_2": null,
        "payment:mastercard": null,
        "payment:visa": null,
        "historic": null,
        "historic:alt_name": null,
        "historic:name": null,
        "start_date": null
      },
      "geometry": {
        "type": "Point",
        "coordinates": [
          -122.2761018,
          37.8009569
        ]
      }
    },
    {
      "id": "24",
      "type": "Feature",
      "properties": {
        "element": "node",
        "id": 3934277166,
        "addr:city": null,
        "addr:housenumber": null,
        "addr:postcode": null,
        "addr:state": null,
        "addr:street": null,
        "branch": null,
        "brand": "FoodMaxx",
        "brand:wikidata": "Q61894844",
        "check_date:opening_hours": null,
        "name": "FoodMaxx",
        "opening_hours": null,
        "phone": null,
        "ref": null,
        "shop": "supermarket",
        "website": null,
        "wheelchair": null,
        "air_conditioning": null,
        "addr:housename": null,
        "level": null,
        "alt_name": null,
        "amenity": null,
        "cuisine": null,
        "diet:halal": null,
        "indoor_seating": null,
        "outdoor_seating": null,
        "building": null,
        "operator": null,
        "organic": null,
        "check_date": null,
        "short_name": null,
        "designation": null,
        "parking": null,
        "building:levels": null,
        "diet:kosher": null,
        "payment:credit_cards": null,
        "payment:debit_cards": null,
        "addr:country": null,
        "wikidata": null,
        "wikipedia": null,
        "contact:instagram": null,
        "contact:phone": null,
        "contact:website": null,
        "source": null,
        "official_name": null,
        "roof:levels": null,
        "building:part": null,
        "drinking_water": null,
        "toilets": null,
        "toilets:disposal": null,
        "toilets:wheelchair": null,
        "old_name": null,
        "comments": null,
        "building_1": null,
        "building_2": null,
        "payment:mastercard": null,
        "payment:visa": null,
        "historic": null,
        "historic:alt_name": null,
        "historic:name": null,
        "start_date": null
      },
      "geometry": {
        "type": "Point",
        "coordinates": [
          -122.1635413,
          37.7370516
        ]
      }
    },
    {
      "id": "25",
      "type": "Feature",
      "properties": {
        "element": "node",
        "id": 3992953178,
        "addr:city": null,
        "addr:housenumber": null,
        "addr:postcode": null,
        "addr:state": null,
        "addr:street": null,
        "branch": null,
        "brand": null,
        "brand:wikidata": null,
        "check_date:opening_hours": null,
        "name": "New Dic's Supermarket",
        "opening_hours": null,
        "phone": null,
        "ref": null,
        "shop": "supermarket",
        "website": null,
        "wheelchair": null,
        "air_conditioning": null,
        "addr:housename": null,
        "level": null,
        "alt_name": "Tan Duc Supermarket",
        "amenity": null,
        "cuisine": null,
        "diet:halal": null,
        "indoor_seating": null,
        "outdoor_seating": null,
        "building": null,
        "operator": null,
        "organic": null,
        "check_date": null,
        "short_name": null,
        "designation": null,
        "parking": null,
        "building:levels": null,
        "diet:kosher": null,
        "payment:credit_cards": null,
        "payment:debit_cards": null,
        "addr:country": null,
        "wikidata": null,
        "wikipedia": null,
        "contact:instagram": null,
        "contact:phone": null,
        "contact:website": null,
        "source": null,
        "official_name": null,
        "roof:levels": null,
        "building:part": null,
        "drinking_water": null,
        "toilets": null,
        "toilets:disposal": null,
        "toilets:wheelchair": null,
        "old_name": null,
        "comments": null,
        "building_1": null,
        "building_2": null,
        "payment:mastercard": null,
        "payment:visa": null,
        "historic": null,
        "historic:alt_name": null,
        "historic:name": null,
        "start_date": null
      },
      "geometry": {
        "type": "Point",
        "coordinates": [
          -122.271586,
          37.8000479
        ]
      }
    },
    {
      "id": "26",
      "type": "Feature",
      "properties": {
        "element": "node",
        "id": 3992986699,
        "addr:city": null,
        "addr:housenumber": null,
        "addr:postcode": null,
        "addr:state": null,
        "addr:street": null,
        "branch": null,
        "brand": null,
        "brand:wikidata": null,
        "check_date:opening_hours": null,
        "name": "Won Kee Supermarket",
        "opening_hours": null,
        "phone": null,
        "ref": null,
        "shop": "supermarket",
        "website": null,
        "wheelchair": null,
        "air_conditioning": null,
        "addr:housename": null,
        "level": null,
        "alt_name": null,
        "amenity": null,
        "cuisine": null,
        "diet:halal": null,
        "indoor_seating": null,
        "outdoor_seating": null,
        "building": null,
        "operator": null,
        "organic": null,
        "check_date": null,
        "short_name": null,
        "designation": null,
        "parking": null,
        "building:levels": null,
        "diet:kosher": null,
        "payment:credit_cards": null,
        "payment:debit_cards": null,
        "addr:country": null,
        "wikidata": null,
        "wikipedia": null,
        "contact:instagram": null,
        "contact:phone": null,
        "contact:website": null,
        "source": null,
        "official_name": null,
        "roof:levels": null,
        "building:part": null,
        "drinking_water": null,
        "toilets": null,
        "toilets:disposal": null,
        "toilets:wheelchair": null,
        "old_name": null,
        "comments": null,
        "building_1": null,
        "building_2": null,
        "payment:mastercard": null,
        "payment:visa": null,
        "historic": null,
        "historic:alt_name": null,
        "historic:name": null,
        "start_date": null
      },
      "geometry": {
        "type": "Point",
        "coordinates": [
          -122.2685094,
          37.7977739
        ]
      }
    },
    {
      "id": "27",
      "type": "Feature",
      "properties": {
        "element": "node",
        "id": 4052056117,
        "addr:city": null,
        "addr:housenumber": null,
        "addr:postcode": null,
        "addr:state": null,
        "addr:street": null,
        "branch": null,
        "brand": "Lucky",
        "brand:wikidata": "Q6698032",
        "check_date:opening_hours": null,
        "name": "Lucky",
        "opening_hours": null,
        "phone": null,
        "ref": null,
        "shop": "supermarket",
        "website": null,
        "wheelchair": null,
        "air_conditioning": null,
        "addr:housename": null,
        "level": null,
        "alt_name": null,
        "amenity": null,
        "cuisine": null,
        "diet:halal": null,
        "indoor_seating": null,
        "outdoor_seating": null,
        "building": null,
        "operator": null,
        "organic": null,
        "check_date": null,
        "short_name": null,
        "designation": null,
        "parking": null,
        "building:levels": null,
        "diet:kosher": null,
        "payment:credit_cards": null,
        "payment:debit_cards": null,
        "addr:country": null,
        "wikidata": null,
        "wikipedia": null,
        "contact:instagram": null,
        "contact:phone": null,
        "contact:website": null,
        "source": null,
        "official_name": null,
        "roof:levels": null,
        "building:part": null,
        "drinking_water": null,
        "toilets": null,
        "toilets:disposal": null,
        "toilets:wheelchair": null,
        "old_name": null,
        "comments": null,
        "building_1": null,
        "building_2": null,
        "payment:mastercard": null,
        "payment:visa": null,
        "historic": null,
        "historic:alt_name": null,
        "historic:name": null,
        "start_date": null
      },
      "geometry": {
        "type": "Point",
        "coordinates": [
          -122.127139,
          37.6822024
        ]
      }
    },
    {
      "id": "28",
      "type": "Feature",
      "properties": {
        "element": "node",
        "id": 4134761495,
        "addr:city": null,
        "addr:housenumber": null,
        "addr:postcode": null,
        "addr:state": null,
        "addr:street": null,
        "branch": null,
        "brand": null,
        "brand:wikidata": null,
        "check_date:opening_hours": null,
        "name": "Supermercado Mi Pueblo",
        "opening_hours": null,
        "phone": null,
        "ref": null,
        "shop": "supermarket",
        "website": null,
        "wheelchair": null,
        "air_conditioning": null,
        "addr:housename": null,
        "level": null,
        "alt_name": null,
        "amenity": null,
        "cuisine": null,
        "diet:halal": null,
        "indoor_seating": null,
        "outdoor_seating": null,
        "building": null,
        "operator": null,
        "organic": null,
        "check_date": null,
        "short_name": null,
        "designation": null,
        "parking": null,
        "building:levels": null,
        "diet:kosher": null,
        "payment:credit_cards": null,
        "payment:debit_cards": null,
        "addr:country": null,
        "wikidata": null,
        "wikipedia": null,
        "contact:instagram": null,
        "contact:phone": null,
        "contact:website": null,
        "source": null,
        "official_name": null,
        "roof:levels": null,
        "building:part": null,
        "drinking_water": null,
        "toilets": null,
        "toilets:disposal": null,
        "toilets:wheelchair": null,
        "old_name": null,
        "comments": null,
        "building_1": null,
        "building_2": null,
        "payment:mastercard": null,
        "payment:visa": null,
        "historic": null,
        "historic:alt_name": null,
        "historic:name": null,
        "start_date": null
      },
      "geometry": {
        "type": "Point",
        "coordinates": [
          -122.2292107,
          37.7795816
        ]
      }
    },
    {
      "id": "29",
      "type": "Feature",
      "properties": {
        "element": "node",
        "id": 4220797224,
        "addr:city": null,
        "addr:housenumber": null,
        "addr:postcode": null,
        "addr:state": null,
        "addr:street": null,
        "branch": null,
        "brand": null,
        "brand:wikidata": null,
        "check_date:opening_hours": null,
        "name": "El Charro Supermarket",
        "opening_hours": null,
        "phone": null,
        "ref": null,
        "shop": "supermarket",
        "website": null,
        "wheelchair": null,
        "air_conditioning": null,
        "addr:housename": null,
        "level": null,
        "alt_name": null,
        "amenity": null,
        "cuisine": null,
        "diet:halal": null,
        "indoor_seating": null,
        "outdoor_seating": null,
        "building": null,
        "operator": null,
        "organic": null,
        "check_date": null,
        "short_name": null,
        "designation": null,
        "parking": null,
        "building:levels": null,
        "diet:kosher": null,
        "payment:credit_cards": null,
        "payment:debit_cards": null,
        "addr:country": null,
        "wikidata": null,
        "wikipedia": null,
        "contact:instagram": null,
        "contact:phone": null,
        "contact:website": null,
        "source": null,
        "official_name": null,
        "roof:levels": null,
        "building:part": null,
        "drinking_water": null,
        "toilets": null,
        "toilets:disposal": null,
        "toilets:wheelchair": null,
        "old_name": null,
        "comments": null,
        "building_1": null,
        "building_2": null,
        "payment:mastercard": null,
        "payment:visa": null,
        "historic": null,
        "historic:alt_name": null,
        "historic:name": null,
        "start_date": null
      },
      "geometry": {
        "type": "Point",
        "coordinates": [
          -122.2250463,
          37.7788521
        ]
      }
    },
    {
      "id": "30",
      "type": "Feature",
      "properties": {
        "element": "node",
        "id": 4611235501,
        "addr:city": "Oakland",
        "addr:housenumber": "5100",
        "addr:postcode": "94611",
        "addr:state": "CA",
        "addr:street": "Broadway",
        "branch": null,
        "brand": "Safeway",
        "brand:wikidata": "Q1508234",
        "check_date:opening_hours": null,
        "name": "Safeway",
        "opening_hours": "Mo-Su 05:00-02:00",
        "phone": "+1 510-285-0782",
        "ref": null,
        "shop": "supermarket",
        "website": "https://local.safeway.com/safeway/ca/oakland/5100-broadway.html",
        "wheelchair": "yes",
        "air_conditioning": null,
        "addr:housename": null,
        "level": null,
        "alt_name": null,
        "amenity": null,
        "cuisine": null,
        "diet:halal": null,
        "indoor_seating": null,
        "outdoor_seating": null,
        "building": null,
        "operator": null,
        "organic": null,
        "check_date": null,
        "short_name": null,
        "designation": null,
        "parking": null,
        "building:levels": null,
        "diet:kosher": null,
        "payment:credit_cards": null,
        "payment:debit_cards": null,
        "addr:country": null,
        "wikidata": null,
        "wikipedia": null,
        "contact:instagram": null,
        "contact:phone": null,
        "contact:website": null,
        "source": null,
        "official_name": null,
        "roof:levels": null,
        "building:part": null,
        "drinking_water": null,
        "toilets": null,
        "toilets:disposal": null,
        "toilets:wheelchair": null,
        "old_name": null,
        "comments": null,
        "building_1": null,
        "building_2": null,
        "payment:mastercard": null,
        "payment:visa": null,
        "historic": null,
        "historic:alt_name": null,
        "historic:name": null,
        "start_date": null
      },
      "geometry": {
        "type": "Point",
        "coordinates": [
          -122.248783,
          37.8347336
        ]
      }
    },
    {
      "id": "31",
      "type": "Feature",
      "properties": {
        "element": "node",
        "id": 6313658719,
        "addr:city": "Oakland",
        "addr:housenumber": "5650",
        "addr:postcode": null,
        "addr:state": "CA",
        "addr:street": "Market Street",
        "branch": null,
        "brand": null,
        "brand:wikidata": null,
        "check_date:opening_hours": null,
        "name": "Al Maida Hot Food and Market",
        "opening_hours": null,
        "phone": null,
        "ref": null,
        "shop": "grocery",
        "website": null,
        "wheelchair": null,
        "air_conditioning": null,
        "addr:housename": null,
        "level": null,
        "alt_name": null,
        "amenity": "restaurant",
        "cuisine": "pakistani;indian",
        "diet:halal": "yes",
        "indoor_seating": "yes",
        "outdoor_seating": "yes",
        "building": null,
        "operator": null,
        "organic": null,
        "check_date": null,
        "short_name": null,
        "designation": null,
        "parking": null,
        "building:levels": null,
        "diet:kosher": null,
        "payment:credit_cards": null,
        "payment:debit_cards": null,
        "addr:country": null,
        "wikidata": null,
        "wikipedia": null,
        "contact:instagram": null,
        "contact:phone": null,
        "contact:website": null,
        "source": null,
        "official_name": null,
        "roof:levels": null,
        "building:part": null,
        "drinking_water": null,
        "toilets": null,
        "toilets:disposal": null,
        "toilets:wheelchair": null,
        "old_name": null,
        "comments": null,
        "building_1": null,
        "building_2": null,
        "payment:mastercard": null,
        "payment:visa": null,
        "historic": null,
        "historic:alt_name": null,
        "historic:name": null,
        "start_date": null
      },
      "geometry": {
        "type": "Point",
        "coordinates": [
          -122.2741335,
          37.8410129
        ]
      }
    },
    {
      "id": "32",
      "type": "Feature",
      "properties": {
        "element": "node",
        "id": 7802120985,
        "addr:city": "Alameda",
        "addr:housenumber": "1202",
        "addr:postcode": "94501",
        "addr:state": "CA",
        "addr:street": "Chestnut Street",
        "branch": null,
        "brand": null,
        "brand:wikidata": null,
        "check_date:opening_hours": null,
        "name": "Chestnut Encinal Market",
        "opening_hours": "Mo-Su 09:00-20:00",
        "phone": "+1-510-995-8487",
        "ref": null,
        "shop": "grocery",
        "website": null,
        "wheelchair": null,
        "air_conditioning": null,
        "addr:housename": null,
        "level": null,
        "alt_name": null,
        "amenity": null,
        "cuisine": null,
        "diet:halal": null,
        "indoor_seating": null,
        "outdoor_seating": null,
        "building": "retail",
        "operator": "Chestnut Encinal Market",
        "organic": "yes",
        "check_date": null,
        "short_name": null,
        "designation": null,
        "parking": null,
        "building:levels": null,
        "diet:kosher": null,
        "payment:credit_cards": null,
        "payment:debit_cards": null,
        "addr:country": null,
        "wikidata": null,
        "wikipedia": null,
        "contact:instagram": null,
        "contact:phone": null,
        "contact:website": null,
        "source": null,
        "official_name": null,
        "roof:levels": null,
        "building:part": null,
        "drinking_water": null,
        "toilets": null,
        "toilets:disposal": null,
        "toilets:wheelchair": null,
        "old_name": null,
        "comments": null,
        "building_1": null,
        "building_2": null,
        "payment:mastercard": null,
        "payment:visa": null,
        "historic": null,
        "historic:alt_name": null,
        "historic:name": null,
        "start_date": null
      },
      "geometry": {
        "type": "Point",
        "coordinates": [
          -122.253747,
          37.766981
        ]
      }
    },
    {
      "id": "33",
      "type": "Feature",
      "properties": {
        "element": "node",
        "id": 9344941253,
        "addr:city": "Oakland",
        "addr:housenumber": "5101;5179;5199",
        "addr:postcode": "94609",
        "addr:state": "CA",
        "addr:street": "Telegraph Avenue",
        "branch": "Temescal",
        "brand": "Whole Foods Market",
        "brand:wikidata": "Q1809448",
        "check_date:opening_hours": "2026-01-19",
        "name": "Whole Foods Market",
        "opening_hours": "Mo-Su 08:00-21:00",
        "phone": "+1 510-903-2222",
        "ref": "temescal",
        "shop": "supermarket",
        "website": "https://www.wholefoodsmarket.com/stores/temescal",
        "wheelchair": "yes",
        "air_conditioning": null,
        "addr:housename": null,
        "level": null,
        "alt_name": null,
        "amenity": null,
        "cuisine": null,
        "diet:halal": null,
        "indoor_seating": null,
        "outdoor_seating": null,
        "building": null,
        "operator": null,
        "organic": null,
        "check_date": "2026-01-19",
        "short_name": null,
        "designation": null,
        "parking": null,
        "building:levels": null,
        "diet:kosher": null,
        "payment:credit_cards": null,
        "payment:debit_cards": null,
        "addr:country": null,
        "wikidata": null,
        "wikipedia": null,
        "contact:instagram": null,
        "contact:phone": null,
        "contact:website": null,
        "source": null,
        "official_name": null,
        "roof:levels": null,
        "building:part": null,
        "drinking_water": null,
        "toilets": null,
        "toilets:disposal": null,
        "toilets:wheelchair": null,
        "old_name": null,
        "comments": null,
        "building_1": null,
        "building_2": null,
        "payment:mastercard": null,
        "payment:visa": null,
        "historic": null,
        "historic:alt_name": null,
        "historic:name": null,
        "start_date": null
      },
      "geometry": {
        "type": "Point",
        "coordinates": [
          -122.262025,
          37.8374006
        ]
      }
    },
    {
      "id": "34",
      "type": "Feature",
      "properties": {
        "element": "node",
        "id": 10810580539,
        "addr:city": null,
        "addr:housenumber": null,
        "addr:postcode": null,
        "addr:state": null,
        "addr:street": null,
        "branch": null,
        "brand": null,
        "brand:wikidata": null,
        "check_date:opening_hours": null,
        "name": "Encinal Market",
        "opening_hours": null,
        "phone": null,
        "ref": null,
        "shop": "supermarket",
        "website": null,
        "wheelchair": null,
        "air_conditioning": null,
        "addr:housename": null,
        "level": null,
        "alt_name": null,
        "amenity": null,
        "cuisine": null,
        "diet:halal": null,
        "indoor_seating": null,
        "outdoor_seating": null,
        "building": null,
        "operator": null,
        "organic": null,
        "check_date": null,
        "short_name": null,
        "designation": null,
        "parking": null,
        "building:levels": null,
        "diet:kosher": null,
        "payment:credit_cards": null,
        "payment:debit_cards": null,
        "addr:country": null,
        "wikidata": null,
        "wikipedia": null,
        "contact:instagram": null,
        "contact:phone": null,
        "contact:website": null,
        "source": null,
        "official_name": null,
        "roof:levels": null,
        "building:part": null,
        "drinking_water": null,
        "toilets": null,
        "toilets:disposal": null,
        "toilets:wheelchair": null,
        "old_name": null,
        "comments": null,
        "building_1": null,
        "building_2": null,
        "payment:mastercard": null,
        "payment:visa": null,
        "historic": null,
        "historic:alt_name": null,
        "historic:name": null,
        "start_date": null
      },
      "geometry": {
        "type": "Point",
        "coordinates": [
          -122.2335097,
          37.7563618
        ]
      }
    },
    {
      "id": "35",
      "type": "Feature",
      "properties": {
        "element": "node",
        "id": 11002148879,
        "addr:city": null,
        "addr:housenumber": null,
        "addr:postcode": null,
        "addr:state": null,
        "addr:street": null,
        "branch": null,
        "brand": null,
        "brand:wikidata": null,
        "check_date:opening_hours": null,
        "name": "Chapala Market",
        "opening_hours": null,
        "phone": null,
        "ref": null,
        "shop": "grocery",
        "website": null,
        "wheelchair": null,
        "air_conditioning": null,
        "addr:housename": null,
        "level": null,
        "alt_name": null,
        "amenity": null,
        "cuisine": null,
        "diet:halal": null,
        "indoor_seating": null,
        "outdoor_seating": null,
        "building": null,
        "operator": null,
        "organic": null,
        "check_date": null,
        "short_name": null,
        "designation": null,
        "parking": null,
        "building:levels": null,
        "diet:kosher": null,
        "payment:credit_cards": null,
        "payment:debit_cards": null,
        "addr:country": null,
        "wikidata": null,
        "wikipedia": null,
        "contact:instagram": null,
        "contact:phone": null,
        "contact:website": null,
        "source": null,
        "official_name": null,
        "roof:levels": null,
        "building:part": null,
        "drinking_water": null,
        "toilets": null,
        "toilets:disposal": null,
        "toilets:wheelchair": null,
        "old_name": null,
        "comments": null,
        "building_1": null,
        "building_2": null,
        "payment:mastercard": null,
        "payment:visa": null,
        "historic": null,
        "historic:alt_name": null,
        "historic:name": null,
        "start_date": null
      },
      "geometry": {
        "type": "Point",
        "coordinates": [
          -122.2047293,
          37.7673797
        ]
      }
    },
    {
      "id": "36",
      "type": "Feature",
      "properties": {
        "element": "node",
        "id": 11057637318,
        "addr:city": null,
        "addr:housenumber": "5603",
        "addr:postcode": null,
        "addr:state": null,
        "addr:street": "Bay Street",
        "branch": null,
        "brand": null,
        "brand:wikidata": null,
        "check_date:opening_hours": null,
        "name": "Tokyo Central",
        "opening_hours": "Mo-Su 09:00-21:00; PH 09:00-19:00",
        "phone": null,
        "ref": null,
        "shop": "supermarket",
        "website": "https://tokyocentral.com/emeryville/",
        "wheelchair": null,
        "air_conditioning": null,
        "addr:housename": null,
        "level": "0",
        "alt_name": null,
        "amenity": null,
        "cuisine": null,
        "diet:halal": null,
        "indoor_seating": null,
        "outdoor_seating": null,
        "building": null,
        "operator": null,
        "organic": null,
        "check_date": null,
        "short_name": null,
        "designation": null,
        "parking": null,
        "building:levels": null,
        "diet:kosher": null,
        "payment:credit_cards": null,
        "payment:debit_cards": null,
        "addr:country": null,
        "wikidata": null,
        "wikipedia": null,
        "contact:instagram": null,
        "contact:phone": null,
        "contact:website": null,
        "source": null,
        "official_name": null,
        "roof:levels": null,
        "building:part": null,
        "drinking_water": null,
        "toilets": null,
        "toilets:disposal": null,
        "toilets:wheelchair": null,
        "old_name": null,
        "comments": null,
        "building_1": null,
        "building_2": null,
        "payment:mastercard": null,
        "payment:visa": null,
        "historic": null,
        "historic:alt_name": null,
        "historic:name": null,
        "start_date": null
      },
      "geometry": {
        "type": "Point",
        "coordinates": [
          -122.2927056,
          37.8337921
        ]
      }
    },
    {
      "id": "37",
      "type": "Feature",
      "properties": {
        "element": "node",
        "id": 11689605418,
        "addr:city": null,
        "addr:housenumber": null,
        "addr:postcode": null,
        "addr:state": null,
        "addr:street": null,
        "branch": "Markets",
        "brand": "Cardenas",
        "brand:wikidata": "Q64149543",
        "check_date:opening_hours": null,
        "name": "Cardenas",
        "opening_hours": null,
        "phone": null,
        "ref": null,
        "shop": "supermarket",
        "website": null,
        "wheelchair": null,
        "air_conditioning": null,
        "addr:housename": null,
        "level": null,
        "alt_name": null,
        "amenity": null,
        "cuisine": "latin_american",
        "diet:halal": null,
        "indoor_seating": null,
        "outdoor_seating": null,
        "building": null,
        "operator": null,
        "organic": null,
        "check_date": null,
        "short_name": null,
        "designation": null,
        "parking": null,
        "building:levels": null,
        "diet:kosher": null,
        "payment:credit_cards": null,
        "payment:debit_cards": null,
        "addr:country": null,
        "wikidata": null,
        "wikipedia": null,
        "contact:instagram": null,
        "contact:phone": null,
        "contact:website": null,
        "source": null,
        "official_name": null,
        "roof:levels": null,
        "building:part": null,
        "drinking_water": null,
        "toilets": null,
        "toilets:disposal": null,
        "toilets:wheelchair": null,
        "old_name": null,
        "comments": null,
        "building_1": null,
        "building_2": null,
        "payment:mastercard": null,
        "payment:visa": null,
        "historic": null,
        "historic:alt_name": null,
        "historic:name": null,
        "start_date": null
      },
      "geometry": {
        "type": "Point",
        "coordinates": [
          -122.1164319,
          37.6644461
        ]
      }
    },
    {
      "id": "38",
      "type": "Feature",
      "properties": {
        "element": "node",
        "id": 12060178362,
        "addr:city": "Alameda",
        "addr:housenumber": "1200",
        "addr:postcode": "94501",
        "addr:state": "CA",
        "addr:street": "Lincoln Avenue",
        "branch": null,
        "brand": null,
        "brand:wikidata": null,
        "check_date:opening_hours": null,
        "name": "Island Savoy Market",
        "opening_hours": null,
        "phone": "+1-510-227-5215",
        "ref": null,
        "shop": "supermarket",
        "website": "https://islandsavoymarket.com/",
        "wheelchair": null,
        "air_conditioning": null,
        "addr:housename": null,
        "level": null,
        "alt_name": null,
        "amenity": null,
        "cuisine": null,
        "diet:halal": null,
        "indoor_seating": null,
        "outdoor_seating": null,
        "building": null,
        "operator": "Island Savoy Market",
        "organic": null,
        "check_date": null,
        "short_name": null,
        "designation": null,
        "parking": null,
        "building:levels": null,
        "diet:kosher": null,
        "payment:credit_cards": null,
        "payment:debit_cards": null,
        "addr:country": null,
        "wikidata": null,
        "wikipedia": null,
        "contact:instagram": null,
        "contact:phone": null,
        "contact:website": null,
        "source": null,
        "official_name": null,
        "roof:levels": null,
        "building:part": null,
        "drinking_water": null,
        "toilets": null,
        "toilets:disposal": null,
        "toilets:wheelchair": null,
        "old_name": null,
        "comments": null,
        "building_1": null,
        "building_2": null,
        "payment:mastercard": null,
        "payment:visa": null,
        "historic": null,
        "historic:alt_name": null,
        "historic:name": null,
        "start_date": null
      },
      "geometry": {
        "type": "Point",
        "coordinates": [
          -122.2643792,
          37.7746417
        ]
      }
    },
    {
      "id": "39",
      "type": "Feature",
      "properties": {
        "element": "node",
        "id": 12146471564,
        "addr:city": null,
        "addr:housenumber": null,
        "addr:postcode": null,
        "addr:state": null,
        "addr:street": null,
        "branch": null,
        "brand": null,
        "brand:wikidata": null,
        "check_date:opening_hours": null,
        "name": "Mi Ranchito Market & Produce",
        "opening_hours": null,
        "phone": null,
        "ref": null,
        "shop": "grocery",
        "website": null,
        "wheelchair": null,
        "air_conditioning": null,
        "addr:housename": null,
        "level": null,
        "alt_name": null,
        "amenity": null,
        "cuisine": null,
        "diet:halal": null,
        "indoor_seating": null,
        "outdoor_seating": null,
        "building": null,
        "operator": null,
        "organic": null,
        "check_date": null,
        "short_name": null,
        "designation": null,
        "parking": null,
        "building:levels": null,
        "diet:kosher": null,
        "payment:credit_cards": null,
        "payment:debit_cards": null,
        "addr:country": null,
        "wikidata": null,
        "wikipedia": null,
        "contact:instagram": null,
        "contact:phone": null,
        "contact:website": null,
        "source": null,
        "official_name": null,
        "roof:levels": null,
        "building:part": null,
        "drinking_water": null,
        "toilets": null,
        "toilets:disposal": null,
        "toilets:wheelchair": null,
        "old_name": null,
        "comments": null,
        "building_1": null,
        "building_2": null,
        "payment:mastercard": null,
        "payment:visa": null,
        "historic": null,
        "historic:alt_name": null,
        "historic:name": null,
        "start_date": null
      },
      "geometry": {
        "type": "Point",
        "coordinates": [
          -122.2206886,
          37.7831577
        ]
      }
    },
    {
      "id": "40",
      "type": "Feature",
      "properties": {
        "element": "node",
        "id": 12146471584,
        "addr:city": null,
        "addr:housenumber": null,
        "addr:postcode": null,
        "addr:state": null,
        "addr:street": null,
        "branch": null,
        "brand": null,
        "brand:wikidata": null,
        "check_date:opening_hours": null,
        "name": "Rancho Market and Produce",
        "opening_hours": null,
        "phone": null,
        "ref": null,
        "shop": "grocery",
        "website": null,
        "wheelchair": null,
        "air_conditioning": null,
        "addr:housename": null,
        "level": null,
        "alt_name": null,
        "amenity": null,
        "cuisine": null,
        "diet:halal": null,
        "indoor_seating": null,
        "outdoor_seating": null,
        "building": null,
        "operator": null,
        "organic": null,
        "check_date": null,
        "short_name": null,
        "designation": null,
        "parking": null,
        "building:levels": null,
        "diet:kosher": null,
        "payment:credit_cards": null,
        "payment:debit_cards": null,
        "addr:country": null,
        "wikidata": null,
        "wikipedia": null,
        "contact:instagram": null,
        "contact:phone": null,
        "contact:website": null,
        "source": null,
        "official_name": null,
        "roof:levels": null,
        "building:part": null,
        "drinking_water": null,
        "toilets": null,
        "toilets:disposal": null,
        "toilets:wheelchair": null,
        "old_name": null,
        "comments": null,
        "building_1": null,
        "building_2": null,
        "payment:mastercard": null,
        "payment:visa": null,
        "historic": null,
        "historic:alt_name": null,
        "historic:name": null,
        "start_date": null
      },
      "geometry": {
        "type": "Point",
        "coordinates": [
          -122.2226814,
          37.7835789
        ]
      }
    },
    {
      "id": "41",
      "type": "Feature",
      "properties": {
        "element": "node",
        "id": 12152420630,
        "addr:city": null,
        "addr:housenumber": null,
        "addr:postcode": null,
        "addr:state": null,
        "addr:street": null,
        "branch": null,
        "brand": null,
        "brand:wikidata": null,
        "check_date:opening_hours": null,
        "name": "Abyssinia Market",
        "opening_hours": null,
        "phone": null,
        "ref": null,
        "shop": "grocery",
        "website": null,
        "wheelchair": null,
        "air_conditioning": null,
        "addr:housename": null,
        "level": null,
        "alt_name": null,
        "amenity": null,
        "cuisine": "ethiopian",
        "diet:halal": null,
        "indoor_seating": null,
        "outdoor_seating": null,
        "building": null,
        "operator": null,
        "organic": null,
        "check_date": null,
        "short_name": null,
        "designation": null,
        "parking": null,
        "building:levels": null,
        "diet:kosher": null,
        "payment:credit_cards": null,
        "payment:debit_cards": null,
        "addr:country": null,
        "wikidata": null,
        "wikipedia": null,
        "contact:instagram": null,
        "contact:phone": null,
        "contact:website": null,
        "source": null,
        "official_name": null,
        "roof:levels": null,
        "building:part": null,
        "drinking_water": null,
        "toilets": null,
        "toilets:disposal": null,
        "toilets:wheelchair": null,
        "old_name": null,
        "comments": null,
        "building_1": null,
        "building_2": null,
        "payment:mastercard": null,
        "payment:visa": null,
        "historic": null,
        "historic:alt_name": null,
        "historic:name": null,
        "start_date": null
      },
      "geometry": {
        "type": "Point",
        "coordinates": [
          -122.2684909,
          37.8148008
        ]
      }
    },
    {
      "id": "42",
      "type": "Feature",
      "properties": {
        "element": "node",
        "id": 12307288601,
        "addr:city": null,
        "addr:housenumber": "1525",
        "addr:postcode": "94501",
        "addr:state": null,
        "addr:street": "Webster Street",
        "branch": null,
        "brand": null,
        "brand:wikidata": null,
        "check_date:opening_hours": null,
        "name": "Jazeera Market",
        "opening_hours": "Mo-Sa 09:00-21:00; Su 10:00-20:00",
        "phone": "+1-510-263-9058",
        "ref": null,
        "shop": "grocery",
        "website": "https://jazeeramarket.com",
        "wheelchair": null,
        "air_conditioning": null,
        "addr:housename": null,
        "level": null,
        "alt_name": null,
        "amenity": null,
        "cuisine": null,
        "diet:halal": null,
        "indoor_seating": null,
        "outdoor_seating": null,
        "building": null,
        "operator": null,
        "organic": null,
        "check_date": null,
        "short_name": null,
        "designation": null,
        "parking": null,
        "building:levels": null,
        "diet:kosher": null,
        "payment:credit_cards": null,
        "payment:debit_cards": null,
        "addr:country": null,
        "wikidata": null,
        "wikipedia": null,
        "contact:instagram": null,
        "contact:phone": null,
        "contact:website": null,
        "source": null,
        "official_name": null,
        "roof:levels": null,
        "building:part": null,
        "drinking_water": null,
        "toilets": null,
        "toilets:disposal": null,
        "toilets:wheelchair": null,
        "old_name": null,
        "comments": null,
        "building_1": null,
        "building_2": null,
        "payment:mastercard": null,
        "payment:visa": null,
        "historic": null,
        "historic:alt_name": null,
        "historic:name": null,
        "start_date": null
      },
      "geometry": {
        "type": "Point",
        "coordinates": [
          -122.2769623,
          37.7741086
        ]
      }
    },
    {
      "id": "43",
      "type": "Feature",
      "properties": {
        "element": "node",
        "id": 12316420243,
        "addr:city": "Hayward",
        "addr:housenumber": "1094",
        "addr:postcode": "94541",
        "addr:state": "CA",
        "addr:street": "Sueirro Street",
        "branch": "Hayward",
        "brand": "Smart & Final",
        "brand:wikidata": "Q7543916",
        "check_date:opening_hours": null,
        "name": "Smart & Final",
        "opening_hours": "Mo-Su 06:00-22:00",
        "phone": "+1 510-781-0865",
        "ref": "401",
        "shop": "supermarket",
        "website": "https://www.smartandfinal.com/sm/planning/rsid/401",
        "wheelchair": null,
        "air_conditioning": null,
        "addr:housename": null,
        "level": null,
        "alt_name": null,
        "amenity": null,
        "cuisine": null,
        "diet:halal": null,
        "indoor_seating": null,
        "outdoor_seating": null,
        "building": null,
        "operator": null,
        "organic": null,
        "check_date": null,
        "short_name": null,
        "designation": null,
        "parking": null,
        "building:levels": null,
        "diet:kosher": null,
        "payment:credit_cards": null,
        "payment:debit_cards": null,
        "addr:country": null,
        "wikidata": null,
        "wikipedia": null,
        "contact:instagram": null,
        "contact:phone": null,
        "contact:website": null,
        "source": null,
        "official_name": null,
        "roof:levels": null,
        "building:part": null,
        "drinking_water": null,
        "toilets": null,
        "toilets:disposal": null,
        "toilets:wheelchair": null,
        "old_name": null,
        "comments": null,
        "building_1": null,
        "building_2": null,
        "payment:mastercard": null,
        "payment:visa": null,
        "historic": null,
        "historic:alt_name": null,
        "historic:name": null,
        "start_date": null
      },
      "geometry": {
        "type": "Point",
        "coordinates": [
          -122.1164407,
          37.6614104
        ]
      }
    },
    {
      "id": "44",
      "type": "Feature",
      "properties": {
        "element": "node",
        "id": 12396709784,
        "addr:city": null,
        "addr:housenumber": null,
        "addr:postcode": null,
        "addr:state": null,
        "addr:street": null,
        "branch": null,
        "brand": null,
        "brand:wikidata": null,
        "check_date:opening_hours": null,
        "name": "Gazzali's Supermarket",
        "opening_hours": null,
        "phone": null,
        "ref": null,
        "shop": "grocery",
        "website": null,
        "wheelchair": null,
        "air_conditioning": null,
        "addr:housename": null,
        "level": null,
        "alt_name": null,
        "amenity": null,
        "cuisine": null,
        "diet:halal": null,
        "indoor_seating": null,
        "outdoor_seating": null,
        "building": null,
        "operator": null,
        "organic": null,
        "check_date": null,
        "short_name": null,
        "designation": null,
        "parking": null,
        "building:levels": null,
        "diet:kosher": null,
        "payment:credit_cards": null,
        "payment:debit_cards": null,
        "addr:country": null,
        "wikidata": null,
        "wikipedia": null,
        "contact:instagram": null,
        "contact:phone": null,
        "contact:website": null,
        "source": null,
        "official_name": null,
        "roof:levels": null,
        "building:part": null,
        "drinking_water": null,
        "toilets": null,
        "toilets:disposal": null,
        "toilets:wheelchair": null,
        "old_name": null,
        "comments": null,
        "building_1": null,
        "building_2": null,
        "payment:mastercard": null,
        "payment:visa": null,
        "historic": null,
        "historic:alt_name": null,
        "historic:name": null,
        "start_date": null
      },
      "geometry": {
        "type": "Point",
        "coordinates": [
          -122.1825552,
          37.757237
        ]
      }
    },
    {
      "id": "45",
      "type": "Feature",
      "properties": {
        "element": "node",
        "id": 12398819474,
        "addr:city": null,
        "addr:housenumber": null,
        "addr:postcode": null,
        "addr:state": null,
        "addr:street": null,
        "branch": null,
        "brand": null,
        "brand:wikidata": null,
        "check_date:opening_hours": null,
        "name": "Latinos Unidos",
        "opening_hours": null,
        "phone": null,
        "ref": null,
        "shop": "supermarket",
        "website": null,
        "wheelchair": null,
        "air_conditioning": null,
        "addr:housename": null,
        "level": null,
        "alt_name": null,
        "amenity": null,
        "cuisine": null,
        "diet:halal": null,
        "indoor_seating": null,
        "outdoor_seating": null,
        "building": null,
        "operator": null,
        "organic": null,
        "check_date": null,
        "short_name": null,
        "designation": null,
        "parking": null,
        "building:levels": null,
        "diet:kosher": null,
        "payment:credit_cards": null,
        "payment:debit_cards": null,
        "addr:country": null,
        "wikidata": null,
        "wikipedia": null,
        "contact:instagram": null,
        "contact:phone": null,
        "contact:website": null,
        "source": null,
        "official_name": null,
        "roof:levels": null,
        "building:part": null,
        "drinking_water": null,
        "toilets": null,
        "toilets:disposal": null,
        "toilets:wheelchair": null,
        "old_name": null,
        "comments": null,
        "building_1": null,
        "building_2": null,
        "payment:mastercard": null,
        "payment:visa": null,
        "historic": null,
        "historic:alt_name": null,
        "historic:name": null,
        "start_date": null
      },
      "geometry": {
        "type": "Point",
        "coordinates": [
          -122.1831188,
          37.7368162
        ]
      }
    },
    {
      "id": "46",
      "type": "Feature",
      "properties": {
        "element": "node",
        "id": 12401161717,
        "addr:city": null,
        "addr:housenumber": null,
        "addr:postcode": null,
        "addr:state": null,
        "addr:street": null,
        "branch": null,
        "brand": null,
        "brand:wikidata": null,
        "check_date:opening_hours": null,
        "name": "La Raza Market",
        "opening_hours": null,
        "phone": null,
        "ref": null,
        "shop": "grocery",
        "website": null,
        "wheelchair": null,
        "air_conditioning": null,
        "addr:housename": null,
        "level": null,
        "alt_name": null,
        "amenity": null,
        "cuisine": null,
        "diet:halal": null,
        "indoor_seating": null,
        "outdoor_seating": null,
        "building": null,
        "operator": null,
        "organic": null,
        "check_date": null,
        "short_name": null,
        "designation": null,
        "parking": null,
        "building:levels": null,
        "diet:kosher": null,
        "payment:credit_cards": null,
        "payment:debit_cards": null,
        "addr:country": null,
        "wikidata": null,
        "wikipedia": null,
        "contact:instagram": null,
        "contact:phone": null,
        "contact:website": null,
        "source": null,
        "official_name": null,
        "roof:levels": null,
        "building:part": null,
        "drinking_water": null,
        "toilets": null,
        "toilets:disposal": null,
        "toilets:wheelchair": null,
        "old_name": null,
        "comments": null,
        "building_1": null,
        "building_2": null,
        "payment:mastercard": null,
        "payment:visa": null,
        "historic": null,
        "historic:alt_name": null,
        "historic:name": null,
        "start_date": null
      },
      "geometry": {
        "type": "Point",
        "coordinates": [
          -122.1969347,
          37.7634579
        ]
      }
    },
    {
      "id": "47",
      "type": "Feature",
      "properties": {
        "element": "node",
        "id": 12409968375,
        "addr:city": null,
        "addr:housenumber": null,
        "addr:postcode": null,
        "addr:state": null,
        "addr:street": null,
        "branch": null,
        "brand": null,
        "brand:wikidata": null,
        "check_date:opening_hours": null,
        "name": "La Raza Market",
        "opening_hours": null,
        "phone": null,
        "ref": null,
        "shop": "grocery",
        "website": null,
        "wheelchair": null,
        "air_conditioning": null,
        "addr:housename": null,
        "level": null,
        "alt_name": null,
        "amenity": null,
        "cuisine": null,
        "diet:halal": null,
        "indoor_seating": null,
        "outdoor_seating": null,
        "building": null,
        "operator": null,
        "organic": null,
        "check_date": null,
        "short_name": null,
        "designation": null,
        "parking": null,
        "building:levels": null,
        "diet:kosher": null,
        "payment:credit_cards": null,
        "payment:debit_cards": null,
        "addr:country": null,
        "wikidata": null,
        "wikipedia": null,
        "contact:instagram": null,
        "contact:phone": null,
        "contact:website": null,
        "source": null,
        "official_name": null,
        "roof:levels": null,
        "building:part": null,
        "drinking_water": null,
        "toilets": null,
        "toilets:disposal": null,
        "toilets:wheelchair": null,
        "old_name": null,
        "comments": null,
        "building_1": null,
        "building_2": null,
        "payment:mastercard": null,
        "payment:visa": null,
        "historic": null,
        "historic:alt_name": null,
        "historic:name": null,
        "start_date": null
      },
      "geometry": {
        "type": "Point",
        "coordinates": [
          -122.2079557,
          37.7694804
        ]
      }
    },
    {
      "id": "48",
      "type": "Feature",
      "properties": {
        "element": "node",
        "id": 12413999541,
        "addr:city": null,
        "addr:housenumber": null,
        "addr:postcode": null,
        "addr:state": null,
        "addr:street": null,
        "branch": null,
        "brand": null,
        "brand:wikidata": null,
        "check_date:opening_hours": null,
        "name": "Mi Carnal Market",
        "opening_hours": null,
        "phone": null,
        "ref": null,
        "shop": "grocery",
        "website": null,
        "wheelchair": null,
        "air_conditioning": null,
        "addr:housename": null,
        "level": null,
        "alt_name": null,
        "amenity": null,
        "cuisine": null,
        "diet:halal": null,
        "indoor_seating": null,
        "outdoor_seating": null,
        "building": null,
        "operator": null,
        "organic": null,
        "check_date": null,
        "short_name": null,
        "designation": null,
        "parking": null,
        "building:levels": null,
        "diet:kosher": null,
        "payment:credit_cards": null,
        "payment:debit_cards": null,
        "addr:country": null,
        "wikidata": null,
        "wikipedia": null,
        "contact:instagram": null,
        "contact:phone": null,
        "contact:website": null,
        "source": null,
        "official_name": null,
        "roof:levels": null,
        "building:part": null,
        "drinking_water": null,
        "toilets": null,
        "toilets:disposal": null,
        "toilets:wheelchair": null,
        "old_name": null,
        "comments": null,
        "building_1": null,
        "building_2": null,
        "payment:mastercard": null,
        "payment:visa": null,
        "historic": null,
        "historic:alt_name": null,
        "historic:name": null,
        "start_date": null
      },
      "geometry": {
        "type": "Point",
        "coordinates": [
          -122.2266507,
          37.7843067
        ]
      }
    },
    {
      "id": "49",
      "type": "Feature",
      "properties": {
        "element": "node",
        "id": 13305186745,
        "addr:city": "San Leandro",
        "addr:housenumber": "1188",
        "addr:postcode": "94577",
        "addr:state": "CA",
        "addr:street": "East 14th Street",
        "branch": null,
        "brand": "Sprouts Farmers Market",
        "brand:wikidata": "Q7581369",
        "check_date:opening_hours": null,
        "name": "Sprouts Farmers Market",
        "opening_hours": "Mo-Su 07:00-22:00",
        "phone": null,
        "ref": null,
        "shop": "supermarket",
        "website": "https://www.sprouts.com/",
        "wheelchair": null,
        "air_conditioning": null,
        "addr:housename": null,
        "level": null,
        "alt_name": null,
        "amenity": null,
        "cuisine": null,
        "diet:halal": null,
        "indoor_seating": null,
        "outdoor_seating": null,
        "building": null,
        "operator": null,
        "organic": null,
        "check_date": null,
        "short_name": "Sprouts",
        "designation": null,
        "parking": null,
        "building:levels": null,
        "diet:kosher": null,
        "payment:credit_cards": null,
        "payment:debit_cards": null,
        "addr:country": null,
        "wikidata": null,
        "wikipedia": null,
        "contact:instagram": null,
        "contact:phone": null,
        "contact:website": null,
        "source": null,
        "official_name": null,
        "roof:levels": null,
        "building:part": null,
        "drinking_water": null,
        "toilets": null,
        "toilets:disposal": null,
        "toilets:wheelchair": null,
        "old_name": null,
        "comments": null,
        "building_1": null,
        "building_2": null,
        "payment:mastercard": null,
        "payment:visa": null,
        "historic": null,
        "historic:alt_name": null,
        "historic:name": null,
        "start_date": null
      },
      "geometry": {
        "type": "Point",
        "coordinates": [
          -122.1567401,
          37.7261635
        ]
      }
    },
    {
      "id": "50",
      "type": "Feature",
      "properties": {
        "element": "node",
        "id": 13312734906,
        "addr:city": "San Leandro",
        "addr:housenumber": "13756",
        "addr:postcode": "94577",
        "addr:state": "CA",
        "addr:street": "Doolittle Drive",
        "branch": null,
        "brand": null,
        "brand:wikidata": null,
        "check_date:opening_hours": null,
        "name": "New Sang Chong Market",
        "opening_hours": "Mo-Su 8:30AM–7:30PM",
        "phone": "+15103518233",
        "ref": null,
        "shop": "supermarket",
        "website": null,
        "wheelchair": null,
        "air_conditioning": null,
        "addr:housename": null,
        "level": null,
        "alt_name": null,
        "amenity": null,
        "cuisine": null,
        "diet:halal": null,
        "indoor_seating": null,
        "outdoor_seating": null,
        "building": null,
        "operator": null,
        "organic": null,
        "check_date": null,
        "short_name": null,
        "designation": null,
        "parking": null,
        "building:levels": null,
        "diet:kosher": null,
        "payment:credit_cards": null,
        "payment:debit_cards": null,
        "addr:country": null,
        "wikidata": null,
        "wikipedia": null,
        "contact:instagram": null,
        "contact:phone": null,
        "contact:website": null,
        "source": null,
        "official_name": null,
        "roof:levels": null,
        "building:part": null,
        "drinking_water": null,
        "toilets": null,
        "toilets:disposal": null,
        "toilets:wheelchair": null,
        "old_name": null,
        "comments": null,
        "building_1": null,
        "building_2": null,
        "payment:mastercard": null,
        "payment:visa": null,
        "historic": null,
        "historic:alt_name": null,
        "historic:name": null,
        "start_date": null
      },
      "geometry": {
        "type": "Point",
        "coordinates": [
          -122.1755084,
          37.6993471
        ]
      }
    },
    {
      "id": "51",
      "type": "Feature",
      "properties": {
        "element": "node",
        "id": 13972851012,
        "addr:city": null,
        "addr:housenumber": null,
        "addr:postcode": null,
        "addr:state": null,
        "addr:street": null,
        "branch": null,
        "brand": null,
        "brand:wikidata": null,
        "check_date:opening_hours": null,
        "name": "Randy's",
        "opening_hours": null,
        "phone": null,
        "ref": null,
        "shop": "supermarket",
        "website": null,
        "wheelchair": null,
        "air_conditioning": null,
        "addr:housename": null,
        "level": null,
        "alt_name": null,
        "amenity": null,
        "cuisine": null,
        "diet:halal": null,
        "indoor_seating": null,
        "outdoor_seating": null,
        "building": null,
        "operator": null,
        "organic": null,
        "check_date": null,
        "short_name": null,
        "designation": null,
        "parking": null,
        "building:levels": null,
        "diet:kosher": null,
        "payment:credit_cards": null,
        "payment:debit_cards": null,
        "addr:country": null,
        "wikidata": null,
        "wikipedia": null,
        "contact:instagram": null,
        "contact:phone": null,
        "contact:website": null,
        "source": null,
        "official_name": null,
        "roof:levels": null,
        "building:part": null,
        "drinking_water": null,
        "toilets": null,
        "toilets:disposal": null,
        "toilets:wheelchair": null,
        "old_name": null,
        "comments": null,
        "building_1": null,
        "building_2": null,
        "payment:mastercard": null,
        "payment:visa": null,
        "historic": null,
        "historic:alt_name": null,
        "historic:name": null,
        "start_date": null
      },
      "geometry": {
        "type": "Point",
        "coordinates": [
          -122.3026726,
          37.8375642
        ]
      }
    },
    {
      "id": "52",
      "type": "Feature",
      "properties": {
        "element": "way",
        "id": 22916723,
        "addr:city": "Oakland",
        "addr:housenumber": "2096",
        "addr:postcode": "94611",
        "addr:state": "CA",
        "addr:street": "Mountain Boulevard",
        "branch": null,
        "brand": "Safeway",
        "brand:wikidata": "Q1508234",
        "check_date:opening_hours": null,
        "name": "Safeway",
        "opening_hours": "06:00-24:00",
        "phone": "+1 510-482-2266",
        "ref": null,
        "shop": "supermarket",
        "website": "https://local.safeway.com/safeway/ca/oakland/2096-mountain-blvd.html",
        "wheelchair": null,
        "air_conditioning": null,
        "addr:housename": null,
        "level": null,
        "alt_name": null,
        "amenity": null,
        "cuisine": null,
        "diet:halal": null,
        "indoor_seating": null,
        "outdoor_seating": null,
        "building": "yes",
        "operator": null,
        "organic": null,
        "check_date": null,
        "short_name": null,
        "designation": "Safeway 0654",
        "parking": "rooftop",
        "building:levels": null,
        "diet:kosher": null,
        "payment:credit_cards": null,
        "payment:debit_cards": null,
        "addr:country": null,
        "wikidata": null,
        "wikipedia": null,
        "contact:instagram": null,
        "contact:phone": null,
        "contact:website": null,
        "source": null,
        "official_name": null,
        "roof:levels": null,
        "building:part": null,
        "drinking_water": null,
        "toilets": null,
        "toilets:disposal": null,
        "toilets:wheelchair": null,
        "old_name": null,
        "comments": null,
        "building_1": null,
        "building_2": null,
        "payment:mastercard": null,
        "payment:visa": null,
        "historic": null,
        "historic:alt_name": null,
        "historic:name": null,
        "start_date": null
      },
      "geometry": {
        "type": "Polygon",
        "coordinates": [
          [
            [
              -122.2090536,
              37.8255682
            ],
            [
              -122.2089573,
              37.8253037
            ],
            [
              -122.2084941,
              37.8254089
            ],
            [
              -122.2083601,
              37.8254394
            ],
            [
              -122.2084564,
              37.8257039
            ],
            [
              -122.2086937,
              37.8256499
            ],
            [
              -122.2090536,
              37.8255682
            ]
          ]
        ]
      }
    },
    {
      "id": "53",
      "type": "Feature",
      "properties": {
        "element": "way",
        "id": 23226440,
        "addr:city": "Berkeley",
        "addr:housenumber": "2020",
        "addr:postcode": null,
        "addr:state": null,
        "addr:street": "Oregon Street",
        "branch": null,
        "brand": null,
        "brand:wikidata": null,
        "check_date:opening_hours": null,
        "name": "Berkeley Bowl",
        "opening_hours": "Mo-Sa 09:00-20:00; Su 10:00-19:00",
        "phone": "+1-510-843-6929",
        "ref": null,
        "shop": "supermarket",
        "website": "https://www.berkeleybowl.com/",
        "wheelchair": "yes",
        "air_conditioning": null,
        "addr:housename": null,
        "level": null,
        "alt_name": null,
        "amenity": null,
        "cuisine": null,
        "diet:halal": "yes",
        "indoor_seating": null,
        "outdoor_seating": null,
        "building": "retail",
        "operator": null,
        "organic": null,
        "check_date": null,
        "short_name": null,
        "designation": null,
        "parking": null,
        "building:levels": "1",
        "diet:kosher": "yes",
        "payment:credit_cards": "yes",
        "payment:debit_cards": "yes",
        "addr:country": null,
        "wikidata": null,
        "wikipedia": null,
        "contact:instagram": null,
        "contact:phone": null,
        "contact:website": null,
        "source": null,
        "official_name": null,
        "roof:levels": null,
        "building:part": null,
        "drinking_water": null,
        "toilets": null,
        "toilets:disposal": null,
        "toilets:wheelchair": null,
        "old_name": null,
        "comments": null,
        "building_1": null,
        "building_2": null,
        "payment:mastercard": null,
        "payment:visa": null,
        "historic": null,
        "historic:alt_name": null,
        "historic:name": null,
        "start_date": null
      },
      "geometry": {
        "type": "Polygon",
        "coordinates": [
          [
            [
              -122.2675978,
              37.8567101
            ],
            [
              -122.267629,
              37.8568599
            ],
            [
              -122.2676659,
              37.8570528
            ],
            [
              -122.2676677,
              37.8570632
            ],
            [
              -122.2676784,
              37.8570676
            ],
            [
              -122.2676123,
              37.8572421
            ],
            [
              -122.2675046,
              37.8572196
            ],
            [
              -122.2675015,
              37.8572289
            ],
            [
              -122.2671438,
              37.857273
            ],
            [
              -122.2671123,
              37.8573039
            ],
            [
              -122.2670787,
              37.8573084
            ],
            [
              -122.2668981,
              37.8573361
            ],
            [
              -122.2668362,
              37.8568013
            ],
            [
              -122.2671758,
              37.8567558
            ],
            [
              -122.2671782,
              37.8567693
            ],
            [
              -122.2675978,
              37.8567101
            ]
          ]
        ]
      }
    },
    {
      "id": "54",
      "type": "Feature",
      "properties": {
        "element": "way",
        "id": 24221445,
        "addr:city": "Berkeley",
        "addr:housenumber": "1444",
        "addr:postcode": "94709",
        "addr:state": "CA",
        "addr:street": "Shattuck Avenue",
        "branch": null,
        "brand": "Safeway",
        "brand:wikidata": "Q1508234",
        "check_date:opening_hours": "2022-12-19",
        "name": "Safeway",
        "opening_hours": "Mo-Su 05:00-23:00",
        "phone": "+1 510-526-3086",
        "ref": null,
        "shop": "supermarket",
        "website": "https://local.safeway.com/safeway/ca/berkeley/1444-shattuck-place.html",
        "wheelchair": "yes",
        "air_conditioning": null,
        "addr:housename": null,
        "level": null,
        "alt_name": null,
        "amenity": null,
        "cuisine": null,
        "diet:halal": null,
        "indoor_seating": null,
        "outdoor_seating": null,
        "building": "retail",
        "operator": null,
        "organic": null,
        "check_date": null,
        "short_name": null,
        "designation": null,
        "parking": null,
        "building:levels": "1",
        "diet:kosher": null,
        "payment:credit_cards": null,
        "payment:debit_cards": null,
        "addr:country": null,
        "wikidata": null,
        "wikipedia": null,
        "contact:instagram": null,
        "contact:phone": null,
        "contact:website": null,
        "source": null,
        "official_name": null,
        "roof:levels": null,
        "building:part": null,
        "drinking_water": null,
        "toilets": null,
        "toilets:disposal": null,
        "toilets:wheelchair": null,
        "old_name": null,
        "comments": null,
        "building_1": null,
        "building_2": null,
        "payment:mastercard": null,
        "payment:visa": null,
        "historic": null,
        "historic:alt_name": null,
        "historic:name": null,
        "start_date": null
      },
      "geometry": {
        "type": "Polygon",
        "coordinates": [
          [
            [
              -122.2704244,
              37.8804593
            ],
            [
              -122.2704447,
              37.8805506
            ],
            [
              -122.270458,
              37.8805491
            ],
            [
              -122.270463,
              37.8805925
            ],
            [
              -122.2704652,
              37.8806118
            ],
            [
              -122.2704814,
              37.8807495
            ],
            [
              -122.2704833,
              37.8807641
            ],
            [
              -122.2704863,
              37.8807874
            ],
            [
              -122.270457,
              37.8807897
            ],
            [
              -122.2704082,
              37.8807936
            ],
            [
              -122.2703947,
              37.8806986
            ],
            [
              -122.2703504,
              37.8807019
            ],
            [
              -122.2703917,
              37.8810132
            ],
            [
              -122.2703155,
              37.8810193
            ],
            [
              -122.2703178,
              37.8810334
            ],
            [
              -122.2702364,
              37.8810414
            ],
            [
              -122.2701993,
              37.8809924
            ],
            [
              -122.2699595,
              37.8810088
            ],
            [
              -122.2697794,
              37.8810863
            ],
            [
              -122.2697468,
              37.8810432
            ],
            [
              -122.2697324,
              37.8810488
            ],
            [
              -122.2697179,
              37.8810202
            ],
            [
              -122.2696953,
              37.8810254
            ],
            [
              -122.2696725,
              37.8809554
            ],
            [
              -122.2696528,
              37.8809578
            ],
            [
              -122.26964,
              37.8808763
            ],
            [
              -122.2696151,
              37.8808789
            ],
            [
              -122.269607,
              37.880802
            ],
            [
              -122.2695774,
              37.8808056
            ],
            [
              -122.269559,
              37.8807364
            ],
            [
              -122.2695432,
              37.8806316
            ],
            [
              -122.2701291,
              37.8805569
            ],
            [
              -122.27012,
              37.8805
            ],
            [
              -122.2704244,
              37.8804593
            ]
          ]
        ]
      }
    },
    {
      "id": "55",
      "type": "Feature",
      "properties": {
        "element": "way",
        "id": 31424109,
        "addr:city": "Orinda",
        "addr:housenumber": "2",
        "addr:postcode": "94563",
        "addr:state": "CA",
        "addr:street": "Camino Sobrante",
        "branch": null,
        "brand": "Safeway",
        "brand:wikidata": "Q1508234",
        "check_date:opening_hours": null,
        "name": "Safeway",
        "opening_hours": "24/7",
        "phone": "+1 925-254-8792",
        "ref": null,
        "shop": "supermarket",
        "website": "https://local.safeway.com/safeway/ca/orinda/2-camino-sobrante.html",
        "wheelchair": "yes",
        "air_conditioning": null,
        "addr:housename": null,
        "level": null,
        "alt_name": null,
        "amenity": null,
        "cuisine": null,
        "diet:halal": null,
        "indoor_seating": null,
        "outdoor_seating": null,
        "building": "retail",
        "operator": null,
        "organic": null,
        "check_date": null,
        "short_name": null,
        "designation": "Safeway 0967",
        "parking": null,
        "building:levels": null,
        "diet:kosher": null,
        "payment:credit_cards": null,
        "payment:debit_cards": null,
        "addr:country": null,
        "wikidata": null,
        "wikipedia": null,
        "contact:instagram": null,
        "contact:phone": null,
        "contact:website": null,
        "source": null,
        "official_name": null,
        "roof:levels": null,
        "building:part": null,
        "drinking_water": null,
        "toilets": null,
        "toilets:disposal": null,
        "toilets:wheelchair": null,
        "old_name": null,
        "comments": null,
        "building_1": null,
        "building_2": null,
        "payment:mastercard": null,
        "payment:visa": null,
        "historic": null,
        "historic:alt_name": null,
        "historic:name": null,
        "start_date": null
      },
      "geometry": {
        "type": "Polygon",
        "coordinates": [
          [
            [
              -122.1908206,
              37.8841074
            ],
            [
              -122.1905378,
              37.8838607
            ],
            [
              -122.1905757,
              37.8837431
            ],
            [
              -122.1908133,
              37.8835602
            ],
            [
              -122.1910503,
              37.8833782
            ],
            [
              -122.1914127,
              37.883683
            ],
            [
              -122.1908206,
              37.8841074
            ]
          ]
        ]
      }
    },
    {
      "id": "56",
      "type": "Feature",
      "properties": {
        "element": "way",
        "id": 32456726,
        "addr:city": "Berkeley",
        "addr:housenumber": "1550",
        "addr:postcode": "94707",
        "addr:state": "CA",
        "addr:street": "Hopkins Street",
        "branch": null,
        "brand": null,
        "brand:wikidata": null,
        "check_date:opening_hours": null,
        "name": "Monterey Market",
        "opening_hours": "Mo-Fr 09:00-19:00; Sa, Su 08:30-18:00",
        "phone": null,
        "ref": null,
        "shop": "supermarket",
        "website": null,
        "wheelchair": null,
        "air_conditioning": null,
        "addr:housename": null,
        "level": null,
        "alt_name": null,
        "amenity": null,
        "cuisine": null,
        "diet:halal": null,
        "indoor_seating": null,
        "outdoor_seating": null,
        "building": "retail",
        "operator": null,
        "organic": null,
        "check_date": null,
        "short_name": null,
        "designation": null,
        "parking": null,
        "building:levels": "1",
        "diet:kosher": null,
        "payment:credit_cards": null,
        "payment:debit_cards": null,
        "addr:country": "US",
        "wikidata": "Q6905325",
        "wikipedia": "en:Monterey Market",
        "contact:instagram": null,
        "contact:phone": null,
        "contact:website": null,
        "source": null,
        "official_name": null,
        "roof:levels": null,
        "building:part": null,
        "drinking_water": null,
        "toilets": null,
        "toilets:disposal": null,
        "toilets:wheelchair": null,
        "old_name": null,
        "comments": null,
        "building_1": null,
        "building_2": null,
        "payment:mastercard": null,
        "payment:visa": null,
        "historic": null,
        "historic:alt_name": null,
        "historic:name": null,
        "start_date": null
      },
      "geometry": {
        "type": "Polygon",
        "coordinates": [
          [
            [
              -122.2824995,
              37.8812871
            ],
            [
              -122.2823104,
              37.8813827
            ],
            [
              -122.2822546,
              37.8813141
            ],
            [
              -122.2821832,
              37.8813502
            ],
            [
              -122.2820672,
              37.8812074
            ],
            [
              -122.2821411,
              37.88117
            ],
            [
              -122.2820825,
              37.8810977
            ],
            [
              -122.2821518,
              37.8810627
            ],
            [
              -122.2821055,
              37.8810057
            ],
            [
              -122.2822228,
              37.8809463
            ],
            [
              -122.2824995,
              37.8812871
            ]
          ]
        ]
      }
    },
    {
      "id": "57",
      "type": "Feature",
      "properties": {
        "element": "way",
        "id": 37994792,
        "addr:city": "Berkeley",
        "addr:housenumber": "3000",
        "addr:postcode": "94705",
        "addr:state": "CA",
        "addr:street": "Telegraph Avenue",
        "branch": "Berkeley",
        "brand": "Whole Foods Market",
        "brand:wikidata": "Q1809448",
        "check_date:opening_hours": "2024-10-03",
        "name": "Whole Foods Market",
        "opening_hours": "Mo-Su 08:00-22:00",
        "phone": "+1 510-649-1333",
        "ref": "berkeley",
        "shop": "supermarket",
        "website": "https://www.wholefoodsmarket.com/stores/berkeley",
        "wheelchair": null,
        "air_conditioning": null,
        "addr:housename": null,
        "level": null,
        "alt_name": null,
        "amenity": null,
        "cuisine": null,
        "diet:halal": null,
        "indoor_seating": null,
        "outdoor_seating": null,
        "building": "retail",
        "operator": null,
        "organic": null,
        "check_date": "2024-10-03",
        "short_name": null,
        "designation": null,
        "parking": null,
        "building:levels": null,
        "diet:kosher": null,
        "payment:credit_cards": null,
        "payment:debit_cards": null,
        "addr:country": null,
        "wikidata": null,
        "wikipedia": null,
        "contact:instagram": null,
        "contact:phone": null,
        "contact:website": null,
        "source": null,
        "official_name": null,
        "roof:levels": null,
        "building:part": null,
        "drinking_water": null,
        "toilets": null,
        "toilets:disposal": null,
        "toilets:wheelchair": null,
        "old_name": null,
        "comments": null,
        "building_1": null,
        "building_2": null,
        "payment:mastercard": null,
        "payment:visa": null,
        "historic": null,
        "historic:alt_name": null,
        "historic:name": null,
        "start_date": null
      },
      "geometry": {
        "type": "Polygon",
        "coordinates": [
          [
            [
              -122.260658,
              37.8557505
            ],
            [
              -122.2602773,
              37.8557997
            ],
            [
              -122.2602703,
              37.8557659
            ],
            [
              -122.2602304,
              37.8555737
            ],
            [
              -122.2602023,
              37.8554401
            ],
            [
              -122.2601615,
              37.8552413
            ],
            [
              -122.2601811,
              37.8552387
            ],
            [
              -122.2605679,
              37.8551888
            ],
            [
              -122.260578,
              37.8552371
            ],
            [
              -122.2606368,
              37.8552295
            ],
            [
              -122.2606432,
              37.85526
            ],
            [
              -122.2606574,
              37.8552582
            ],
            [
              -122.2606664,
              37.8553018
            ],
            [
              -122.2606524,
              37.8553037
            ],
            [
              -122.2606841,
              37.8554567
            ],
            [
              -122.2607132,
              37.8554529
            ],
            [
              -122.2607289,
              37.8555288
            ],
            [
              -122.2607423,
              37.8555271
            ],
            [
              -122.2607344,
              37.8554889
            ],
            [
              -122.2607903,
              37.8554816
            ],
            [
              -122.2608258,
              37.8556529
            ],
            [
              -122.2608291,
              37.8556691
            ],
            [
              -122.2607961,
              37.8556734
            ],
            [
              -122.2607827,
              37.8556751
            ],
            [
              -122.2607698,
              37.855613
            ],
            [
              -122.2607321,
              37.8556178
            ],
            [
              -122.2607253,
              37.8555852
            ],
            [
              -122.2606764,
              37.8555915
            ],
            [
              -122.2607063,
              37.855736
            ],
            [
              -122.2606563,
              37.8557424
            ],
            [
              -122.260658,
              37.8557505
            ]
          ]
        ]
      }
    },
    {
      "id": "58",
      "type": "Feature",
      "properties": {
        "element": "way",
        "id": 43824884,
        "addr:city": "Emeryville",
        "addr:housenumber": "3889",
        "addr:postcode": "94608",
        "addr:state": "CA",
        "addr:street": "San Pablo Avenue",
        "branch": null,
        "brand": "Pak 'N Save",
        "brand:wikidata": null,
        "check_date:opening_hours": null,
        "name": "Pak 'N Save",
        "opening_hours": "Mo-Su 05:00-00:00",
        "phone": "+1 510-450-1200",
        "ref": null,
        "shop": "supermarket",
        "website": "https://local.safeway.com/pak-n-save/ca/emeryville/3889-san-pablo-ave.html",
        "wheelchair": "yes",
        "air_conditioning": null,
        "addr:housename": null,
        "level": null,
        "alt_name": null,
        "amenity": null,
        "cuisine": null,
        "diet:halal": null,
        "indoor_seating": null,
        "outdoor_seating": null,
        "building": "retail",
        "operator": null,
        "organic": null,
        "check_date": null,
        "short_name": null,
        "designation": "Safeway",
        "parking": null,
        "building:levels": null,
        "diet:kosher": null,
        "payment:credit_cards": null,
        "payment:debit_cards": null,
        "addr:country": "US",
        "wikidata": null,
        "wikipedia": null,
        "contact:instagram": null,
        "contact:phone": null,
        "contact:website": null,
        "source": null,
        "official_name": null,
        "roof:levels": null,
        "building:part": null,
        "drinking_water": null,
        "toilets": null,
        "toilets:disposal": null,
        "toilets:wheelchair": null,
        "old_name": null,
        "comments": null,
        "building_1": null,
        "building_2": null,
        "payment:mastercard": null,
        "payment:visa": null,
        "historic": null,
        "historic:alt_name": null,
        "historic:name": null,
        "start_date": null
      },
      "geometry": {
        "type": "Polygon",
        "coordinates": [
          [
            [
              -122.2805491,
              37.8296019
            ],
            [
              -122.2796756,
              37.8297865
            ],
            [
              -122.2795505,
              37.8293938
            ],
            [
              -122.2798186,
              37.8290643
            ],
            [
              -122.2798974,
              37.829102
            ],
            [
              -122.280021,
              37.8289506
            ],
            [
              -122.2800588,
              37.8289686
            ],
            [
              -122.2803264,
              37.8289146
            ],
            [
              -122.2805491,
              37.8296019
            ]
          ]
        ]
      }
    },
    {
      "id": "59",
      "type": "Feature",
      "properties": {
        "element": "way",
        "id": 52769190,
        "addr:city": "Berkeley",
        "addr:housenumber": "920",
        "addr:postcode": "94710",
        "addr:state": "CA",
        "addr:street": "Heinz Avenue",
        "branch": null,
        "brand": null,
        "brand:wikidata": null,
        "check_date:opening_hours": null,
        "name": "Berkeley Bowl West",
        "opening_hours": "Mo-Sa 09:00-20:00; Su 10:00-19:00",
        "phone": "+1-510-898-9555",
        "ref": null,
        "shop": "supermarket",
        "website": "https://www.berkeleybowl.com/",
        "wheelchair": "yes",
        "air_conditioning": null,
        "addr:housename": null,
        "level": null,
        "alt_name": null,
        "amenity": null,
        "cuisine": null,
        "diet:halal": null,
        "indoor_seating": null,
        "outdoor_seating": null,
        "building": "yes",
        "operator": null,
        "organic": null,
        "check_date": null,
        "short_name": null,
        "designation": null,
        "parking": null,
        "building:levels": null,
        "diet:kosher": "yes",
        "payment:credit_cards": "yes",
        "payment:debit_cards": "yes",
        "addr:country": "US",
        "wikidata": null,
        "wikipedia": null,
        "contact:instagram": "berkeleybowl",
        "contact:phone": null,
        "contact:website": null,
        "source": null,
        "official_name": null,
        "roof:levels": null,
        "building:part": null,
        "drinking_water": null,
        "toilets": null,
        "toilets:disposal": null,
        "toilets:wheelchair": null,
        "old_name": null,
        "comments": null,
        "building_1": null,
        "building_2": null,
        "payment:mastercard": null,
        "payment:visa": null,
        "historic": null,
        "historic:alt_name": null,
        "historic:name": null,
        "start_date": null
      },
      "geometry": {
        "type": "Polygon",
        "coordinates": [
          [
            [
              -122.289775,
              37.8538145
            ],
            [
              -122.2907319,
              37.8536169
            ],
            [
              -122.290601,
              37.8532218
            ],
            [
              -122.2906879,
              37.8532039
            ],
            [
              -122.2905642,
              37.8528307
            ],
            [
              -122.2899156,
              37.8529648
            ],
            [
              -122.2899562,
              37.853079
            ],
            [
              -122.2901212,
              37.8535852
            ],
            [
              -122.289726,
              37.8536668
            ],
            [
              -122.289775,
              37.8538145
            ]
          ]
        ]
      }
    },
    {
      "id": "60",
      "type": "Feature",
      "properties": {
        "element": "way",
        "id": 89905471,
        "addr:city": "Emeryville",
        "addr:housenumber": "5700;5751;5761;5765;5767;5769;5777;5791",
        "addr:postcode": "94608",
        "addr:state": "CA",
        "addr:street": "Christie Avenue",
        "branch": "Emeryville",
        "brand": "Trader Joe's",
        "brand:wikidata": "Q688825",
        "check_date:opening_hours": null,
        "name": "Trader Joe's",
        "opening_hours": "Mo-Su 08:00-21:00",
        "phone": "+1 510-658-8091",
        "ref": "72",
        "shop": "supermarket",
        "website": "https://locations.traderjoes.com/ca/emeryville/72/",
        "wheelchair": "yes",
        "air_conditioning": null,
        "addr:housename": null,
        "level": null,
        "alt_name": null,
        "amenity": null,
        "cuisine": null,
        "diet:halal": null,
        "indoor_seating": null,
        "outdoor_seating": null,
        "building": "yes",
        "operator": null,
        "organic": null,
        "check_date": null,
        "short_name": null,
        "designation": null,
        "parking": null,
        "building:levels": null,
        "diet:kosher": null,
        "payment:credit_cards": null,
        "payment:debit_cards": null,
        "addr:country": null,
        "wikidata": null,
        "wikipedia": null,
        "contact:instagram": null,
        "contact:phone": null,
        "contact:website": null,
        "source": null,
        "official_name": null,
        "roof:levels": null,
        "building:part": null,
        "drinking_water": null,
        "toilets": null,
        "toilets:disposal": null,
        "toilets:wheelchair": null,
        "old_name": null,
        "comments": null,
        "building_1": null,
        "building_2": null,
        "payment:mastercard": null,
        "payment:visa": null,
        "historic": null,
        "historic:alt_name": null,
        "historic:name": null,
        "start_date": null
      },
      "geometry": {
        "type": "Polygon",
        "coordinates": [
          [
            [
              -122.2945395,
              37.8372068
            ],
            [
              -122.2944283,
              37.8372292
            ],
            [
              -122.2942436,
              37.8370676
            ],
            [
              -122.2939699,
              37.8369883
            ],
            [
              -122.2939617,
              37.8368769
            ],
            [
              -122.2942846,
              37.8368156
            ],
            [
              -122.2942963,
              37.8367992
            ],
            [
              -122.2943675,
              37.8368318
            ],
            [
              -122.2943508,
              37.8368545
            ],
            [
              -122.2943605,
              37.8368594
            ],
            [
              -122.2943788,
              37.8369161
            ],
            [
              -122.2943658,
              37.8369187
            ],
            [
              -122.2944341,
              37.8371214
            ],
            [
              -122.2945055,
              37.8371068
            ],
            [
              -122.2945395,
              37.8372068
            ]
          ]
        ]
      }
    },
    {
      "id": "61",
      "type": "Feature",
      "properties": {
        "element": "way",
        "id": 94405302,
        "addr:city": null,
        "addr:housenumber": "6344",
        "addr:postcode": null,
        "addr:state": null,
        "addr:street": "Moraga Avenue",
        "branch": null,
        "brand": "Lucky",
        "brand:wikidata": "Q6698032",
        "check_date:opening_hours": null,
        "name": "Lucky",
        "opening_hours": null,
        "phone": null,
        "ref": null,
        "shop": "supermarket",
        "website": null,
        "wheelchair": null,
        "air_conditioning": null,
        "addr:housename": null,
        "level": null,
        "alt_name": null,
        "amenity": null,
        "cuisine": null,
        "diet:halal": null,
        "indoor_seating": null,
        "outdoor_seating": null,
        "building": "yes",
        "operator": null,
        "organic": null,
        "check_date": null,
        "short_name": null,
        "designation": null,
        "parking": null,
        "building:levels": null,
        "diet:kosher": null,
        "payment:credit_cards": null,
        "payment:debit_cards": null,
        "addr:country": null,
        "wikidata": null,
        "wikipedia": null,
        "contact:instagram": null,
        "contact:phone": null,
        "contact:website": null,
        "source": null,
        "official_name": null,
        "roof:levels": null,
        "building:part": null,
        "drinking_water": null,
        "toilets": null,
        "toilets:disposal": null,
        "toilets:wheelchair": null,
        "old_name": null,
        "comments": null,
        "building_1": null,
        "building_2": null,
        "payment:mastercard": null,
        "payment:visa": null,
        "historic": null,
        "historic:alt_name": null,
        "historic:name": null,
        "start_date": null
      },
      "geometry": {
        "type": "Polygon",
        "coordinates": [
          [
            [
              -122.2112113,
              37.827832
            ],
            [
              -122.2108186,
              37.8274672
            ],
            [
              -122.2107607,
              37.8274127
            ],
            [
              -122.21075,
              37.8273978
            ],
            [
              -122.2107178,
              37.8273894
            ],
            [
              -122.210696,
              37.8273806
            ],
            [
              -122.2109577,
              37.8272502
            ],
            [
              -122.2109942,
              37.8272954
            ],
            [
              -122.2111903,
              37.8271964
            ],
            [
              -122.211447,
              37.8275018
            ],
            [
              -122.2115868,
              37.8276669
            ],
            [
              -122.2112649,
              37.8278914
            ],
            [
              -122.2112364,
              37.8278605
            ],
            [
              -122.2112113,
              37.827832
            ]
          ]
        ]
      }
    },
    {
      "id": "62",
      "type": "Feature",
      "properties": {
        "element": "way",
        "id": 105058438,
        "addr:city": "Oakland",
        "addr:housenumber": "3426",
        "addr:postcode": null,
        "addr:state": "CA",
        "addr:street": "Fruitvale Avenue",
        "branch": null,
        "brand": null,
        "brand:wikidata": null,
        "check_date:opening_hours": null,
        "name": "Farmer Joe's",
        "opening_hours": "08:30-20:30",
        "phone": null,
        "ref": null,
        "shop": "supermarket",
        "website": "http://farmerjoesmarketplace.com/",
        "wheelchair": null,
        "air_conditioning": null,
        "addr:housename": null,
        "level": null,
        "alt_name": null,
        "amenity": null,
        "cuisine": null,
        "diet:halal": null,
        "indoor_seating": null,
        "outdoor_seating": null,
        "building": "retail",
        "operator": "Joe",
        "organic": "yes",
        "check_date": null,
        "short_name": null,
        "designation": null,
        "parking": null,
        "building:levels": null,
        "diet:kosher": null,
        "payment:credit_cards": null,
        "payment:debit_cards": null,
        "addr:country": null,
        "wikidata": null,
        "wikipedia": null,
        "contact:instagram": null,
        "contact:phone": "+1-510-482-8899",
        "contact:website": null,
        "source": null,
        "official_name": null,
        "roof:levels": null,
        "building:part": null,
        "drinking_water": null,
        "toilets": null,
        "toilets:disposal": null,
        "toilets:wheelchair": null,
        "old_name": null,
        "comments": null,
        "building_1": null,
        "building_2": null,
        "payment:mastercard": null,
        "payment:visa": null,
        "historic": null,
        "historic:alt_name": null,
        "historic:name": null,
        "start_date": null
      },
      "geometry": {
        "type": "Polygon",
        "coordinates": [
          [
            [
              -122.2163809,
              37.7995259
            ],
            [
              -122.2162915,
              37.7997576
            ],
            [
              -122.2159815,
              37.7996829
            ],
            [
              -122.21566,
              37.7996055
            ],
            [
              -122.2156309,
              37.7995985
            ],
            [
              -122.2157203,
              37.7993667
            ],
            [
              -122.2157846,
              37.7993822
            ],
            [
              -122.2162132,
              37.7994855
            ],
            [
              -122.2163809,
              37.7995259
            ]
          ]
        ]
      }
    },
    {
      "id": "63",
      "type": "Feature",
      "properties": {
        "element": "way",
        "id": 109107328,
        "addr:city": null,
        "addr:housenumber": "3033",
        "addr:postcode": null,
        "addr:state": null,
        "addr:street": "MacArthur Boulevard",
        "branch": null,
        "brand": null,
        "brand:wikidata": null,
        "check_date:opening_hours": null,
        "name": "The Food Mill",
        "opening_hours": null,
        "phone": null,
        "ref": null,
        "shop": "supermarket",
        "website": null,
        "wheelchair": null,
        "air_conditioning": null,
        "addr:housename": null,
        "level": null,
        "alt_name": null,
        "amenity": null,
        "cuisine": null,
        "diet:halal": null,
        "indoor_seating": null,
        "outdoor_seating": null,
        "building": "yes",
        "operator": null,
        "organic": null,
        "check_date": null,
        "short_name": null,
        "designation": null,
        "parking": null,
        "building:levels": null,
        "diet:kosher": null,
        "payment:credit_cards": null,
        "payment:debit_cards": null,
        "addr:country": null,
        "wikidata": null,
        "wikipedia": null,
        "contact:instagram": null,
        "contact:phone": null,
        "contact:website": null,
        "source": null,
        "official_name": null,
        "roof:levels": null,
        "building:part": null,
        "drinking_water": null,
        "toilets": null,
        "toilets:disposal": null,
        "toilets:wheelchair": null,
        "old_name": null,
        "comments": null,
        "building_1": null,
        "building_2": null,
        "payment:mastercard": null,
        "payment:visa": null,
        "historic": null,
        "historic:alt_name": null,
        "historic:name": null,
        "start_date": null
      },
      "geometry": {
        "type": "Polygon",
        "coordinates": [
          [
            [
              -122.2047511,
              37.7969724
            ],
            [
              -122.204852,
              37.7968934
            ],
            [
              -122.204554,
              37.7966555
            ],
            [
              -122.2043437,
              37.7968199
            ],
            [
              -122.2045164,
              37.7969578
            ],
            [
              -122.2045574,
              37.7969257
            ],
            [
              -122.2046026,
              37.7969618
            ],
            [
              -122.2046472,
              37.7969269
            ],
            [
              -122.2046385,
              37.7969199
            ],
            [
              -122.2046622,
              37.7969014
            ],
            [
              -122.2047511,
              37.7969724
            ]
          ]
        ]
      }
    },
    {
      "id": "64",
      "type": "Feature",
      "properties": {
        "element": "way",
        "id": 116779300,
        "addr:city": null,
        "addr:housenumber": "815;817;819;821",
        "addr:postcode": null,
        "addr:state": null,
        "addr:street": "Marina Village Parkway",
        "branch": null,
        "brand": "Lucky",
        "brand:wikidata": "Q6698032",
        "check_date:opening_hours": null,
        "name": "Lucky",
        "opening_hours": null,
        "phone": null,
        "ref": null,
        "shop": "supermarket",
        "website": null,
        "wheelchair": null,
        "air_conditioning": null,
        "addr:housename": null,
        "level": null,
        "alt_name": null,
        "amenity": null,
        "cuisine": null,
        "diet:halal": null,
        "indoor_seating": null,
        "outdoor_seating": null,
        "building": "yes",
        "operator": null,
        "organic": null,
        "check_date": null,
        "short_name": null,
        "designation": null,
        "parking": null,
        "building:levels": null,
        "diet:kosher": null,
        "payment:credit_cards": null,
        "payment:debit_cards": null,
        "addr:country": null,
        "wikidata": null,
        "wikipedia": null,
        "contact:instagram": null,
        "contact:phone": null,
        "contact:website": null,
        "source": null,
        "official_name": null,
        "roof:levels": null,
        "building:part": null,
        "drinking_water": null,
        "toilets": null,
        "toilets:disposal": null,
        "toilets:wheelchair": null,
        "old_name": null,
        "comments": null,
        "building_1": null,
        "building_2": null,
        "payment:mastercard": null,
        "payment:visa": null,
        "historic": null,
        "historic:alt_name": null,
        "historic:name": null,
        "start_date": null
      },
      "geometry": {
        "type": "Polygon",
        "coordinates": [
          [
            [
              -122.2743993,
              37.7833217
            ],
            [
              -122.2745433,
              37.7835145
            ],
            [
              -122.2747267,
              37.7837598
            ],
            [
              -122.2745767,
              37.7838299
            ],
            [
              -122.274531,
              37.7837687
            ],
            [
              -122.2739685,
              37.7840312
            ],
            [
              -122.2738297,
              37.7838454
            ],
            [
              -122.2736848,
              37.7836515
            ],
            [
              -122.2738236,
              37.7835867
            ],
            [
              -122.2737936,
              37.7835466
            ],
            [
              -122.274253,
              37.7833322
            ],
            [
              -122.274285,
              37.7833751
            ],
            [
              -122.2743993,
              37.7833217
            ]
          ]
        ]
      }
    },
    {
      "id": "65",
      "type": "Feature",
      "properties": {
        "element": "way",
        "id": 116807337,
        "addr:city": "Oakland",
        "addr:housenumber": "3100",
        "addr:postcode": "94601",
        "addr:state": null,
        "addr:street": "East 9th Street",
        "branch": null,
        "brand": "FoodMaxx",
        "brand:wikidata": "Q61894844",
        "check_date:opening_hours": null,
        "name": "FoodMaxx",
        "opening_hours": null,
        "phone": "+1-510-437-8000",
        "ref": null,
        "shop": "supermarket",
        "website": null,
        "wheelchair": null,
        "air_conditioning": null,
        "addr:housename": null,
        "level": null,
        "alt_name": null,
        "amenity": null,
        "cuisine": null,
        "diet:halal": null,
        "indoor_seating": null,
        "outdoor_seating": null,
        "building": "retail",
        "operator": null,
        "organic": null,
        "check_date": null,
        "short_name": null,
        "designation": null,
        "parking": null,
        "building:levels": null,
        "diet:kosher": null,
        "payment:credit_cards": null,
        "payment:debit_cards": null,
        "addr:country": null,
        "wikidata": null,
        "wikipedia": null,
        "contact:instagram": null,
        "contact:phone": null,
        "contact:website": null,
        "source": null,
        "official_name": null,
        "roof:levels": null,
        "building:part": null,
        "drinking_water": null,
        "toilets": null,
        "toilets:disposal": null,
        "toilets:wheelchair": null,
        "old_name": null,
        "comments": null,
        "building_1": null,
        "building_2": null,
        "payment:mastercard": null,
        "payment:visa": null,
        "historic": null,
        "historic:alt_name": null,
        "historic:name": null,
        "start_date": null
      },
      "geometry": {
        "type": "Polygon",
        "coordinates": [
          [
            [
              -122.2297226,
              37.7756367
            ],
            [
              -122.2300494,
              37.7758116
            ],
            [
              -122.2300204,
              37.7758781
            ],
            [
              -122.2300961,
              37.775899
            ],
            [
              -122.2301673,
              37.7759376
            ],
            [
              -122.2302065,
              37.7758957
            ],
            [
              -122.230448,
              37.7760252
            ],
            [
              -122.2304267,
              37.7760749
            ],
            [
              -122.2305036,
              37.7760984
            ],
            [
              -122.2306359,
              37.775942
            ],
            [
              -122.2307446,
              37.7760003
            ],
            [
              -122.2308509,
              37.7758746
            ],
            [
              -122.230879,
              37.7757831
            ],
            [
              -122.2308036,
              37.7757427
            ],
            [
              -122.230927,
              37.7755985
            ],
            [
              -122.2307947,
              37.7755276
            ],
            [
              -122.2308291,
              37.7754851
            ],
            [
              -122.2302913,
              37.7751978
            ],
            [
              -122.2302551,
              37.7752392
            ],
            [
              -122.230121,
              37.7751681
            ],
            [
              -122.229803,
              37.7755422
            ],
            [
              -122.2297226,
              37.7756367
            ]
          ]
        ]
      }
    },
    {
      "id": "66",
      "type": "Feature",
      "properties": {
        "element": "way",
        "id": 118422328,
        "addr:city": "Oakland",
        "addr:housenumber": "3550",
        "addr:postcode": "94602",
        "addr:state": "CA",
        "addr:street": "Fruitvale Avenue",
        "branch": "0908",
        "brand": "Safeway",
        "brand:wikidata": "Q1508234",
        "check_date:opening_hours": null,
        "name": "Safeway",
        "opening_hours": "06:00-24:00",
        "phone": "+1 510-530-7067",
        "ref": null,
        "shop": "supermarket",
        "website": "https://local.safeway.com/safeway/ca/oakland/3550-fruitvale-ave.html",
        "wheelchair": null,
        "air_conditioning": null,
        "addr:housename": null,
        "level": null,
        "alt_name": null,
        "amenity": null,
        "cuisine": null,
        "diet:halal": null,
        "indoor_seating": null,
        "outdoor_seating": null,
        "building": "yes",
        "operator": null,
        "organic": null,
        "check_date": null,
        "short_name": null,
        "designation": "Safeway 0908",
        "parking": null,
        "building:levels": null,
        "diet:kosher": null,
        "payment:credit_cards": null,
        "payment:debit_cards": null,
        "addr:country": null,
        "wikidata": null,
        "wikipedia": null,
        "contact:instagram": null,
        "contact:phone": null,
        "contact:website": null,
        "source": null,
        "official_name": null,
        "roof:levels": null,
        "building:part": null,
        "drinking_water": null,
        "toilets": null,
        "toilets:disposal": null,
        "toilets:wheelchair": null,
        "old_name": null,
        "comments": null,
        "building_1": null,
        "building_2": null,
        "payment:mastercard": null,
        "payment:visa": null,
        "historic": null,
        "historic:alt_name": null,
        "historic:name": null,
        "start_date": null
      },
      "geometry": {
        "type": "Polygon",
        "coordinates": [
          [
            [
              -122.2157234,
              37.8011487
            ],
            [
              -122.2155658,
              37.8015349
            ],
            [
              -122.2149829,
              37.8013864
            ],
            [
              -122.2151092,
              37.801077
            ],
            [
              -122.2149428,
              37.8010346
            ],
            [
              -122.2149741,
              37.8009578
            ],
            [
              -122.2157234,
              37.8011487
            ]
          ]
        ]
      }
    },
    {
      "id": "67",
      "type": "Feature",
      "properties": {
        "element": "way",
        "id": 124842857,
        "addr:city": null,
        "addr:housenumber": "2370",
        "addr:postcode": null,
        "addr:state": null,
        "addr:street": null,
        "branch": null,
        "brand": null,
        "brand:wikidata": null,
        "check_date:opening_hours": null,
        "name": "Koreana Plaza",
        "opening_hours": "07:00-22:00",
        "phone": null,
        "ref": null,
        "shop": "supermarket",
        "website": null,
        "wheelchair": "yes",
        "air_conditioning": null,
        "addr:housename": null,
        "level": null,
        "alt_name": null,
        "amenity": null,
        "cuisine": "korean",
        "diet:halal": null,
        "indoor_seating": null,
        "outdoor_seating": null,
        "building": "retail",
        "operator": null,
        "organic": null,
        "check_date": null,
        "short_name": null,
        "designation": null,
        "parking": null,
        "building:levels": null,
        "diet:kosher": null,
        "payment:credit_cards": null,
        "payment:debit_cards": null,
        "addr:country": null,
        "wikidata": null,
        "wikipedia": null,
        "contact:instagram": null,
        "contact:phone": "+1-510-986-1234",
        "contact:website": "http://www.koreanaplaza.com/",
        "source": "Bing",
        "official_name": null,
        "roof:levels": null,
        "building:part": null,
        "drinking_water": null,
        "toilets": null,
        "toilets:disposal": null,
        "toilets:wheelchair": null,
        "old_name": null,
        "comments": null,
        "building_1": null,
        "building_2": null,
        "payment:mastercard": null,
        "payment:visa": null,
        "historic": null,
        "historic:alt_name": null,
        "historic:name": null,
        "start_date": null
      },
      "geometry": {
        "type": "Polygon",
        "coordinates": [
          [
            [
              -122.2680181,
              37.8137326
            ],
            [
              -122.2676528,
              37.8136721
            ],
            [
              -122.2676608,
              37.8136422
            ],
            [
              -122.2676122,
              37.8136341
            ],
            [
              -122.2676765,
              37.8133919
            ],
            [
              -122.2680047,
              37.8134462
            ],
            [
              -122.2680903,
              37.8134604
            ],
            [
              -122.2680181,
              37.8137326
            ]
          ]
        ]
      }
    },
    {
      "id": "68",
      "type": "Feature",
      "properties": {
        "element": "way",
        "id": 125697186,
        "addr:city": null,
        "addr:housenumber": "2910",
        "addr:postcode": null,
        "addr:state": null,
        "addr:street": "Broadway",
        "branch": null,
        "brand": "Grocery Outlet",
        "brand:wikidata": "Q5609934",
        "check_date:opening_hours": null,
        "name": "Grocery Outlet",
        "opening_hours": "07:00-22:00",
        "phone": null,
        "ref": null,
        "shop": "supermarket",
        "website": null,
        "wheelchair": "yes",
        "air_conditioning": null,
        "addr:housename": null,
        "level": null,
        "alt_name": null,
        "amenity": null,
        "cuisine": null,
        "diet:halal": null,
        "indoor_seating": null,
        "outdoor_seating": null,
        "building": "yes",
        "operator": null,
        "organic": null,
        "check_date": null,
        "short_name": null,
        "designation": null,
        "parking": null,
        "building:levels": null,
        "diet:kosher": null,
        "payment:credit_cards": null,
        "payment:debit_cards": null,
        "addr:country": null,
        "wikidata": null,
        "wikipedia": null,
        "contact:instagram": null,
        "contact:phone": null,
        "contact:website": "groceryoutlet.com",
        "source": null,
        "official_name": "Grocery Outlet Bargain Market",
        "roof:levels": null,
        "building:part": null,
        "drinking_water": null,
        "toilets": null,
        "toilets:disposal": null,
        "toilets:wheelchair": null,
        "old_name": null,
        "comments": null,
        "building_1": null,
        "building_2": null,
        "payment:mastercard": null,
        "payment:visa": null,
        "historic": null,
        "historic:alt_name": null,
        "historic:name": null,
        "start_date": null
      },
      "geometry": {
        "type": "Polygon",
        "coordinates": [
          [
            [
              -122.2616353,
              37.8178247
            ],
            [
              -122.2617702,
              37.8173189
            ],
            [
              -122.2612106,
              37.8172258
            ],
            [
              -122.2611564,
              37.8174291
            ],
            [
              -122.2611225,
              37.8174235
            ],
            [
              -122.2610885,
              37.8174178
            ],
            [
              -122.2610345,
              37.8176204
            ],
            [
              -122.2611205,
              37.8176347
            ],
            [
              -122.2610939,
              37.8177346
            ],
            [
              -122.2616353,
              37.8178247
            ]
          ]
        ]
      }
    },
    {
      "id": "69",
      "type": "Feature",
      "properties": {
        "element": "way",
        "id": 134483637,
        "addr:city": "Berkeley",
        "addr:housenumber": "1336",
        "addr:postcode": null,
        "addr:state": "CA",
        "addr:street": "Gilman Street",
        "branch": null,
        "brand": null,
        "brand:wikidata": null,
        "check_date:opening_hours": null,
        "name": "Berkeley Natural Grocery",
        "opening_hours": "Mo-Su 08:30-20:30",
        "phone": null,
        "ref": null,
        "shop": "grocery",
        "website": "https://naturalgrocery.com/",
        "wheelchair": null,
        "air_conditioning": null,
        "addr:housename": null,
        "level": null,
        "alt_name": null,
        "amenity": null,
        "cuisine": null,
        "diet:halal": null,
        "indoor_seating": null,
        "outdoor_seating": null,
        "building": "retail",
        "operator": null,
        "organic": null,
        "check_date": null,
        "short_name": null,
        "designation": null,
        "parking": null,
        "building:levels": null,
        "diet:kosher": null,
        "payment:credit_cards": null,
        "payment:debit_cards": null,
        "addr:country": "US",
        "wikidata": null,
        "wikipedia": null,
        "contact:instagram": "naturalgroceryco",
        "contact:phone": null,
        "contact:website": null,
        "source": null,
        "official_name": null,
        "roof:levels": null,
        "building:part": null,
        "drinking_water": null,
        "toilets": null,
        "toilets:disposal": null,
        "toilets:wheelchair": null,
        "old_name": null,
        "comments": null,
        "building_1": null,
        "building_2": null,
        "payment:mastercard": null,
        "payment:visa": null,
        "historic": null,
        "historic:alt_name": null,
        "historic:name": null,
        "start_date": null
      },
      "geometry": {
        "type": "Polygon",
        "coordinates": [
          [
            [
              -122.2886975,
              37.8810466
            ],
            [
              -122.2884199,
              37.8809789
            ],
            [
              -122.2885032,
              37.8807765
            ],
            [
              -122.2887793,
              37.8808466
            ],
            [
              -122.2886975,
              37.8810466
            ]
          ]
        ]
      }
    },
    {
      "id": "70",
      "type": "Feature",
      "properties": {
        "element": "way",
        "id": 163340693,
        "addr:city": "San Leandro",
        "addr:housenumber": "2179",
        "addr:postcode": "94577",
        "addr:state": "CA",
        "addr:street": "East 14th Street",
        "branch": null,
        "brand": "Grocery Outlet",
        "brand:wikidata": "Q5609934",
        "check_date:opening_hours": null,
        "name": "Grocery Outlet",
        "opening_hours": "Mo-Su 07:00-22:00",
        "phone": "+1-510-895-3605",
        "ref": null,
        "shop": "supermarket",
        "website": null,
        "wheelchair": null,
        "air_conditioning": null,
        "addr:housename": null,
        "level": null,
        "alt_name": null,
        "amenity": null,
        "cuisine": null,
        "diet:halal": null,
        "indoor_seating": null,
        "outdoor_seating": null,
        "building": "retail",
        "operator": null,
        "organic": null,
        "check_date": null,
        "short_name": null,
        "designation": null,
        "parking": null,
        "building:levels": "1",
        "diet:kosher": null,
        "payment:credit_cards": null,
        "payment:debit_cards": null,
        "addr:country": null,
        "wikidata": null,
        "wikipedia": null,
        "contact:instagram": null,
        "contact:phone": null,
        "contact:website": null,
        "source": null,
        "official_name": "Grocery Outlet Bargain Market",
        "roof:levels": "0",
        "building:part": null,
        "drinking_water": null,
        "toilets": null,
        "toilets:disposal": null,
        "toilets:wheelchair": null,
        "old_name": null,
        "comments": null,
        "building_1": null,
        "building_2": null,
        "payment:mastercard": null,
        "payment:visa": null,
        "historic": null,
        "historic:alt_name": null,
        "historic:name": null,
        "start_date": null
      },
      "geometry": {
        "type": "Polygon",
        "coordinates": [
          [
            [
              -122.1480534,
              37.718188
            ],
            [
              -122.1480458,
              37.7181506
            ],
            [
              -122.1478593,
              37.7180214
            ],
            [
              -122.1478407,
              37.7180383
            ],
            [
              -122.1477712,
              37.7179901
            ],
            [
              -122.1473623,
              37.7183597
            ],
            [
              -122.147591,
              37.718518
            ],
            [
              -122.1479617,
              37.7181829
            ],
            [
              -122.1480168,
              37.7182211
            ],
            [
              -122.1480534,
              37.718188
            ]
          ]
        ]
      }
    },
    {
      "id": "71",
      "type": "Feature",
      "properties": {
        "element": "way",
        "id": 166195195,
        "addr:city": "San Leandro",
        "addr:housenumber": "1499",
        "addr:postcode": "94577",
        "addr:state": "CA",
        "addr:street": "Washington Avenue",
        "branch": "0994",
        "brand": "Safeway",
        "brand:wikidata": "Q1508234",
        "check_date:opening_hours": null,
        "name": "Safeway",
        "opening_hours": "06:00-24:00",
        "phone": "+1 510-895-2660",
        "ref": null,
        "shop": "supermarket",
        "website": "https://local.safeway.com/safeway/ca/san-leandro/1499-washington-ave.html",
        "wheelchair": null,
        "air_conditioning": null,
        "addr:housename": null,
        "level": null,
        "alt_name": null,
        "amenity": null,
        "cuisine": null,
        "diet:halal": null,
        "indoor_seating": null,
        "outdoor_seating": null,
        "building": "retail",
        "operator": null,
        "organic": null,
        "check_date": null,
        "short_name": null,
        "designation": "Safeway 0994",
        "parking": null,
        "building:levels": null,
        "diet:kosher": null,
        "payment:credit_cards": null,
        "payment:debit_cards": null,
        "addr:country": null,
        "wikidata": null,
        "wikipedia": null,
        "contact:instagram": null,
        "contact:phone": null,
        "contact:website": null,
        "source": null,
        "official_name": null,
        "roof:levels": null,
        "building:part": null,
        "drinking_water": null,
        "toilets": null,
        "toilets:disposal": null,
        "toilets:wheelchair": null,
        "old_name": null,
        "comments": null,
        "building_1": null,
        "building_2": null,
        "payment:mastercard": null,
        "payment:visa": null,
        "historic": null,
        "historic:alt_name": null,
        "historic:name": null,
        "start_date": null
      },
      "geometry": {
        "type": "Polygon",
        "coordinates": [
          [
            [
              -122.156127,
              37.7227631
            ],
            [
              -122.1562635,
              37.7227968
            ],
            [
              -122.1566098,
              37.7233351
            ],
            [
              -122.1565669,
              37.7233524
            ],
            [
              -122.1566196,
              37.7234344
            ],
            [
              -122.1565691,
              37.7234547
            ],
            [
              -122.1565155,
              37.7233729
            ],
            [
              -122.1560962,
              37.7235449
            ],
            [
              -122.1560544,
              37.723491
            ],
            [
              -122.1560987,
              37.7234732
            ],
            [
              -122.1560475,
              37.7233937
            ],
            [
              -122.1559968,
              37.7234141
            ],
            [
              -122.1557815,
              37.7230795
            ],
            [
              -122.155829,
              37.7230604
            ],
            [
              -122.1557753,
              37.7229769
            ],
            [
              -122.1557208,
              37.7229989
            ],
            [
              -122.1556839,
              37.7229415
            ],
            [
              -122.156127,
              37.7227631
            ]
          ]
        ]
      }
    },
    {
      "id": "72",
      "type": "Feature",
      "properties": {
        "element": "way",
        "id": 221073981,
        "addr:city": "Oakland",
        "addr:housenumber": "4038",
        "addr:postcode": "94611",
        "addr:state": null,
        "addr:street": "Piedmont Avenue",
        "branch": null,
        "brand": null,
        "brand:wikidata": null,
        "check_date:opening_hours": null,
        "name": "Piedmont Grocery",
        "opening_hours": null,
        "phone": null,
        "ref": null,
        "shop": "supermarket",
        "website": "https://piedmontgrocery.com/",
        "wheelchair": null,
        "air_conditioning": null,
        "addr:housename": "Piedmont Grocery",
        "level": null,
        "alt_name": null,
        "amenity": null,
        "cuisine": null,
        "diet:halal": null,
        "indoor_seating": null,
        "outdoor_seating": null,
        "building": "yes",
        "operator": null,
        "organic": null,
        "check_date": null,
        "short_name": null,
        "designation": null,
        "parking": null,
        "building:levels": null,
        "diet:kosher": null,
        "payment:credit_cards": null,
        "payment:debit_cards": null,
        "addr:country": null,
        "wikidata": null,
        "wikipedia": null,
        "contact:instagram": null,
        "contact:phone": null,
        "contact:website": null,
        "source": null,
        "official_name": null,
        "roof:levels": null,
        "building:part": null,
        "drinking_water": null,
        "toilets": null,
        "toilets:disposal": null,
        "toilets:wheelchair": null,
        "old_name": null,
        "comments": null,
        "building_1": null,
        "building_2": null,
        "payment:mastercard": null,
        "payment:visa": null,
        "historic": null,
        "historic:alt_name": null,
        "historic:name": null,
        "start_date": null
      },
      "geometry": {
        "type": "Polygon",
        "coordinates": [
          [
            [
              -122.253016,
              37.8258441
            ],
            [
              -122.2532181,
              37.825694
            ],
            [
              -122.2530559,
              37.8255778
            ],
            [
              -122.2526202,
              37.8252645
            ],
            [
              -122.2523621,
              37.8254821
            ],
            [
              -122.2526464,
              37.825676
            ],
            [
              -122.2527085,
              37.8256308
            ],
            [
              -122.253016,
              37.8258441
            ]
          ]
        ]
      }
    },
    {
      "id": "73",
      "type": "Feature",
      "properties": {
        "element": "way",
        "id": 232290752,
        "addr:city": null,
        "addr:housenumber": "237;247;265",
        "addr:postcode": null,
        "addr:state": null,
        "addr:street": "East 18th Street",
        "branch": null,
        "brand": "Lucky",
        "brand:wikidata": "Q6698032",
        "check_date:opening_hours": null,
        "name": "Lucky",
        "opening_hours": null,
        "phone": null,
        "ref": null,
        "shop": "supermarket",
        "website": null,
        "wheelchair": null,
        "air_conditioning": null,
        "addr:housename": null,
        "level": null,
        "alt_name": null,
        "amenity": null,
        "cuisine": null,
        "diet:halal": null,
        "indoor_seating": null,
        "outdoor_seating": null,
        "building": "yes",
        "operator": null,
        "organic": null,
        "check_date": null,
        "short_name": null,
        "designation": null,
        "parking": null,
        "building:levels": null,
        "diet:kosher": null,
        "payment:credit_cards": null,
        "payment:debit_cards": null,
        "addr:country": null,
        "wikidata": null,
        "wikipedia": null,
        "contact:instagram": null,
        "contact:phone": null,
        "contact:website": null,
        "source": null,
        "official_name": null,
        "roof:levels": null,
        "building:part": null,
        "drinking_water": null,
        "toilets": null,
        "toilets:disposal": null,
        "toilets:wheelchair": null,
        "old_name": null,
        "comments": null,
        "building_1": null,
        "building_2": null,
        "payment:mastercard": null,
        "payment:visa": null,
        "historic": null,
        "historic:alt_name": null,
        "historic:name": null,
        "start_date": null
      },
      "geometry": {
        "type": "Polygon",
        "coordinates": [
          [
            [
              -122.2537192,
              37.7994524
            ],
            [
              -122.2536334,
              37.7995075
            ],
            [
              -122.2534831,
              37.7997703
            ],
            [
              -122.2533586,
              37.7996617
            ],
            [
              -122.2528763,
              37.7992404
            ],
            [
              -122.2532733,
              37.7989501
            ],
            [
              -122.2537748,
              37.7994163
            ],
            [
              -122.2537192,
              37.7994524
            ]
          ]
        ]
      }
    },
    {
      "id": "74",
      "type": "Feature",
      "properties": {
        "element": "way",
        "id": 236495188,
        "addr:city": null,
        "addr:housenumber": "3501",
        "addr:postcode": null,
        "addr:state": null,
        "addr:street": "MacArthur Boulevard",
        "branch": null,
        "brand": null,
        "brand:wikidata": null,
        "check_date:opening_hours": null,
        "name": "Farmer Joe's",
        "opening_hours": "Mo-Fr 09:00-20:00; Sa-Su 9:00-19:30",
        "phone": null,
        "ref": null,
        "shop": "supermarket",
        "website": "http://farmerjoesmarketplace.com/",
        "wheelchair": null,
        "air_conditioning": null,
        "addr:housename": null,
        "level": null,
        "alt_name": null,
        "amenity": null,
        "cuisine": null,
        "diet:halal": null,
        "indoor_seating": null,
        "outdoor_seating": null,
        "building": "retail",
        "operator": null,
        "organic": "yes",
        "check_date": null,
        "short_name": null,
        "designation": null,
        "parking": null,
        "building:levels": null,
        "diet:kosher": null,
        "payment:credit_cards": null,
        "payment:debit_cards": null,
        "addr:country": null,
        "wikidata": null,
        "wikipedia": null,
        "contact:instagram": null,
        "contact:phone": "+1-510-482-8178",
        "contact:website": null,
        "source": null,
        "official_name": null,
        "roof:levels": null,
        "building:part": null,
        "drinking_water": null,
        "toilets": null,
        "toilets:disposal": null,
        "toilets:wheelchair": null,
        "old_name": null,
        "comments": null,
        "building_1": null,
        "building_2": null,
        "payment:mastercard": null,
        "payment:visa": null,
        "historic": null,
        "historic:alt_name": null,
        "historic:name": null,
        "start_date": null
      },
      "geometry": {
        "type": "Polygon",
        "coordinates": [
          [
            [
              -122.2006562,
              37.7936065
            ],
            [
              -122.2005041,
              37.793446
            ],
            [
              -122.2007005,
              37.7933297
            ],
            [
              -122.2007075,
              37.7933371
            ],
            [
              -122.2007645,
              37.7933034
            ],
            [
              -122.2009009,
              37.7934473
            ],
            [
              -122.200843,
              37.7934816
            ],
            [
              -122.2008517,
              37.7934908
            ],
            [
              -122.2006562,
              37.7936065
            ]
          ]
        ]
      }
    },
    {
      "id": "75",
      "type": "Feature",
      "properties": {
        "element": "way",
        "id": 237058109,
        "addr:city": null,
        "addr:housenumber": "730",
        "addr:postcode": null,
        "addr:state": null,
        "addr:street": "Buena Vista Avenue",
        "branch": null,
        "brand": "Grocery Outlet",
        "brand:wikidata": "Q5609934",
        "check_date:opening_hours": null,
        "name": "Grocery Outlet",
        "opening_hours": null,
        "phone": null,
        "ref": null,
        "shop": "supermarket",
        "website": null,
        "wheelchair": null,
        "air_conditioning": null,
        "addr:housename": null,
        "level": null,
        "alt_name": null,
        "amenity": null,
        "cuisine": null,
        "diet:halal": null,
        "indoor_seating": null,
        "outdoor_seating": null,
        "building": "yes",
        "operator": null,
        "organic": null,
        "check_date": null,
        "short_name": null,
        "designation": null,
        "parking": null,
        "building:levels": null,
        "diet:kosher": null,
        "payment:credit_cards": null,
        "payment:debit_cards": null,
        "addr:country": null,
        "wikidata": null,
        "wikipedia": null,
        "contact:instagram": null,
        "contact:phone": null,
        "contact:website": null,
        "source": null,
        "official_name": "Grocery Outlet Bargain Market",
        "roof:levels": null,
        "building:part": null,
        "drinking_water": null,
        "toilets": null,
        "toilets:disposal": null,
        "toilets:wheelchair": null,
        "old_name": null,
        "comments": null,
        "building_1": null,
        "building_2": null,
        "payment:mastercard": null,
        "payment:visa": null,
        "historic": null,
        "historic:alt_name": null,
        "historic:name": null,
        "start_date": null
      },
      "geometry": {
        "type": "Polygon",
        "coordinates": [
          [
            [
              -122.275019,
              37.7769666
            ],
            [
              -122.2750369,
              37.7765017
            ],
            [
              -122.2749509,
              37.7764996
            ],
            [
              -122.2749503,
              37.7765141
            ],
            [
              -122.2745988,
              37.7765056
            ],
            [
              -122.2745889,
              37.7767576
            ],
            [
              -122.2745244,
              37.7767563
            ],
            [
              -122.2745244,
              37.7767766
            ],
            [
              -122.2745494,
              37.7769434
            ],
            [
              -122.2749369,
              37.7769519
            ],
            [
              -122.2749365,
              37.7769646
            ],
            [
              -122.275019,
              37.7769666
            ]
          ]
        ]
      }
    },
    {
      "id": "76",
      "type": "Feature",
      "properties": {
        "element": "way",
        "id": 239731316,
        "addr:city": "San Leandro",
        "addr:housenumber": "555",
        "addr:postcode": "94577",
        "addr:state": "CA",
        "addr:street": "Bancroft Avenue",
        "branch": "0790",
        "brand": "Safeway",
        "brand:wikidata": "Q1508234",
        "check_date:opening_hours": null,
        "name": "Safeway",
        "opening_hours": "06:00-24:00",
        "phone": "+1 510-632-2949",
        "ref": null,
        "shop": "supermarket",
        "website": "https://local.safeway.com/safeway/ca/san-leandro/555-bancroft-ave.html",
        "wheelchair": null,
        "air_conditioning": null,
        "addr:housename": null,
        "level": null,
        "alt_name": null,
        "amenity": null,
        "cuisine": null,
        "diet:halal": null,
        "indoor_seating": null,
        "outdoor_seating": null,
        "building": "yes",
        "operator": null,
        "organic": null,
        "check_date": null,
        "short_name": null,
        "designation": "Safeway 0790",
        "parking": null,
        "building:levels": null,
        "diet:kosher": null,
        "payment:credit_cards": null,
        "payment:debit_cards": null,
        "addr:country": null,
        "wikidata": null,
        "wikipedia": null,
        "contact:instagram": null,
        "contact:phone": null,
        "contact:website": null,
        "source": null,
        "official_name": null,
        "roof:levels": null,
        "building:part": null,
        "drinking_water": null,
        "toilets": null,
        "toilets:disposal": null,
        "toilets:wheelchair": null,
        "old_name": null,
        "comments": null,
        "building_1": null,
        "building_2": null,
        "payment:mastercard": null,
        "payment:visa": null,
        "historic": null,
        "historic:alt_name": null,
        "historic:name": null,
        "start_date": null
      },
      "geometry": {
        "type": "Polygon",
        "coordinates": [
          [
            [
              -122.1528881,
              37.7344865
            ],
            [
              -122.1522859,
              37.734776
            ],
            [
              -122.1520594,
              37.7344469
            ],
            [
              -122.1521169,
              37.7344176
            ],
            [
              -122.1520975,
              37.7343945
            ],
            [
              -122.1524777,
              37.7342054
            ],
            [
              -122.1524965,
              37.734233
            ],
            [
              -122.1525716,
              37.7341969
            ],
            [
              -122.1527419,
              37.7344409
            ],
            [
              -122.1528264,
              37.7344016
            ],
            [
              -122.1528881,
              37.7344865
            ]
          ]
        ]
      }
    },
    {
      "id": "77",
      "type": "Feature",
      "properties": {
        "element": "way",
        "id": 239957672,
        "addr:city": "San Leandro",
        "addr:housenumber": "699",
        "addr:postcode": "94579",
        "addr:state": "CA",
        "addr:street": "Lewelling Boulevard",
        "branch": null,
        "brand": "Safeway",
        "brand:wikidata": "Q1508234",
        "check_date:opening_hours": null,
        "name": "Safeway",
        "opening_hours": "06:00-24:00",
        "phone": "+1 510-483-2225",
        "ref": null,
        "shop": "supermarket",
        "website": "https://local.safeway.com/safeway/ca/san-leandro/699-lewelling-blvd.html",
        "wheelchair": "yes",
        "air_conditioning": null,
        "addr:housename": null,
        "level": null,
        "alt_name": null,
        "amenity": null,
        "cuisine": null,
        "diet:halal": null,
        "indoor_seating": null,
        "outdoor_seating": null,
        "building": "yes",
        "operator": null,
        "organic": null,
        "check_date": null,
        "short_name": null,
        "designation": "Safeway 2315",
        "parking": null,
        "building:levels": null,
        "diet:kosher": null,
        "payment:credit_cards": null,
        "payment:debit_cards": null,
        "addr:country": null,
        "wikidata": null,
        "wikipedia": null,
        "contact:instagram": null,
        "contact:phone": null,
        "contact:website": null,
        "source": null,
        "official_name": null,
        "roof:levels": null,
        "building:part": null,
        "drinking_water": null,
        "toilets": null,
        "toilets:disposal": null,
        "toilets:wheelchair": null,
        "old_name": null,
        "comments": null,
        "building_1": null,
        "building_2": null,
        "payment:mastercard": null,
        "payment:visa": null,
        "historic": null,
        "historic:alt_name": null,
        "historic:name": null,
        "start_date": null
      },
      "geometry": {
        "type": "Polygon",
        "coordinates": [
          [
            [
              -122.1384404,
              37.6895556
            ],
            [
              -122.1387328,
              37.689269
            ],
            [
              -122.1385312,
              37.6891335
            ],
            [
              -122.1382688,
              37.6889571
            ],
            [
              -122.1381596,
              37.6890581
            ],
            [
              -122.1381266,
              37.6890399
            ],
            [
              -122.1378476,
              37.6893072
            ],
            [
              -122.1378745,
              37.6893285
            ],
            [
              -122.137776,
              37.6894316
            ],
            [
              -122.1378196,
              37.6894603
            ],
            [
              -122.1380288,
              37.6895983
            ],
            [
              -122.1383278,
              37.6897954
            ],
            [
              -122.1385236,
              37.6896044
            ],
            [
              -122.1384404,
              37.6895556
            ]
          ]
        ]
      }
    },
    {
      "id": "78",
      "type": "Feature",
      "properties": {
        "element": "way",
        "id": 241077434,
        "addr:city": "Oakland",
        "addr:housenumber": "4100",
        "addr:postcode": "94619",
        "addr:state": "CA",
        "addr:street": "Redwood Road",
        "branch": "0638",
        "brand": "Safeway",
        "brand:wikidata": "Q1508234",
        "check_date:opening_hours": null,
        "name": "Safeway",
        "opening_hours": "06:00-24:00",
        "phone": "+1 510-531-0565",
        "ref": null,
        "shop": "supermarket",
        "website": "https://local.safeway.com/safeway/ca/oakland/4100-redwood-rd.html",
        "wheelchair": null,
        "air_conditioning": null,
        "addr:housename": null,
        "level": null,
        "alt_name": null,
        "amenity": null,
        "cuisine": null,
        "diet:halal": null,
        "indoor_seating": null,
        "outdoor_seating": null,
        "building": "yes",
        "operator": null,
        "organic": null,
        "check_date": null,
        "short_name": null,
        "designation": "Safeway 0638",
        "parking": null,
        "building:levels": null,
        "diet:kosher": null,
        "payment:credit_cards": null,
        "payment:debit_cards": null,
        "addr:country": null,
        "wikidata": null,
        "wikipedia": null,
        "contact:instagram": null,
        "contact:phone": null,
        "contact:website": null,
        "source": null,
        "official_name": null,
        "roof:levels": null,
        "building:part": null,
        "drinking_water": null,
        "toilets": null,
        "toilets:disposal": null,
        "toilets:wheelchair": null,
        "old_name": null,
        "comments": null,
        "building_1": null,
        "building_2": null,
        "payment:mastercard": null,
        "payment:visa": null,
        "historic": null,
        "historic:alt_name": null,
        "historic:name": null,
        "start_date": null
      },
      "geometry": {
        "type": "Polygon",
        "coordinates": [
          [
            [
              -122.1825171,
              37.7985838
            ],
            [
              -122.1825587,
              37.798623
            ],
            [
              -122.1825521,
              37.7986273
            ],
            [
              -122.1825521,
              37.7986411
            ],
            [
              -122.1824165,
              37.7986622
            ],
            [
              -122.1823575,
              37.7986018
            ],
            [
              -122.1823884,
              37.7985838
            ],
            [
              -122.1822529,
              37.7984376
            ],
            [
              -122.1822423,
              37.798444
            ],
            [
              -122.1820571,
              37.7982733
            ],
            [
              -122.1824234,
              37.7980477
            ],
            [
              -122.1827989,
              37.7984154
            ],
            [
              -122.1827439,
              37.7984514
            ],
            [
              -122.1827345,
              37.798444
            ],
            [
              -122.1825171,
              37.7985838
            ]
          ]
        ]
      }
    },
    {
      "id": "79",
      "type": "Feature",
      "properties": {
        "element": "way",
        "id": 241080851,
        "addr:city": "Oakland",
        "addr:housenumber": "3747",
        "addr:postcode": "94610",
        "addr:state": "CA",
        "addr:street": "Grand Avenue",
        "branch": "1119",
        "brand": "Safeway",
        "brand:wikidata": "Q1508234",
        "check_date:opening_hours": null,
        "name": "Safeway",
        "opening_hours": "06:00-24:00",
        "phone": "+1 510-465-4187",
        "ref": null,
        "shop": "supermarket",
        "website": "https://local.safeway.com/safeway/ca/oakland/3747-grand-ave.html",
        "wheelchair": null,
        "air_conditioning": null,
        "addr:housename": null,
        "level": null,
        "alt_name": null,
        "amenity": null,
        "cuisine": null,
        "diet:halal": null,
        "indoor_seating": null,
        "outdoor_seating": null,
        "building": "yes",
        "operator": null,
        "organic": null,
        "check_date": null,
        "short_name": null,
        "designation": "Safeway 1119",
        "parking": null,
        "building:levels": null,
        "diet:kosher": null,
        "payment:credit_cards": null,
        "payment:debit_cards": null,
        "addr:country": null,
        "wikidata": null,
        "wikipedia": null,
        "contact:instagram": null,
        "contact:phone": null,
        "contact:website": null,
        "source": null,
        "official_name": null,
        "roof:levels": null,
        "building:part": null,
        "drinking_water": null,
        "toilets": null,
        "toilets:disposal": null,
        "toilets:wheelchair": null,
        "old_name": null,
        "comments": null,
        "building_1": null,
        "building_2": null,
        "payment:mastercard": null,
        "payment:visa": null,
        "historic": null,
        "historic:alt_name": null,
        "historic:name": null,
        "start_date": null
      },
      "geometry": {
        "type": "Polygon",
        "coordinates": [
          [
            [
              -122.2453735,
              37.8174203
            ],
            [
              -122.2454273,
              37.8174317
            ],
            [
              -122.2454298,
              37.8174241
            ],
            [
              -122.2456405,
              37.8174685
            ],
            [
              -122.2456293,
              37.8175015
            ],
            [
              -122.2457532,
              37.8175276
            ],
            [
              -122.2458358,
              37.8175724
            ],
            [
              -122.2457772,
              37.8176399
            ],
            [
              -122.2458359,
              37.8176525
            ],
            [
              -122.2459978,
              37.8171845
            ],
            [
              -122.2459493,
              37.8171741
            ],
            [
              -122.245489,
              37.8170747
            ],
            [
              -122.2454472,
              37.8171956
            ],
            [
              -122.2454573,
              37.8171978
            ],
            [
              -122.2454258,
              37.8172896
            ],
            [
              -122.2454184,
              37.817288
            ],
            [
              -122.2453735,
              37.8174203
            ]
          ]
        ]
      }
    },
    {
      "id": "80",
      "type": "Feature",
      "properties": {
        "element": "way",
        "id": 249340313,
        "addr:city": null,
        "addr:housenumber": "555",
        "addr:postcode": "94578",
        "addr:state": null,
        "addr:street": "Floresta Boulevard",
        "branch": null,
        "brand": null,
        "brand:wikidata": null,
        "check_date:opening_hours": null,
        "name": "Pak N Save",
        "opening_hours": null,
        "phone": null,
        "ref": null,
        "shop": "supermarket",
        "website": "safeway.com",
        "wheelchair": null,
        "air_conditioning": null,
        "addr:housename": null,
        "level": null,
        "alt_name": null,
        "amenity": null,
        "cuisine": null,
        "diet:halal": null,
        "indoor_seating": null,
        "outdoor_seating": null,
        "building": "yes",
        "operator": null,
        "organic": null,
        "check_date": null,
        "short_name": null,
        "designation": "Safeway",
        "parking": null,
        "building:levels": null,
        "diet:kosher": null,
        "payment:credit_cards": null,
        "payment:debit_cards": null,
        "addr:country": null,
        "wikidata": null,
        "wikipedia": null,
        "contact:instagram": null,
        "contact:phone": null,
        "contact:website": null,
        "source": null,
        "official_name": null,
        "roof:levels": null,
        "building:part": null,
        "drinking_water": null,
        "toilets": null,
        "toilets:disposal": null,
        "toilets:wheelchair": null,
        "old_name": null,
        "comments": null,
        "building_1": null,
        "building_2": null,
        "payment:mastercard": null,
        "payment:visa": null,
        "historic": null,
        "historic:alt_name": null,
        "historic:name": null,
        "start_date": null
      },
      "geometry": {
        "type": "Polygon",
        "coordinates": [
          [
            [
              -122.1433742,
              37.7024833
            ],
            [
              -122.1438094,
              37.703138
            ],
            [
              -122.1431446,
              37.7034143
            ],
            [
              -122.1430429,
              37.7032611
            ],
            [
              -122.1429581,
              37.7032963
            ],
            [
              -122.1429323,
              37.7032574
            ],
            [
              -122.14295,
              37.70325
            ],
            [
              -122.1428774,
              37.7031406
            ],
            [
              -122.1428929,
              37.7031341
            ],
            [
              -122.1428789,
              37.7031131
            ],
            [
              -122.1429334,
              37.7030904
            ],
            [
              -122.1428978,
              37.7030368
            ],
            [
              -122.1429566,
              37.7030123
            ],
            [
              -122.1427559,
              37.7027101
            ],
            [
              -122.1428349,
              37.7026773
            ],
            [
              -122.1428309,
              37.7026714
            ],
            [
              -122.1429929,
              37.7026041
            ],
            [
              -122.1429992,
              37.7026136
            ],
            [
              -122.1430756,
              37.7025818
            ],
            [
              -122.1430889,
              37.7026019
            ],
            [
              -122.1433742,
              37.7024833
            ]
          ]
        ]
      }
    },
    {
      "id": "81",
      "type": "Feature",
      "properties": {
        "element": "way",
        "id": 252243906,
        "addr:city": "Moraga",
        "addr:housenumber": "1355",
        "addr:postcode": "94556",
        "addr:state": "CA",
        "addr:street": "Moraga Way",
        "branch": null,
        "brand": "Safeway",
        "brand:wikidata": "Q1508234",
        "check_date:opening_hours": null,
        "name": "Safeway",
        "opening_hours": "24/7",
        "phone": "+1 925-376-9492",
        "ref": "0969",
        "shop": "supermarket",
        "website": "https://local.safeway.com/safeway/ca/moraga/1355-moraga-way.html",
        "wheelchair": null,
        "air_conditioning": null,
        "addr:housename": null,
        "level": null,
        "alt_name": null,
        "amenity": null,
        "cuisine": null,
        "diet:halal": null,
        "indoor_seating": null,
        "outdoor_seating": null,
        "building": "retail",
        "operator": null,
        "organic": null,
        "check_date": null,
        "short_name": null,
        "designation": "Safeway 0969",
        "parking": null,
        "building:levels": null,
        "diet:kosher": null,
        "payment:credit_cards": null,
        "payment:debit_cards": null,
        "addr:country": null,
        "wikidata": null,
        "wikipedia": null,
        "contact:instagram": null,
        "contact:phone": null,
        "contact:website": null,
        "source": null,
        "official_name": null,
        "roof:levels": null,
        "building:part": null,
        "drinking_water": null,
        "toilets": null,
        "toilets:disposal": null,
        "toilets:wheelchair": null,
        "old_name": null,
        "comments": null,
        "building_1": null,
        "building_2": null,
        "payment:mastercard": null,
        "payment:visa": null,
        "historic": null,
        "historic:alt_name": null,
        "historic:name": null,
        "start_date": null
      },
      "geometry": {
        "type": "Polygon",
        "coordinates": [
          [
            [
              -122.1278806,
              37.8364118
            ],
            [
              -122.1281566,
              37.8365721
            ],
            [
              -122.1282221,
              37.8365042
            ],
            [
              -122.128587,
              37.8367307
            ],
            [
              -122.1286273,
              37.8366928
            ],
            [
              -122.1289996,
              37.836342
            ],
            [
              -122.1288829,
              37.8362781
            ],
            [
              -122.1288995,
              37.8362559
            ],
            [
              -122.1284515,
              37.8359812
            ],
            [
              -122.1284303,
              37.8360006
            ],
            [
              -122.1283168,
              37.8359305
            ],
            [
              -122.1282914,
              37.8359571
            ],
            [
              -122.1283143,
              37.835971
            ],
            [
              -122.1279888,
              37.8362997
            ],
            [
              -122.1278961,
              37.8363958
            ],
            [
              -122.1278806,
              37.8364118
            ]
          ]
        ]
      }
    },
    {
      "id": "82",
      "type": "Feature",
      "properties": {
        "element": "way",
        "id": 256663080,
        "addr:city": null,
        "addr:housenumber": "2531;2611",
        "addr:postcode": null,
        "addr:state": null,
        "addr:street": "Blanding Avenue",
        "branch": null,
        "brand": null,
        "brand:wikidata": null,
        "check_date:opening_hours": null,
        "name": "Nob Hill Foods",
        "opening_hours": null,
        "phone": null,
        "ref": null,
        "shop": "supermarket",
        "website": null,
        "wheelchair": null,
        "air_conditioning": null,
        "addr:housename": null,
        "level": null,
        "alt_name": null,
        "amenity": null,
        "cuisine": null,
        "diet:halal": null,
        "indoor_seating": null,
        "outdoor_seating": null,
        "building": "yes",
        "operator": null,
        "organic": null,
        "check_date": null,
        "short_name": null,
        "designation": null,
        "parking": null,
        "building:levels": null,
        "diet:kosher": null,
        "payment:credit_cards": null,
        "payment:debit_cards": null,
        "addr:country": null,
        "wikidata": null,
        "wikipedia": null,
        "contact:instagram": null,
        "contact:phone": null,
        "contact:website": null,
        "source": null,
        "official_name": null,
        "roof:levels": null,
        "building:part": null,
        "drinking_water": null,
        "toilets": null,
        "toilets:disposal": null,
        "toilets:wheelchair": null,
        "old_name": null,
        "comments": null,
        "building_1": null,
        "building_2": null,
        "payment:mastercard": null,
        "payment:visa": null,
        "historic": null,
        "historic:alt_name": null,
        "historic:name": null,
        "start_date": null
      },
      "geometry": {
        "type": "Polygon",
        "coordinates": [
          [
            [
              -122.2339366,
              37.7690037
            ],
            [
              -122.2338221,
              37.7691463
            ],
            [
              -122.2337715,
              37.7691212
            ],
            [
              -122.2337158,
              37.7691873
            ],
            [
              -122.2337677,
              37.7692123
            ],
            [
              -122.233612,
              37.7694034
            ],
            [
              -122.2335601,
              37.7693754
            ],
            [
              -122.2335037,
              37.7694393
            ],
            [
              -122.2335588,
              37.7694685
            ],
            [
              -122.2334183,
              37.7696326
            ],
            [
              -122.2336677,
              37.7697646
            ],
            [
              -122.2336842,
              37.7697446
            ],
            [
              -122.2339275,
              37.7698696
            ],
            [
              -122.2339463,
              37.7698477
            ],
            [
              -122.2340928,
              37.7699237
            ],
            [
              -122.234106,
              37.7699061
            ],
            [
              -122.2341959,
              37.7699503
            ],
            [
              -122.2342428,
              37.7698907
            ],
            [
              -122.2341566,
              37.76985
            ],
            [
              -122.234492,
              37.7694375
            ],
            [
              -122.2344536,
              37.7694173
            ],
            [
              -122.2345256,
              37.7693276
            ],
            [
              -122.2345188,
              37.7693029
            ],
            [
              -122.2339366,
              37.7690037
            ]
          ]
        ]
      }
    },
    {
      "id": "83",
      "type": "Feature",
      "properties": {
        "element": "way",
        "id": 279161590,
        "addr:city": "Piedmont",
        "addr:housenumber": "325",
        "addr:postcode": "94611",
        "addr:state": null,
        "addr:street": "Highland Avenue",
        "branch": null,
        "brand": null,
        "brand:wikidata": null,
        "check_date:opening_hours": null,
        "name": "Mulberries' Market",
        "opening_hours": null,
        "phone": null,
        "ref": null,
        "shop": "supermarket",
        "website": null,
        "wheelchair": null,
        "air_conditioning": null,
        "addr:housename": null,
        "level": null,
        "alt_name": null,
        "amenity": null,
        "cuisine": null,
        "diet:halal": null,
        "indoor_seating": null,
        "outdoor_seating": null,
        "building": null,
        "operator": null,
        "organic": null,
        "check_date": null,
        "short_name": null,
        "designation": null,
        "parking": null,
        "building:levels": null,
        "diet:kosher": null,
        "payment:credit_cards": null,
        "payment:debit_cards": null,
        "addr:country": null,
        "wikidata": null,
        "wikipedia": null,
        "contact:instagram": null,
        "contact:phone": null,
        "contact:website": null,
        "source": null,
        "official_name": null,
        "roof:levels": null,
        "building:part": "yes",
        "drinking_water": null,
        "toilets": null,
        "toilets:disposal": null,
        "toilets:wheelchair": null,
        "old_name": null,
        "comments": null,
        "building_1": null,
        "building_2": null,
        "payment:mastercard": null,
        "payment:visa": null,
        "historic": null,
        "historic:alt_name": null,
        "historic:name": null,
        "start_date": null
      },
      "geometry": {
        "type": "Polygon",
        "coordinates": [
          [
            [
              -122.2329238,
              37.8251096
            ],
            [
              -122.2328499,
              37.8249797
            ],
            [
              -122.2326033,
              37.8250673
            ],
            [
              -122.232676,
              37.8251968
            ],
            [
              -122.2329238,
              37.8251096
            ]
          ]
        ]
      }
    },
    {
      "id": "84",
      "type": "Feature",
      "properties": {
        "element": "way",
        "id": 283740716,
        "addr:city": "San Leandro",
        "addr:housenumber": "15070",
        "addr:postcode": "94578",
        "addr:state": null,
        "addr:street": "Hesperian Boulevard",
        "branch": null,
        "brand": "Lucky",
        "brand:wikidata": "Q6698032",
        "check_date:opening_hours": null,
        "name": "Lucky",
        "opening_hours": null,
        "phone": null,
        "ref": null,
        "shop": "supermarket",
        "website": null,
        "wheelchair": "yes",
        "air_conditioning": null,
        "addr:housename": null,
        "level": null,
        "alt_name": null,
        "amenity": null,
        "cuisine": null,
        "diet:halal": null,
        "indoor_seating": null,
        "outdoor_seating": null,
        "building": "retail",
        "operator": null,
        "organic": null,
        "check_date": null,
        "short_name": null,
        "designation": null,
        "parking": null,
        "building:levels": null,
        "diet:kosher": null,
        "payment:credit_cards": null,
        "payment:debit_cards": null,
        "addr:country": null,
        "wikidata": null,
        "wikipedia": null,
        "contact:instagram": null,
        "contact:phone": null,
        "contact:website": null,
        "source": null,
        "official_name": null,
        "roof:levels": null,
        "building:part": null,
        "drinking_water": null,
        "toilets": null,
        "toilets:disposal": null,
        "toilets:wheelchair": null,
        "old_name": null,
        "comments": null,
        "building_1": null,
        "building_2": null,
        "payment:mastercard": null,
        "payment:visa": null,
        "historic": null,
        "historic:alt_name": null,
        "historic:name": null,
        "start_date": null
      },
      "geometry": {
        "type": "Polygon",
        "coordinates": [
          [
            [
              -122.1285027,
              37.7041041
            ],
            [
              -122.128467,
              37.7038271
            ],
            [
              -122.1285287,
              37.7038221
            ],
            [
              -122.1285253,
              37.703796
            ],
            [
              -122.1284407,
              37.7038028
            ],
            [
              -122.1284275,
              37.7037003
            ],
            [
              -122.1283953,
              37.7034506
            ],
            [
              -122.1284768,
              37.703444
            ],
            [
              -122.1284852,
              37.7035097
            ],
            [
              -122.1285662,
              37.7035032
            ],
            [
              -122.1285672,
              37.7035113
            ],
            [
              -122.1287034,
              37.7035003
            ],
            [
              -122.1286988,
              37.7034645
            ],
            [
              -122.1287054,
              37.703464
            ],
            [
              -122.1287028,
              37.7034437
            ],
            [
              -122.1287762,
              37.7034378
            ],
            [
              -122.1287787,
              37.7034571
            ],
            [
              -122.1290702,
              37.7034335
            ],
            [
              -122.1290673,
              37.7034113
            ],
            [
              -122.1291074,
              37.703408
            ],
            [
              -122.1291319,
              37.7034061
            ],
            [
              -122.1291345,
              37.7034266
            ],
            [
              -122.1291455,
              37.7034257
            ],
            [
              -122.1291501,
              37.7034614
            ],
            [
              -122.1292682,
              37.7034519
            ],
            [
              -122.1292671,
              37.7034433
            ],
            [
              -122.1293246,
              37.7034386
            ],
            [
              -122.1293257,
              37.7034469
            ],
            [
              -122.1293465,
              37.7034452
            ],
            [
              -122.1293856,
              37.7037477
            ],
            [
              -122.1294489,
              37.7037426
            ],
            [
              -122.1294851,
              37.7040231
            ],
            [
              -122.1289557,
              37.7040659
            ],
            [
              -122.1289553,
              37.7040628
            ],
            [
              -122.1287364,
              37.7040805
            ],
            [
              -122.128737,
              37.7040852
            ],
            [
              -122.1285027,
              37.7041041
            ]
          ]
        ]
      }
    },
    {
      "id": "85",
      "type": "Feature",
      "properties": {
        "element": "way",
        "id": 294213897,
        "addr:city": "Berkeley",
        "addr:housenumber": "1025",
        "addr:postcode": "94710",
        "addr:state": "CA",
        "addr:street": "Gilman Street",
        "branch": "Gilman",
        "brand": "Whole Foods Market",
        "brand:wikidata": "Q1809448",
        "check_date:opening_hours": "2024-10-03",
        "name": "Whole Foods Market",
        "opening_hours": "Mo-Su 08:00-22:00",
        "phone": "+1 510-809-8293",
        "ref": "1627736",
        "shop": "supermarket",
        "website": "https://www.wholefoodsmarket.com/stores/gilman",
        "wheelchair": "yes",
        "air_conditioning": null,
        "addr:housename": null,
        "level": null,
        "alt_name": null,
        "amenity": null,
        "cuisine": null,
        "diet:halal": null,
        "indoor_seating": null,
        "outdoor_seating": null,
        "building": "retail",
        "operator": null,
        "organic": null,
        "check_date": "2024-10-03",
        "short_name": null,
        "designation": null,
        "parking": null,
        "building:levels": null,
        "diet:kosher": null,
        "payment:credit_cards": null,
        "payment:debit_cards": null,
        "addr:country": null,
        "wikidata": null,
        "wikipedia": null,
        "contact:instagram": null,
        "contact:phone": null,
        "contact:website": null,
        "source": null,
        "official_name": null,
        "roof:levels": null,
        "building:part": null,
        "drinking_water": "yes",
        "toilets": "yes",
        "toilets:disposal": "flush",
        "toilets:wheelchair": "yes",
        "old_name": null,
        "comments": null,
        "building_1": null,
        "building_2": null,
        "payment:mastercard": null,
        "payment:visa": null,
        "historic": null,
        "historic:alt_name": null,
        "historic:name": null,
        "start_date": null
      },
      "geometry": {
        "type": "Polygon",
        "coordinates": [
          [
            [
              -122.2980346,
              37.8810107
            ],
            [
              -122.2979937,
              37.8808822
            ],
            [
              -122.2981889,
              37.8808436
            ],
            [
              -122.2980974,
              37.8805558
            ],
            [
              -122.2981046,
              37.8805544
            ],
            [
              -122.298084,
              37.8804898
            ],
            [
              -122.2976921,
              37.8805674
            ],
            [
              -122.2977003,
              37.8805932
            ],
            [
              -122.2972262,
              37.8806871
            ],
            [
              -122.2973709,
              37.8811421
            ],
            [
              -122.2974403,
              37.8811284
            ],
            [
              -122.2977062,
              37.8810757
            ],
            [
              -122.2980346,
              37.8810107
            ]
          ]
        ]
      }
    },
    {
      "id": "86",
      "type": "Feature",
      "properties": {
        "element": "way",
        "id": 310635103,
        "addr:city": "Berkeley",
        "addr:housenumber": "1550",
        "addr:postcode": "94709",
        "addr:state": "CA",
        "addr:street": "Shattuck Avenue",
        "branch": null,
        "brand": "Andronico's",
        "brand:wikidata": "Q4759491",
        "check_date:opening_hours": "2026-06-28",
        "name": "Andronico's",
        "opening_hours": "Mo-Su 06:00-23:00",
        "phone": null,
        "ref": null,
        "shop": "supermarket",
        "website": "https://local.andronicos.com/ca/berkeley/1550-shattuck-ave.html",
        "wheelchair": "yes",
        "air_conditioning": null,
        "addr:housename": null,
        "level": null,
        "alt_name": null,
        "amenity": null,
        "cuisine": null,
        "diet:halal": null,
        "indoor_seating": null,
        "outdoor_seating": null,
        "building": "retail",
        "operator": null,
        "organic": "yes",
        "check_date": null,
        "short_name": null,
        "designation": null,
        "parking": null,
        "building:levels": "2",
        "diet:kosher": null,
        "payment:credit_cards": null,
        "payment:debit_cards": null,
        "addr:country": "US",
        "wikidata": null,
        "wikipedia": null,
        "contact:instagram": null,
        "contact:phone": null,
        "contact:website": null,
        "source": null,
        "official_name": null,
        "roof:levels": null,
        "building:part": null,
        "drinking_water": null,
        "toilets": null,
        "toilets:disposal": null,
        "toilets:wheelchair": null,
        "old_name": "Safeway Community Markets;Co-op",
        "comments": null,
        "building_1": null,
        "building_2": null,
        "payment:mastercard": null,
        "payment:visa": null,
        "historic": null,
        "historic:alt_name": null,
        "historic:name": null,
        "start_date": null
      },
      "geometry": {
        "type": "Polygon",
        "coordinates": [
          [
            [
              -122.2702028,
              37.8785669
            ],
            [
              -122.2702541,
              37.8790026
            ],
            [
              -122.2702455,
              37.8790032
            ],
            [
              -122.2702583,
              37.8791119
            ],
            [
              -122.2701388,
              37.8791206
            ],
            [
              -122.2701238,
              37.8789932
            ],
            [
              -122.2699726,
              37.8790043
            ],
            [
              -122.2699782,
              37.879052
            ],
            [
              -122.2697422,
              37.8790693
            ],
            [
              -122.2696776,
              37.878521
            ],
            [
              -122.269685,
              37.8785205
            ],
            [
              -122.2696813,
              37.8784891
            ],
            [
              -122.2698254,
              37.8784785
            ],
            [
              -122.2698559,
              37.8784763
            ],
            [
              -122.2698596,
              37.8785077
            ],
            [
              -122.2699762,
              37.8784991
            ],
            [
              -122.269978,
              37.878514
            ],
            [
              -122.270012,
              37.8785115
            ],
            [
              -122.2700164,
              37.8785493
            ],
            [
              -122.2701036,
              37.8785429
            ],
            [
              -122.2701396,
              37.8784747
            ],
            [
              -122.2701915,
              37.8784709
            ],
            [
              -122.2702028,
              37.8785669
            ]
          ]
        ]
      }
    },
    {
      "id": "87",
      "type": "Feature",
      "properties": {
        "element": "way",
        "id": 311006345,
        "addr:city": null,
        "addr:housenumber": "1630",
        "addr:postcode": null,
        "addr:state": null,
        "addr:street": "High Street",
        "branch": null,
        "brand": "Cardenas",
        "brand:wikidata": "Q64149543",
        "check_date:opening_hours": null,
        "name": "Cardenas",
        "opening_hours": null,
        "phone": null,
        "ref": null,
        "shop": "supermarket",
        "website": null,
        "wheelchair": null,
        "air_conditioning": null,
        "addr:housename": null,
        "level": null,
        "alt_name": null,
        "amenity": null,
        "cuisine": "latin_american",
        "diet:halal": null,
        "indoor_seating": null,
        "outdoor_seating": null,
        "building": "yes",
        "operator": null,
        "organic": null,
        "check_date": null,
        "short_name": null,
        "designation": null,
        "parking": null,
        "building:levels": null,
        "diet:kosher": null,
        "payment:credit_cards": null,
        "payment:debit_cards": null,
        "addr:country": null,
        "wikidata": null,
        "wikipedia": null,
        "contact:instagram": null,
        "contact:phone": null,
        "contact:website": null,
        "source": null,
        "official_name": null,
        "roof:levels": null,
        "building:part": null,
        "drinking_water": null,
        "toilets": null,
        "toilets:disposal": null,
        "toilets:wheelchair": null,
        "old_name": null,
        "comments": null,
        "building_1": null,
        "building_2": null,
        "payment:mastercard": null,
        "payment:visa": null,
        "historic": null,
        "historic:alt_name": null,
        "historic:name": null,
        "start_date": null
      },
      "geometry": {
        "type": "Polygon",
        "coordinates": [
          [
            [
              -122.2115925,
              37.7734003
            ],
            [
              -122.2118687,
              37.7730271
            ],
            [
              -122.2120611,
              37.7731176
            ],
            [
              -122.2124813,
              37.7733161
            ],
            [
              -122.2125038,
              37.7733267
            ],
            [
              -122.2122753,
              37.7736254
            ],
            [
              -122.2122515,
              37.7736135
            ],
            [
              -122.2121992,
              37.773685
            ],
            [
              -122.2120371,
              37.7736075
            ],
            [
              -122.2119771,
              37.7736854
            ],
            [
              -122.211843,
              37.7736229
            ],
            [
              -122.2119031,
              37.7735437
            ],
            [
              -122.2115925,
              37.7734003
            ]
          ]
        ]
      }
    },
    {
      "id": "88",
      "type": "Feature",
      "properties": {
        "element": "way",
        "id": 312196450,
        "addr:city": "Oakland",
        "addr:housenumber": "3001;3015;3025;3039",
        "addr:postcode": "94611",
        "addr:state": "CA",
        "addr:street": "Broadway",
        "branch": "Oakland",
        "brand": "Sprouts Farmers Market",
        "brand:wikidata": "Q7581369",
        "check_date:opening_hours": null,
        "name": "Sprouts Farmers Market",
        "opening_hours": "Mo-Su 07:00-22:00",
        "phone": "+1 510-851-7688",
        "ref": null,
        "shop": "supermarket",
        "website": "https://www.sprouts.com/store/ca/oakland/oakland/",
        "wheelchair": null,
        "air_conditioning": null,
        "addr:housename": null,
        "level": null,
        "alt_name": "Shops at Broadway",
        "amenity": null,
        "cuisine": null,
        "diet:halal": null,
        "indoor_seating": null,
        "outdoor_seating": null,
        "building": "yes",
        "operator": null,
        "organic": null,
        "check_date": null,
        "short_name": "Sprouts",
        "designation": null,
        "parking": null,
        "building:levels": null,
        "diet:kosher": null,
        "payment:credit_cards": null,
        "payment:debit_cards": null,
        "addr:country": null,
        "wikidata": null,
        "wikipedia": null,
        "contact:instagram": null,
        "contact:phone": null,
        "contact:website": null,
        "source": "Bing",
        "official_name": null,
        "roof:levels": null,
        "building:part": null,
        "drinking_water": null,
        "toilets": null,
        "toilets:disposal": null,
        "toilets:wheelchair": null,
        "old_name": null,
        "comments": "store open as of 1-13-2016, building footprint is rough and needs to be updated",
        "building_1": null,
        "building_2": null,
        "payment:mastercard": null,
        "payment:visa": null,
        "historic": null,
        "historic:alt_name": null,
        "historic:name": null,
        "start_date": null
      },
      "geometry": {
        "type": "Polygon",
        "coordinates": [
          [
            [
              -122.2626781,
              37.8198341
            ],
            [
              -122.2621359,
              37.8197462
            ],
            [
              -122.2619378,
              37.8197102
            ],
            [
              -122.2619451,
              37.819672
            ],
            [
              -122.2619539,
              37.8196355
            ],
            [
              -122.2619006,
              37.8195616
            ],
            [
              -122.2621209,
              37.8191913
            ],
            [
              -122.2621406,
              37.8191987
            ],
            [
              -122.2622488,
              37.8192388
            ],
            [
              -122.2622973,
              37.8191573
            ],
            [
              -122.2623138,
              37.8191309
            ],
            [
              -122.2624032,
              37.8187927
            ],
            [
              -122.2624217,
              37.8187235
            ],
            [
              -122.262767,
              37.818781
            ],
            [
              -122.2628251,
              37.8187907
            ],
            [
              -122.2627423,
              37.8191009
            ],
            [
              -122.2627225,
              37.819175
            ],
            [
              -122.2627861,
              37.8191856
            ],
            [
              -122.2628484,
              37.819196
            ],
            [
              -122.2626781,
              37.8198341
            ]
          ]
        ]
      }
    },
    {
      "id": "89",
      "type": "Feature",
      "properties": {
        "element": "way",
        "id": 313513853,
        "addr:city": null,
        "addr:housenumber": "5720",
        "addr:postcode": null,
        "addr:state": null,
        "addr:street": "Avenal Avenue",
        "branch": null,
        "brand": "ShopRite",
        "brand:wikidata": "Q7501097",
        "check_date:opening_hours": null,
        "name": "ShopRite",
        "opening_hours": null,
        "phone": null,
        "ref": null,
        "shop": "supermarket",
        "website": null,
        "wheelchair": null,
        "air_conditioning": null,
        "addr:housename": null,
        "level": null,
        "alt_name": null,
        "amenity": null,
        "cuisine": null,
        "diet:halal": null,
        "indoor_seating": null,
        "outdoor_seating": null,
        "building": "yes",
        "operator": null,
        "organic": null,
        "check_date": null,
        "short_name": null,
        "designation": null,
        "parking": null,
        "building:levels": null,
        "diet:kosher": null,
        "payment:credit_cards": null,
        "payment:debit_cards": null,
        "addr:country": null,
        "wikidata": null,
        "wikipedia": null,
        "contact:instagram": null,
        "contact:phone": null,
        "contact:website": null,
        "source": null,
        "official_name": null,
        "roof:levels": null,
        "building:part": null,
        "drinking_water": null,
        "toilets": null,
        "toilets:disposal": null,
        "toilets:wheelchair": null,
        "old_name": null,
        "comments": null,
        "building_1": null,
        "building_2": null,
        "payment:mastercard": null,
        "payment:visa": null,
        "historic": null,
        "historic:alt_name": null,
        "historic:name": null,
        "start_date": null
      },
      "geometry": {
        "type": "Polygon",
        "coordinates": [
          [
            [
              -122.1927837,
              37.7716296
            ],
            [
              -122.1928738,
              37.7713431
            ],
            [
              -122.1923276,
              37.7712359
            ],
            [
              -122.1923212,
              37.7712596
            ],
            [
              -122.1922284,
              37.7715581
            ],
            [
              -122.1923818,
              37.7715882
            ],
            [
              -122.192393,
              37.7715529
            ],
            [
              -122.1927837,
              37.7716296
            ]
          ]
        ]
      }
    },
    {
      "id": "90",
      "type": "Feature",
      "properties": {
        "element": "way",
        "id": 315837049,
        "addr:city": null,
        "addr:housenumber": null,
        "addr:postcode": null,
        "addr:state": null,
        "addr:street": null,
        "branch": null,
        "brand": "Foods Co",
        "brand:wikidata": "Q5465282",
        "check_date:opening_hours": null,
        "name": "Foods Co",
        "opening_hours": null,
        "phone": null,
        "ref": null,
        "shop": "supermarket",
        "website": null,
        "wheelchair": null,
        "air_conditioning": null,
        "addr:housename": null,
        "level": null,
        "alt_name": null,
        "amenity": null,
        "cuisine": null,
        "diet:halal": null,
        "indoor_seating": null,
        "outdoor_seating": null,
        "building": "yes",
        "operator": null,
        "organic": null,
        "check_date": null,
        "short_name": null,
        "designation": null,
        "parking": null,
        "building:levels": null,
        "diet:kosher": null,
        "payment:credit_cards": null,
        "payment:debit_cards": null,
        "addr:country": null,
        "wikidata": null,
        "wikipedia": null,
        "contact:instagram": null,
        "contact:phone": null,
        "contact:website": null,
        "source": null,
        "official_name": null,
        "roof:levels": null,
        "building:part": null,
        "drinking_water": null,
        "toilets": null,
        "toilets:disposal": null,
        "toilets:wheelchair": null,
        "old_name": null,
        "comments": null,
        "building_1": null,
        "building_2": null,
        "payment:mastercard": null,
        "payment:visa": null,
        "historic": null,
        "historic:alt_name": null,
        "historic:name": null,
        "start_date": null
      },
      "geometry": {
        "type": "Polygon",
        "coordinates": [
          [
            [
              -122.1485938,
              37.7437417
            ],
            [
              -122.1482017,
              37.7432995
            ],
            [
              -122.1480659,
              37.7433749
            ],
            [
              -122.1478877,
              37.7431739
            ],
            [
              -122.1479305,
              37.7431501
            ],
            [
              -122.147849,
              37.7430582
            ],
            [
              -122.1478866,
              37.7430373
            ],
            [
              -122.1478393,
              37.7429839
            ],
            [
              -122.1478876,
              37.7429571
            ],
            [
              -122.1478752,
              37.7429431
            ],
            [
              -122.1484432,
              37.7426281
            ],
            [
              -122.1484828,
              37.7426728
            ],
            [
              -122.1485073,
              37.7426592
            ],
            [
              -122.1486532,
              37.7428237
            ],
            [
              -122.1486655,
              37.7428168
            ],
            [
              -122.1488404,
              37.743014
            ],
            [
              -122.1488289,
              37.7430203
            ],
            [
              -122.1490173,
              37.7432328
            ],
            [
              -122.1489817,
              37.7432525
            ],
            [
              -122.1491446,
              37.7434363
            ],
            [
              -122.1485938,
              37.7437417
            ]
          ]
        ]
      }
    },
    {
      "id": "91",
      "type": "Feature",
      "properties": {
        "element": "way",
        "id": 347004781,
        "addr:city": "Oakland",
        "addr:housenumber": "2758",
        "addr:postcode": "94601",
        "addr:state": "CA",
        "addr:street": "Fruitvale Avenue",
        "branch": null,
        "brand": null,
        "brand:wikidata": null,
        "check_date:opening_hours": null,
        "name": "Mi Tierra Super Mercado",
        "opening_hours": "07:00-20:30",
        "phone": null,
        "ref": null,
        "shop": "supermarket",
        "website": null,
        "wheelchair": "yes",
        "air_conditioning": null,
        "addr:housename": null,
        "level": null,
        "alt_name": null,
        "amenity": null,
        "cuisine": null,
        "diet:halal": null,
        "indoor_seating": null,
        "outdoor_seating": null,
        "building": "produce",
        "operator": null,
        "organic": null,
        "check_date": "2022-10-31",
        "short_name": null,
        "designation": null,
        "parking": null,
        "building:levels": null,
        "diet:kosher": null,
        "payment:credit_cards": null,
        "payment:debit_cards": null,
        "addr:country": null,
        "wikidata": null,
        "wikipedia": null,
        "contact:instagram": null,
        "contact:phone": null,
        "contact:website": null,
        "source": null,
        "official_name": null,
        "roof:levels": null,
        "building:part": null,
        "drinking_water": null,
        "toilets": null,
        "toilets:disposal": null,
        "toilets:wheelchair": null,
        "old_name": null,
        "comments": null,
        "building_1": "Groceries",
        "building_2": "grocery",
        "payment:mastercard": "yes",
        "payment:visa": "yes",
        "historic": null,
        "historic:alt_name": null,
        "historic:name": null,
        "start_date": null
      },
      "geometry": {
        "type": "Polygon",
        "coordinates": [
          [
            [
              -122.2195437,
              37.7914539
            ],
            [
              -122.2195987,
              37.7913178
            ],
            [
              -122.2191336,
              37.7912004
            ],
            [
              -122.2190786,
              37.7913365
            ],
            [
              -122.2195437,
              37.7914539
            ]
          ]
        ]
      }
    },
    {
      "id": "92",
      "type": "Feature",
      "properties": {
        "element": "way",
        "id": 362487046,
        "addr:city": "Oakland",
        "addr:housenumber": "1440",
        "addr:postcode": "94602",
        "addr:state": null,
        "addr:street": "Leimert Boulevard",
        "branch": null,
        "brand": null,
        "brand:wikidata": null,
        "check_date:opening_hours": null,
        "name": "Rocky's Market",
        "opening_hours": "08:00-20:00",
        "phone": null,
        "ref": null,
        "shop": "supermarket",
        "website": null,
        "wheelchair": null,
        "air_conditioning": null,
        "addr:housename": null,
        "level": null,
        "alt_name": null,
        "amenity": null,
        "cuisine": null,
        "diet:halal": null,
        "indoor_seating": null,
        "outdoor_seating": null,
        "building": "yes",
        "operator": null,
        "organic": null,
        "check_date": null,
        "short_name": null,
        "designation": null,
        "parking": null,
        "building:levels": null,
        "diet:kosher": null,
        "payment:credit_cards": null,
        "payment:debit_cards": null,
        "addr:country": null,
        "wikidata": null,
        "wikipedia": null,
        "contact:instagram": null,
        "contact:phone": "+1-510-482-2474",
        "contact:website": "http://www.rockysmarket.com/",
        "source": "Personal Knowledge",
        "official_name": null,
        "roof:levels": null,
        "building:part": null,
        "drinking_water": null,
        "toilets": null,
        "toilets:disposal": null,
        "toilets:wheelchair": null,
        "old_name": null,
        "comments": null,
        "building_1": null,
        "building_2": null,
        "payment:mastercard": null,
        "payment:visa": null,
        "historic": null,
        "historic:alt_name": null,
        "historic:name": null,
        "start_date": null
      },
      "geometry": {
        "type": "Polygon",
        "coordinates": [
          [
            [
              -122.2123098,
              37.8117309
            ],
            [
              -122.2124469,
              37.8118065
            ],
            [
              -122.2123816,
              37.8118799
            ],
            [
              -122.2122881,
              37.8119851
            ],
            [
              -122.2121469,
              37.8119088
            ],
            [
              -122.2123098,
              37.8117309
            ]
          ]
        ]
      }
    },
    {
      "id": "93",
      "type": "Feature",
      "properties": {
        "element": "way",
        "id": 390267883,
        "addr:city": null,
        "addr:housenumber": "9509;9521",
        "addr:postcode": null,
        "addr:state": null,
        "addr:street": "International Boulevard",
        "branch": null,
        "brand": null,
        "brand:wikidata": null,
        "check_date:opening_hours": null,
        "name": "Super Mercado Mi Tierra",
        "opening_hours": null,
        "phone": null,
        "ref": null,
        "shop": "supermarket",
        "website": null,
        "wheelchair": null,
        "air_conditioning": null,
        "addr:housename": null,
        "level": null,
        "alt_name": null,
        "amenity": null,
        "cuisine": null,
        "diet:halal": null,
        "indoor_seating": null,
        "outdoor_seating": null,
        "building": "yes",
        "operator": null,
        "organic": null,
        "check_date": null,
        "short_name": null,
        "designation": null,
        "parking": null,
        "building:levels": null,
        "diet:kosher": null,
        "payment:credit_cards": null,
        "payment:debit_cards": null,
        "addr:country": null,
        "wikidata": null,
        "wikipedia": null,
        "contact:instagram": null,
        "contact:phone": null,
        "contact:website": null,
        "source": "Bing",
        "official_name": null,
        "roof:levels": null,
        "building:part": null,
        "drinking_water": null,
        "toilets": null,
        "toilets:disposal": null,
        "toilets:wheelchair": null,
        "old_name": null,
        "comments": null,
        "building_1": null,
        "building_2": null,
        "payment:mastercard": null,
        "payment:visa": null,
        "historic": null,
        "historic:alt_name": null,
        "historic:name": null,
        "start_date": null
      },
      "geometry": {
        "type": "Polygon",
        "coordinates": [
          [
            [
              -122.1721024,
              37.7462053
            ],
            [
              -122.172461,
              37.7460404
            ],
            [
              -122.172376,
              37.7459249
            ],
            [
              -122.1722567,
              37.7459798
            ],
            [
              -122.1721992,
              37.7459016
            ],
            [
              -122.1721762,
              37.7459118
            ],
            [
              -122.171959,
              37.7460125
            ],
            [
              -122.1721024,
              37.7462053
            ]
          ]
        ]
      }
    },
    {
      "id": "94",
      "type": "Feature",
      "properties": {
        "element": "way",
        "id": 390267900,
        "addr:city": null,
        "addr:housenumber": "9520;9526",
        "addr:postcode": null,
        "addr:state": null,
        "addr:street": "International Boulevard",
        "branch": null,
        "brand": null,
        "brand:wikidata": null,
        "check_date:opening_hours": null,
        "name": "Super Mercado Mi Tierra",
        "opening_hours": null,
        "phone": null,
        "ref": null,
        "shop": "supermarket",
        "website": null,
        "wheelchair": null,
        "air_conditioning": null,
        "addr:housename": null,
        "level": null,
        "alt_name": null,
        "amenity": null,
        "cuisine": null,
        "diet:halal": null,
        "indoor_seating": null,
        "outdoor_seating": null,
        "building": "yes",
        "operator": null,
        "organic": null,
        "check_date": null,
        "short_name": null,
        "designation": null,
        "parking": null,
        "building:levels": null,
        "diet:kosher": null,
        "payment:credit_cards": null,
        "payment:debit_cards": null,
        "addr:country": null,
        "wikidata": null,
        "wikipedia": null,
        "contact:instagram": null,
        "contact:phone": null,
        "contact:website": null,
        "source": "Bing",
        "official_name": null,
        "roof:levels": null,
        "building:part": null,
        "drinking_water": null,
        "toilets": null,
        "toilets:disposal": null,
        "toilets:wheelchair": null,
        "old_name": null,
        "comments": null,
        "building_1": null,
        "building_2": null,
        "payment:mastercard": null,
        "payment:visa": null,
        "historic": null,
        "historic:alt_name": null,
        "historic:name": null,
        "start_date": null
      },
      "geometry": {
        "type": "Polygon",
        "coordinates": [
          [
            [
              -122.1713287,
              37.7464203
            ],
            [
              -122.1713107,
              37.7463956
            ],
            [
              -122.1712421,
              37.7464269
            ],
            [
              -122.1710753,
              37.7461985
            ],
            [
              -122.1714394,
              37.7460322
            ],
            [
              -122.1713876,
              37.7459613
            ],
            [
              -122.1714802,
              37.745919
            ],
            [
              -122.1717169,
              37.746243
            ],
            [
              -122.1713287,
              37.7464203
            ]
          ]
        ]
      }
    },
    {
      "id": "95",
      "type": "Feature",
      "properties": {
        "element": "way",
        "id": 390271194,
        "addr:city": null,
        "addr:housenumber": "4117",
        "addr:postcode": null,
        "addr:state": null,
        "addr:street": "International Boulevard",
        "branch": null,
        "brand": "Smart & Final",
        "brand:wikidata": "Q7543916",
        "check_date:opening_hours": null,
        "name": "Smart & Final Extra!",
        "opening_hours": null,
        "phone": null,
        "ref": null,
        "shop": "supermarket",
        "website": null,
        "wheelchair": null,
        "air_conditioning": null,
        "addr:housename": null,
        "level": null,
        "alt_name": null,
        "amenity": null,
        "cuisine": null,
        "diet:halal": null,
        "indoor_seating": null,
        "outdoor_seating": null,
        "building": "yes",
        "operator": null,
        "organic": null,
        "check_date": null,
        "short_name": null,
        "designation": null,
        "parking": null,
        "building:levels": null,
        "diet:kosher": null,
        "payment:credit_cards": null,
        "payment:debit_cards": null,
        "addr:country": null,
        "wikidata": null,
        "wikipedia": null,
        "contact:instagram": null,
        "contact:phone": null,
        "contact:website": null,
        "source": "Bing",
        "official_name": null,
        "roof:levels": null,
        "building:part": null,
        "drinking_water": null,
        "toilets": null,
        "toilets:disposal": null,
        "toilets:wheelchair": null,
        "old_name": null,
        "comments": null,
        "building_1": null,
        "building_2": null,
        "payment:mastercard": null,
        "payment:visa": null,
        "historic": null,
        "historic:alt_name": null,
        "historic:name": null,
        "start_date": null
      },
      "geometry": {
        "type": "Polygon",
        "coordinates": [
          [
            [
              -122.217476,
              37.7724073
            ],
            [
              -122.2177541,
              37.7725457
            ],
            [
              -122.2171974,
              37.7733083
            ],
            [
              -122.2167498,
              37.7730994
            ],
            [
              -122.2169416,
              37.7728427
            ],
            [
              -122.2171043,
              37.7729186
            ],
            [
              -122.217476,
              37.7724073
            ]
          ]
        ]
      }
    },
    {
      "id": "96",
      "type": "Feature",
      "properties": {
        "element": "way",
        "id": 390271195,
        "addr:city": null,
        "addr:housenumber": null,
        "addr:postcode": null,
        "addr:state": null,
        "addr:street": null,
        "branch": null,
        "brand": null,
        "brand:wikidata": null,
        "check_date:opening_hours": null,
        "name": "Super Mercado Mi Tierra",
        "opening_hours": null,
        "phone": null,
        "ref": null,
        "shop": "supermarket",
        "website": null,
        "wheelchair": null,
        "air_conditioning": null,
        "addr:housename": null,
        "level": null,
        "alt_name": null,
        "amenity": null,
        "cuisine": null,
        "diet:halal": null,
        "indoor_seating": null,
        "outdoor_seating": null,
        "building": "yes",
        "operator": null,
        "organic": null,
        "check_date": null,
        "short_name": null,
        "designation": null,
        "parking": null,
        "building:levels": null,
        "diet:kosher": null,
        "payment:credit_cards": null,
        "payment:debit_cards": null,
        "addr:country": null,
        "wikidata": null,
        "wikipedia": null,
        "contact:instagram": null,
        "contact:phone": null,
        "contact:website": null,
        "source": "Bing",
        "official_name": null,
        "roof:levels": null,
        "building:part": null,
        "drinking_water": null,
        "toilets": null,
        "toilets:disposal": null,
        "toilets:wheelchair": null,
        "old_name": null,
        "comments": null,
        "building_1": null,
        "building_2": null,
        "payment:mastercard": null,
        "payment:visa": null,
        "historic": null,
        "historic:alt_name": null,
        "historic:name": null,
        "start_date": null
      },
      "geometry": {
        "type": "Polygon",
        "coordinates": [
          [
            [
              -122.2134136,
              37.7732039
            ],
            [
              -122.2135246,
              37.7730575
            ],
            [
              -122.2134779,
              37.7730355
            ],
            [
              -122.2133546,
              37.7729775
            ],
            [
              -122.2132446,
              37.7731239
            ],
            [
              -122.2134136,
              37.7732039
            ]
          ]
        ]
      }
    },
    {
      "id": "97",
      "type": "Feature",
      "properties": {
        "element": "way",
        "id": 432920118,
        "addr:city": "Alameda",
        "addr:housenumber": "2600",
        "addr:postcode": "94501",
        "addr:state": "CA",
        "addr:street": "5th Street",
        "branch": null,
        "brand": "Safeway",
        "brand:wikidata": "Q1508234",
        "check_date:opening_hours": null,
        "name": "Safeway",
        "opening_hours": "Mo-Su 05:00-01:00",
        "phone": "+1-510-523-1804",
        "ref": null,
        "shop": "supermarket",
        "website": "https://local.safeway.com/safeway/ca/alameda/2600-5th-st.html?m",
        "wheelchair": null,
        "air_conditioning": null,
        "addr:housename": null,
        "level": null,
        "alt_name": null,
        "amenity": null,
        "cuisine": null,
        "diet:halal": null,
        "indoor_seating": null,
        "outdoor_seating": null,
        "building": "yes",
        "operator": null,
        "organic": null,
        "check_date": null,
        "short_name": null,
        "designation": null,
        "parking": null,
        "building:levels": null,
        "diet:kosher": null,
        "payment:credit_cards": null,
        "payment:debit_cards": null,
        "addr:country": null,
        "wikidata": null,
        "wikipedia": null,
        "contact:instagram": null,
        "contact:phone": null,
        "contact:website": null,
        "source": "Bing",
        "official_name": null,
        "roof:levels": null,
        "building:part": null,
        "drinking_water": null,
        "toilets": null,
        "toilets:disposal": null,
        "toilets:wheelchair": null,
        "old_name": null,
        "comments": null,
        "building_1": null,
        "building_2": null,
        "payment:mastercard": null,
        "payment:visa": null,
        "historic": null,
        "historic:alt_name": null,
        "historic:name": null,
        "start_date": null
      },
      "geometry": {
        "type": "Polygon",
        "coordinates": [
          [
            [
              -122.2800258,
              37.7854013
            ],
            [
              -122.27984,
              37.785397
            ],
            [
              -122.2798426,
              37.7853258
            ],
            [
              -122.2799326,
              37.7852578
            ],
            [
              -122.2810739,
              37.7852926
            ],
            [
              -122.2811369,
              37.7853501
            ],
            [
              -122.2811241,
              37.78569
            ],
            [
              -122.2807683,
              37.7856817
            ],
            [
              -122.280767,
              37.7857167
            ],
            [
              -122.2804589,
              37.7857094
            ],
            [
              -122.2804603,
              37.7856716
            ],
            [
              -122.2800161,
              37.7856612
            ],
            [
              -122.2800258,
              37.7854013
            ]
          ]
        ]
      }
    },
    {
      "id": "98",
      "type": "Feature",
      "properties": {
        "element": "way",
        "id": 464466004,
        "addr:city": "Oakland",
        "addr:housenumber": "2314",
        "addr:postcode": "94601",
        "addr:state": "CA",
        "addr:street": "High Street",
        "branch": null,
        "brand": null,
        "brand:wikidata": null,
        "check_date:opening_hours": null,
        "name": "Island Market",
        "opening_hours": null,
        "phone": null,
        "ref": null,
        "shop": "grocery",
        "website": null,
        "wheelchair": null,
        "air_conditioning": null,
        "addr:housename": null,
        "level": null,
        "alt_name": null,
        "amenity": null,
        "cuisine": null,
        "diet:halal": null,
        "indoor_seating": null,
        "outdoor_seating": null,
        "building": "yes",
        "operator": null,
        "organic": null,
        "check_date": null,
        "short_name": null,
        "designation": null,
        "parking": null,
        "building:levels": null,
        "diet:kosher": null,
        "payment:credit_cards": null,
        "payment:debit_cards": null,
        "addr:country": null,
        "wikidata": null,
        "wikipedia": null,
        "contact:instagram": null,
        "contact:phone": null,
        "contact:website": null,
        "source": null,
        "official_name": null,
        "roof:levels": null,
        "building:part": null,
        "drinking_water": null,
        "toilets": null,
        "toilets:disposal": null,
        "toilets:wheelchair": null,
        "old_name": null,
        "comments": null,
        "building_1": null,
        "building_2": null,
        "payment:mastercard": null,
        "payment:visa": null,
        "historic": null,
        "historic:alt_name": null,
        "historic:name": null,
        "start_date": null
      },
      "geometry": {
        "type": "Polygon",
        "coordinates": [
          [
            [
              -122.2064001,
              37.7800462
            ],
            [
              -122.2061968,
              37.7798743
            ],
            [
              -122.2063137,
              37.7797538
            ],
            [
              -122.2065444,
              37.7798952
            ],
            [
              -122.2064001,
              37.7800462
            ]
          ]
        ]
      }
    },
    {
      "id": "99",
      "type": "Feature",
      "properties": {
        "element": "way",
        "id": 466647535,
        "addr:city": "Alameda",
        "addr:housenumber": "1420",
        "addr:postcode": "94501",
        "addr:state": "CA",
        "addr:street": "Encinal Avenue",
        "branch": null,
        "brand": null,
        "brand:wikidata": null,
        "check_date:opening_hours": null,
        "name": "A1 Market",
        "opening_hours": null,
        "phone": null,
        "ref": null,
        "shop": "grocery",
        "website": null,
        "wheelchair": null,
        "air_conditioning": null,
        "addr:housename": null,
        "level": null,
        "alt_name": null,
        "amenity": null,
        "cuisine": null,
        "diet:halal": null,
        "indoor_seating": null,
        "outdoor_seating": null,
        "building": "retail",
        "operator": null,
        "organic": null,
        "check_date": null,
        "short_name": null,
        "designation": null,
        "parking": null,
        "building:levels": null,
        "diet:kosher": null,
        "payment:credit_cards": null,
        "payment:debit_cards": null,
        "addr:country": null,
        "wikidata": null,
        "wikipedia": null,
        "contact:instagram": null,
        "contact:phone": null,
        "contact:website": null,
        "source": null,
        "official_name": null,
        "roof:levels": null,
        "building:part": null,
        "drinking_water": null,
        "toilets": null,
        "toilets:disposal": null,
        "toilets:wheelchair": null,
        "old_name": null,
        "comments": null,
        "building_1": null,
        "building_2": null,
        "payment:mastercard": null,
        "payment:visa": null,
        "historic": null,
        "historic:alt_name": null,
        "historic:name": null,
        "start_date": null
      },
      "geometry": {
        "type": "Polygon",
        "coordinates": [
          [
            [
              -122.2615777,
              37.7699765
            ],
            [
              -122.2614821,
              37.7699362
            ],
            [
              -122.2616381,
              37.7697051
            ],
            [
              -122.261751,
              37.7697527
            ],
            [
              -122.261673,
              37.7698682
            ],
            [
              -122.2616557,
              37.769861
            ],
            [
              -122.2615777,
              37.7699765
            ]
          ]
        ]
      }
    },
    {
      "id": "100",
      "type": "Feature",
      "properties": {
        "element": "way",
        "id": 473154239,
        "addr:city": "Oakland",
        "addr:housenumber": "1536",
        "addr:postcode": "94606",
        "addr:state": "CA",
        "addr:street": "23rd Avenue",
        "branch": null,
        "brand": null,
        "brand:wikidata": null,
        "check_date:opening_hours": null,
        "name": "El Ranchito Market",
        "opening_hours": null,
        "phone": null,
        "ref": null,
        "shop": "supermarket",
        "website": null,
        "wheelchair": null,
        "air_conditioning": null,
        "addr:housename": null,
        "level": null,
        "alt_name": null,
        "amenity": null,
        "cuisine": null,
        "diet:halal": null,
        "indoor_seating": null,
        "outdoor_seating": null,
        "building": "retail",
        "operator": null,
        "organic": null,
        "check_date": null,
        "short_name": null,
        "designation": null,
        "parking": null,
        "building:levels": null,
        "diet:kosher": null,
        "payment:credit_cards": null,
        "payment:debit_cards": null,
        "addr:country": null,
        "wikidata": null,
        "wikipedia": null,
        "contact:instagram": null,
        "contact:phone": null,
        "contact:website": null,
        "source": null,
        "official_name": null,
        "roof:levels": null,
        "building:part": null,
        "drinking_water": null,
        "toilets": null,
        "toilets:disposal": null,
        "toilets:wheelchair": null,
        "old_name": null,
        "comments": null,
        "building_1": null,
        "building_2": null,
        "payment:mastercard": null,
        "payment:visa": null,
        "historic": null,
        "historic:alt_name": null,
        "historic:name": null,
        "start_date": null
      },
      "geometry": {
        "type": "Polygon",
        "coordinates": [
          [
            [
              -122.2345379,
              37.7846972
            ],
            [
              -122.2344251,
              37.7848014
            ],
            [
              -122.234117,
              37.7845922
            ],
            [
              -122.2340928,
              37.7845758
            ],
            [
              -122.234094,
              37.7845636
            ],
            [
              -122.2341983,
              37.7844674
            ],
            [
              -122.234334,
              37.7845592
            ],
            [
              -122.2343655,
              37.7845806
            ],
            [
              -122.2345379,
              37.7846972
            ]
          ]
        ]
      }
    },
    {
      "id": "101",
      "type": "Feature",
      "properties": {
        "element": "way",
        "id": 473840658,
        "addr:city": null,
        "addr:housenumber": "3615",
        "addr:postcode": null,
        "addr:state": null,
        "addr:street": "Foothill Boulevard",
        "branch": null,
        "brand": null,
        "brand:wikidata": null,
        "check_date:opening_hours": null,
        "name": "A & R Market",
        "opening_hours": null,
        "phone": null,
        "ref": null,
        "shop": "grocery",
        "website": null,
        "wheelchair": null,
        "air_conditioning": null,
        "addr:housename": null,
        "level": null,
        "alt_name": null,
        "amenity": null,
        "cuisine": null,
        "diet:halal": null,
        "indoor_seating": null,
        "outdoor_seating": null,
        "building": "yes",
        "operator": null,
        "organic": null,
        "check_date": null,
        "short_name": null,
        "designation": null,
        "parking": null,
        "building:levels": null,
        "diet:kosher": null,
        "payment:credit_cards": null,
        "payment:debit_cards": null,
        "addr:country": null,
        "wikidata": null,
        "wikipedia": null,
        "contact:instagram": null,
        "contact:phone": null,
        "contact:website": null,
        "source": null,
        "official_name": null,
        "roof:levels": null,
        "building:part": null,
        "drinking_water": null,
        "toilets": null,
        "toilets:disposal": null,
        "toilets:wheelchair": null,
        "old_name": null,
        "comments": null,
        "building_1": null,
        "building_2": null,
        "payment:mastercard": null,
        "payment:visa": null,
        "historic": null,
        "historic:alt_name": null,
        "historic:name": null,
        "start_date": null
      },
      "geometry": {
        "type": "Polygon",
        "coordinates": [
          [
            [
              -122.218696,
              37.7804822
            ],
            [
              -122.2187277,
              37.7804942
            ],
            [
              -122.2187374,
              37.7804783
            ],
            [
              -122.2187524,
              37.7804536
            ],
            [
              -122.2188074,
              37.7804745
            ],
            [
              -122.2188214,
              37.7804798
            ],
            [
              -122.2187272,
              37.780635
            ],
            [
              -122.218679,
              37.7806339
            ],
            [
              -122.2185164,
              37.7804887
            ],
            [
              -122.2185436,
              37.7804705
            ],
            [
              -122.2185358,
              37.7804625
            ],
            [
              -122.2185724,
              37.7804156
            ],
            [
              -122.2186295,
              37.7803554
            ],
            [
              -122.218696,
              37.7804822
            ]
          ]
        ]
      }
    },
    {
      "id": "102",
      "type": "Feature",
      "properties": {
        "element": "way",
        "id": 478170488,
        "addr:city": null,
        "addr:housenumber": "1188",
        "addr:postcode": null,
        "addr:state": null,
        "addr:street": "Montague Avenue",
        "branch": null,
        "brand": null,
        "brand:wikidata": null,
        "check_date:opening_hours": null,
        "name": "Santos Spices",
        "opening_hours": null,
        "phone": null,
        "ref": null,
        "shop": "supermarket",
        "website": null,
        "wheelchair": null,
        "air_conditioning": null,
        "addr:housename": null,
        "level": null,
        "alt_name": null,
        "amenity": null,
        "cuisine": null,
        "diet:halal": null,
        "indoor_seating": null,
        "outdoor_seating": null,
        "building": "yes",
        "operator": null,
        "organic": null,
        "check_date": null,
        "short_name": null,
        "designation": null,
        "parking": null,
        "building:levels": null,
        "diet:kosher": null,
        "payment:credit_cards": null,
        "payment:debit_cards": null,
        "addr:country": null,
        "wikidata": null,
        "wikipedia": null,
        "contact:instagram": null,
        "contact:phone": null,
        "contact:website": null,
        "source": null,
        "official_name": null,
        "roof:levels": null,
        "building:part": null,
        "drinking_water": null,
        "toilets": null,
        "toilets:disposal": null,
        "toilets:wheelchair": null,
        "old_name": null,
        "comments": null,
        "building_1": null,
        "building_2": null,
        "payment:mastercard": null,
        "payment:visa": null,
        "historic": null,
        "historic:alt_name": null,
        "historic:name": null,
        "start_date": null
      },
      "geometry": {
        "type": "Polygon",
        "coordinates": [
          [
            [
              -122.1596455,
              37.708763
            ],
            [
              -122.1600275,
              37.708604
            ],
            [
              -122.1602781,
              37.708981
            ],
            [
              -122.1602049,
              37.7090115
            ],
            [
              -122.1602321,
              37.7090523
            ],
            [
              -122.1599233,
              37.7091808
            ],
            [
              -122.1596455,
              37.708763
            ]
          ]
        ]
      }
    },
    {
      "id": "103",
      "type": "Feature",
      "properties": {
        "element": "way",
        "id": 775827045,
        "addr:city": "Oakland",
        "addr:housenumber": "230",
        "addr:postcode": "94612",
        "addr:state": "CA",
        "addr:street": "Bay Place",
        "branch": "Oakland",
        "brand": "Whole Foods Market",
        "brand:wikidata": "Q1809448",
        "check_date:opening_hours": "2024-10-03",
        "name": "Whole Foods Market",
        "opening_hours": "Mo-Su 08:00-22:00",
        "phone": "+1 510-834-9800",
        "ref": "oakland",
        "shop": "supermarket",
        "website": "https://www.wholefoodsmarket.com/stores/oakland",
        "wheelchair": "yes",
        "air_conditioning": null,
        "addr:housename": null,
        "level": null,
        "alt_name": null,
        "amenity": null,
        "cuisine": null,
        "diet:halal": null,
        "indoor_seating": null,
        "outdoor_seating": null,
        "building": "supermarket",
        "operator": null,
        "organic": null,
        "check_date": "2024-10-03",
        "short_name": null,
        "designation": null,
        "parking": null,
        "building:levels": "2",
        "diet:kosher": null,
        "payment:credit_cards": null,
        "payment:debit_cards": null,
        "addr:country": null,
        "wikidata": null,
        "wikipedia": null,
        "contact:instagram": null,
        "contact:phone": null,
        "contact:website": null,
        "source": null,
        "official_name": null,
        "roof:levels": null,
        "building:part": null,
        "drinking_water": null,
        "toilets": null,
        "toilets:disposal": null,
        "toilets:wheelchair": null,
        "old_name": null,
        "comments": null,
        "building_1": null,
        "building_2": null,
        "payment:mastercard": null,
        "payment:visa": null,
        "historic": "building",
        "historic:alt_name": "Piedmont Consolidated Cable Company Powerhouse and Car Barn",
        "historic:name": "Cox Cadillac Showroom",
        "start_date": "1890"
      },
      "geometry": {
        "type": "Polygon",
        "coordinates": [
          [
            [
              -122.2611941,
              37.8129979
            ],
            [
              -122.2606889,
              37.8135583
            ],
            [
              -122.260654,
              37.813597
            ],
            [
              -122.2603466,
              37.8134241
            ],
            [
              -122.2603067,
              37.8134016
            ],
            [
              -122.2604993,
              37.8131882
            ],
            [
              -122.2601371,
              37.8129843
            ],
            [
              -122.2601984,
              37.8129163
            ],
            [
              -122.2602275,
              37.812884
            ],
            [
              -122.2602848,
              37.8128205
            ],
            [
              -122.2604847,
              37.8125987
            ],
            [
              -122.2605107,
              37.8126133
            ],
            [
              -122.2605649,
              37.8126438
            ],
            [
              -122.2606881,
              37.8125076
            ],
            [
              -122.2613142,
              37.8128611
            ],
            [
              -122.2611941,
              37.8129979
            ]
          ]
        ]
      }
    },
    {
      "id": "104",
      "type": "Feature",
      "properties": {
        "element": "way",
        "id": 959855772,
        "addr:city": "San Leandro",
        "addr:housenumber": "15850",
        "addr:postcode": "94578",
        "addr:state": "CA",
        "addr:street": "East 14th Street",
        "branch": null,
        "brand": null,
        "brand:wikidata": null,
        "check_date:opening_hours": null,
        "name": "Mi Rancho Supermarket",
        "opening_hours": null,
        "phone": null,
        "ref": null,
        "shop": "supermarket",
        "website": null,
        "wheelchair": null,
        "air_conditioning": null,
        "addr:housename": null,
        "level": null,
        "alt_name": null,
        "amenity": null,
        "cuisine": null,
        "diet:halal": null,
        "indoor_seating": null,
        "outdoor_seating": null,
        "building": "yes",
        "operator": null,
        "organic": null,
        "check_date": null,
        "short_name": null,
        "designation": null,
        "parking": null,
        "building:levels": null,
        "diet:kosher": null,
        "payment:credit_cards": null,
        "payment:debit_cards": null,
        "addr:country": null,
        "wikidata": null,
        "wikipedia": null,
        "contact:instagram": null,
        "contact:phone": null,
        "contact:website": null,
        "source": null,
        "official_name": null,
        "roof:levels": null,
        "building:part": null,
        "drinking_water": null,
        "toilets": null,
        "toilets:disposal": null,
        "toilets:wheelchair": null,
        "old_name": null,
        "comments": null,
        "building_1": null,
        "building_2": null,
        "payment:mastercard": null,
        "payment:visa": null,
        "historic": null,
        "historic:alt_name": null,
        "historic:name": null,
        "start_date": null
      },
      "geometry": {
        "type": "Polygon",
        "coordinates": [
          [
            [
              -122.1208711,
              37.7005558
            ],
            [
              -122.1205906,
              37.7003676
            ],
            [
              -122.1208985,
              37.700095
            ],
            [
              -122.121178,
              37.7002872
            ],
            [
              -122.1208711,
              37.7005558
            ]
          ]
        ]
      }
    }
  ],
  "fetched_at": "2026-07-01T23:33:23.028484+00:00",
  "source": "OpenStreetMap via Overpass API (osmnx.features_from_bbox)",
  "category": "grocery",
  "target_field": "grocery_dist",
  "total_features": 105
}