{
  "type": "FeatureCollection",
  "features": [
    {
      "id": "0",
      "type": "Feature",
      "properties": {
        "element": "node",
        "id": 34496815,
        "amenity": "drinking_water",
        "check_date": null,
        "fountain": null,
        "source": null,
        "wetap:status": null,
        "wetap:statusnote": null,
        "access:dog": null,
        "access:horse": null,
        "bottle": null,
        "access": null,
        "covered": null,
        "fee": null,
        "indoor": null,
        "lit": null,
        "drinking_water:bottle": null,
        "drinking_water:bubbler": null,
        "wetap:taste": null,
        "condition": null,
        "note": null,
        "security_zone": null,
        "wetap:flow": null,
        "wetap:photo": null,
        "wetap:quality": null,
        "wetap:temperature": null,
        "wetap:status_note": null,
        "description": null,
        "operator": null,
        "wheelchair": null,
        "name": null,
        "source:pkey": null,
        "image": null,
        "maintenance": null,
        "stateofrepair": null,
        "level": null,
        "drinking_water": null,
        "opening_hours": null,
        "dog": null,
        "level:ref": null,
        "manufacturer:wikidata": null,
        "operator:wikidata": null,
        "layer": null,
        "location": null,
        "wetap:dog": null,
        "wetap:credit": null,
        "addr:city": null,
        "addr:housenumber": null,
        "addr:postcode": null,
        "addr:street": null,
        "phone": null,
        "drinking_water:dog": null,
        "bubbler": null,
        "inscription": null,
        "fixme": null,
        "amenity_1": null,
        "survey:date": null
      },
      "geometry": {
        "type": "Point",
        "coordinates": [
          -122.245347,
          37.8649981
        ]
      }
    },
    {
      "id": "1",
      "type": "Feature",
      "properties": {
        "element": "node",
        "id": 301318390,
        "amenity": "drinking_water",
        "check_date": null,
        "fountain": null,
        "source": null,
        "wetap:status": null,
        "wetap:statusnote": null,
        "access:dog": null,
        "access:horse": null,
        "bottle": null,
        "access": null,
        "covered": null,
        "fee": null,
        "indoor": null,
        "lit": null,
        "drinking_water:bottle": null,
        "drinking_water:bubbler": null,
        "wetap:taste": null,
        "condition": null,
        "note": null,
        "security_zone": null,
        "wetap:flow": null,
        "wetap:photo": null,
        "wetap:quality": null,
        "wetap:temperature": null,
        "wetap:status_note": null,
        "description": null,
        "operator": null,
        "wheelchair": null,
        "name": null,
        "source:pkey": null,
        "image": null,
        "maintenance": null,
        "stateofrepair": null,
        "level": null,
        "drinking_water": null,
        "opening_hours": null,
        "dog": null,
        "level:ref": null,
        "manufacturer:wikidata": null,
        "operator:wikidata": null,
        "layer": null,
        "location": null,
        "wetap:dog": null,
        "wetap:credit": null,
        "addr:city": null,
        "addr:housenumber": null,
        "addr:postcode": null,
        "addr:street": null,
        "phone": null,
        "drinking_water:dog": null,
        "bubbler": null,
        "inscription": null,
        "fixme": null,
        "amenity_1": null,
        "survey:date": null
      },
      "geometry": {
        "type": "Point",
        "coordinates": [
          -122.2307935,
          37.8839994
        ]
      }
    },
    {
      "id": "2",
      "type": "Feature",
      "properties": {
        "element": "node",
        "id": 301449553,
        "amenity": "drinking_water",
        "check_date": "2026-01-06",
        "fountain": "bubbler",
        "source": null,
        "wetap:status": null,
        "wetap:statusnote": null,
        "access:dog": null,
        "access:horse": null,
        "bottle": null,
        "access": null,
        "covered": null,
        "fee": null,
        "indoor": null,
        "lit": null,
        "drinking_water:bottle": null,
        "drinking_water:bubbler": null,
        "wetap:taste": null,
        "condition": null,
        "note": null,
        "security_zone": null,
        "wetap:flow": null,
        "wetap:photo": null,
        "wetap:quality": null,
        "wetap:temperature": null,
        "wetap:status_note": null,
        "description": null,
        "operator": null,
        "wheelchair": null,
        "name": null,
        "source:pkey": null,
        "image": null,
        "maintenance": null,
        "stateofrepair": null,
        "level": null,
        "drinking_water": null,
        "opening_hours": null,
        "dog": null,
        "level:ref": null,
        "manufacturer:wikidata": null,
        "operator:wikidata": null,
        "layer": null,
        "location": null,
        "wetap:dog": null,
        "wetap:credit": null,
        "addr:city": null,
        "addr:housenumber": null,
        "addr:postcode": null,
        "addr:street": null,
        "phone": null,
        "drinking_water:dog": null,
        "bubbler": null,
        "inscription": null,
        "fixme": null,
        "amenity_1": null,
        "survey:date": null
      },
      "geometry": {
        "type": "Point",
        "coordinates": [
          -122.1987133,
          37.8480548
        ]
      }
    },
    {
      "id": "3",
      "type": "Feature",
      "properties": {
        "element": "node",
        "id": 305844869,
        "amenity": "drinking_water",
        "check_date": null,
        "fountain": null,
        "source": null,
        "wetap:status": null,
        "wetap:statusnote": null,
        "access:dog": null,
        "access:horse": null,
        "bottle": null,
        "access": null,
        "covered": null,
        "fee": null,
        "indoor": null,
        "lit": null,
        "drinking_water:bottle": null,
        "drinking_water:bubbler": null,
        "wetap:taste": null,
        "condition": null,
        "note": null,
        "security_zone": null,
        "wetap:flow": null,
        "wetap:photo": null,
        "wetap:quality": null,
        "wetap:temperature": null,
        "wetap:status_note": null,
        "description": null,
        "operator": null,
        "wheelchair": null,
        "name": null,
        "source:pkey": null,
        "image": null,
        "maintenance": null,
        "stateofrepair": null,
        "level": null,
        "drinking_water": null,
        "opening_hours": null,
        "dog": null,
        "level:ref": null,
        "manufacturer:wikidata": null,
        "operator:wikidata": null,
        "layer": null,
        "location": null,
        "wetap:dog": null,
        "wetap:credit": null,
        "addr:city": null,
        "addr:housenumber": null,
        "addr:postcode": null,
        "addr:street": null,
        "phone": null,
        "drinking_water:dog": null,
        "bubbler": null,
        "inscription": null,
        "fixme": null,
        "amenity_1": null,
        "survey:date": null
      },
      "geometry": {
        "type": "Point",
        "coordinates": [
          -122.2259536,
          37.8501354
        ]
      }
    },
    {
      "id": "4",
      "type": "Feature",
      "properties": {
        "element": "node",
        "id": 306073368,
        "amenity": "drinking_water",
        "check_date": "2023-09-02",
        "fountain": "bubbler",
        "source": "wetap.org",
        "wetap:status": "working",
        "wetap:statusnote": "Two fountains plus a dog fountain",
        "access:dog": null,
        "access:horse": null,
        "bottle": null,
        "access": null,
        "covered": null,
        "fee": null,
        "indoor": null,
        "lit": null,
        "drinking_water:bottle": null,
        "drinking_water:bubbler": null,
        "wetap:taste": null,
        "condition": null,
        "note": null,
        "security_zone": null,
        "wetap:flow": null,
        "wetap:photo": null,
        "wetap:quality": null,
        "wetap:temperature": null,
        "wetap:status_note": null,
        "description": null,
        "operator": null,
        "wheelchair": null,
        "name": null,
        "source:pkey": null,
        "image": null,
        "maintenance": null,
        "stateofrepair": null,
        "level": null,
        "drinking_water": null,
        "opening_hours": null,
        "dog": null,
        "level:ref": null,
        "manufacturer:wikidata": null,
        "operator:wikidata": null,
        "layer": null,
        "location": null,
        "wetap:dog": null,
        "wetap:credit": null,
        "addr:city": null,
        "addr:housenumber": null,
        "addr:postcode": null,
        "addr:street": null,
        "phone": null,
        "drinking_water:dog": null,
        "bubbler": null,
        "inscription": null,
        "fixme": null,
        "amenity_1": null,
        "survey:date": null
      },
      "geometry": {
        "type": "Point",
        "coordinates": [
          -122.2995071,
          37.8604436
        ]
      }
    },
    {
      "id": "5",
      "type": "Feature",
      "properties": {
        "element": "node",
        "id": 307346313,
        "amenity": "drinking_water",
        "check_date": null,
        "fountain": null,
        "source": null,
        "wetap:status": null,
        "wetap:statusnote": null,
        "access:dog": null,
        "access:horse": null,
        "bottle": null,
        "access": null,
        "covered": null,
        "fee": null,
        "indoor": null,
        "lit": null,
        "drinking_water:bottle": null,
        "drinking_water:bubbler": null,
        "wetap:taste": null,
        "condition": null,
        "note": null,
        "security_zone": null,
        "wetap:flow": null,
        "wetap:photo": null,
        "wetap:quality": null,
        "wetap:temperature": null,
        "wetap:status_note": null,
        "description": null,
        "operator": null,
        "wheelchair": null,
        "name": null,
        "source:pkey": null,
        "image": null,
        "maintenance": null,
        "stateofrepair": null,
        "level": null,
        "drinking_water": null,
        "opening_hours": null,
        "dog": null,
        "level:ref": null,
        "manufacturer:wikidata": null,
        "operator:wikidata": null,
        "layer": null,
        "location": null,
        "wetap:dog": null,
        "wetap:credit": null,
        "addr:city": null,
        "addr:housenumber": null,
        "addr:postcode": null,
        "addr:street": null,
        "phone": null,
        "drinking_water:dog": null,
        "bubbler": null,
        "inscription": null,
        "fixme": null,
        "amenity_1": null,
        "survey:date": null
      },
      "geometry": {
        "type": "Point",
        "coordinates": [
          -122.1851866,
          37.8314741
        ]
      }
    },
    {
      "id": "6",
      "type": "Feature",
      "properties": {
        "element": "node",
        "id": 308299018,
        "amenity": "drinking_water",
        "check_date": null,
        "fountain": null,
        "source": null,
        "wetap:status": null,
        "wetap:statusnote": null,
        "access:dog": null,
        "access:horse": null,
        "bottle": null,
        "access": null,
        "covered": null,
        "fee": null,
        "indoor": null,
        "lit": null,
        "drinking_water:bottle": null,
        "drinking_water:bubbler": null,
        "wetap:taste": null,
        "condition": null,
        "note": null,
        "security_zone": null,
        "wetap:flow": null,
        "wetap:photo": null,
        "wetap:quality": null,
        "wetap:temperature": null,
        "wetap:status_note": null,
        "description": null,
        "operator": null,
        "wheelchair": null,
        "name": null,
        "source:pkey": null,
        "image": null,
        "maintenance": null,
        "stateofrepair": null,
        "level": null,
        "drinking_water": null,
        "opening_hours": null,
        "dog": null,
        "level:ref": null,
        "manufacturer:wikidata": null,
        "operator:wikidata": null,
        "layer": null,
        "location": null,
        "wetap:dog": null,
        "wetap:credit": null,
        "addr:city": null,
        "addr:housenumber": null,
        "addr:postcode": null,
        "addr:street": null,
        "phone": null,
        "drinking_water:dog": null,
        "bubbler": null,
        "inscription": null,
        "fixme": null,
        "amenity_1": null,
        "survey:date": null
      },
      "geometry": {
        "type": "Point",
        "coordinates": [
          -122.2884901,
          37.8766623
        ]
      }
    },
    {
      "id": "7",
      "type": "Feature",
      "properties": {
        "element": "node",
        "id": 308301423,
        "amenity": "drinking_water",
        "check_date": null,
        "fountain": null,
        "source": null,
        "wetap:status": null,
        "wetap:statusnote": null,
        "access:dog": null,
        "access:horse": null,
        "bottle": null,
        "access": null,
        "covered": null,
        "fee": null,
        "indoor": null,
        "lit": null,
        "drinking_water:bottle": null,
        "drinking_water:bubbler": null,
        "wetap:taste": null,
        "condition": null,
        "note": null,
        "security_zone": null,
        "wetap:flow": null,
        "wetap:photo": null,
        "wetap:quality": null,
        "wetap:temperature": null,
        "wetap:status_note": null,
        "description": null,
        "operator": null,
        "wheelchair": null,
        "name": null,
        "source:pkey": null,
        "image": null,
        "maintenance": null,
        "stateofrepair": null,
        "level": null,
        "drinking_water": null,
        "opening_hours": null,
        "dog": null,
        "level:ref": null,
        "manufacturer:wikidata": null,
        "operator:wikidata": null,
        "layer": null,
        "location": null,
        "wetap:dog": null,
        "wetap:credit": null,
        "addr:city": null,
        "addr:housenumber": null,
        "addr:postcode": null,
        "addr:street": null,
        "phone": null,
        "drinking_water:dog": null,
        "bubbler": null,
        "inscription": null,
        "fixme": null,
        "amenity_1": null,
        "survey:date": null
      },
      "geometry": {
        "type": "Point",
        "coordinates": [
          -122.2886641,
          37.8781825
        ]
      }
    },
    {
      "id": "8",
      "type": "Feature",
      "properties": {
        "element": "node",
        "id": 308302795,
        "amenity": "drinking_water",
        "check_date": null,
        "fountain": null,
        "source": null,
        "wetap:status": null,
        "wetap:statusnote": null,
        "access:dog": null,
        "access:horse": null,
        "bottle": null,
        "access": null,
        "covered": null,
        "fee": null,
        "indoor": null,
        "lit": null,
        "drinking_water:bottle": null,
        "drinking_water:bubbler": null,
        "wetap:taste": null,
        "condition": null,
        "note": null,
        "security_zone": null,
        "wetap:flow": null,
        "wetap:photo": null,
        "wetap:quality": null,
        "wetap:temperature": null,
        "wetap:status_note": null,
        "description": null,
        "operator": null,
        "wheelchair": null,
        "name": null,
        "source:pkey": null,
        "image": null,
        "maintenance": null,
        "stateofrepair": null,
        "level": null,
        "drinking_water": null,
        "opening_hours": null,
        "dog": null,
        "level:ref": null,
        "manufacturer:wikidata": null,
        "operator:wikidata": null,
        "layer": null,
        "location": null,
        "wetap:dog": null,
        "wetap:credit": null,
        "addr:city": null,
        "addr:housenumber": null,
        "addr:postcode": null,
        "addr:street": null,
        "phone": null,
        "drinking_water:dog": null,
        "bubbler": null,
        "inscription": null,
        "fixme": null,
        "amenity_1": null,
        "survey:date": null
      },
      "geometry": {
        "type": "Point",
        "coordinates": [
          -122.287039,
          37.8704679
        ]
      }
    },
    {
      "id": "9",
      "type": "Feature",
      "properties": {
        "element": "node",
        "id": 308302802,
        "amenity": "drinking_water",
        "check_date": null,
        "fountain": "bubbler",
        "source": null,
        "wetap:status": null,
        "wetap:statusnote": null,
        "access:dog": null,
        "access:horse": null,
        "bottle": null,
        "access": null,
        "covered": null,
        "fee": null,
        "indoor": null,
        "lit": null,
        "drinking_water:bottle": null,
        "drinking_water:bubbler": null,
        "wetap:taste": null,
        "condition": null,
        "note": null,
        "security_zone": null,
        "wetap:flow": null,
        "wetap:photo": null,
        "wetap:quality": null,
        "wetap:temperature": null,
        "wetap:status_note": null,
        "description": null,
        "operator": null,
        "wheelchair": null,
        "name": null,
        "source:pkey": null,
        "image": null,
        "maintenance": null,
        "stateofrepair": null,
        "level": null,
        "drinking_water": null,
        "opening_hours": null,
        "dog": null,
        "level:ref": null,
        "manufacturer:wikidata": null,
        "operator:wikidata": null,
        "layer": null,
        "location": null,
        "wetap:dog": null,
        "wetap:credit": null,
        "addr:city": null,
        "addr:housenumber": null,
        "addr:postcode": null,
        "addr:street": null,
        "phone": null,
        "drinking_water:dog": null,
        "bubbler": null,
        "inscription": null,
        "fixme": null,
        "amenity_1": null,
        "survey:date": null
      },
      "geometry": {
        "type": "Point",
        "coordinates": [
          -122.2863871,
          37.866786
        ]
      }
    },
    {
      "id": "10",
      "type": "Feature",
      "properties": {
        "element": "node",
        "id": 308813316,
        "amenity": "drinking_water",
        "check_date": null,
        "fountain": null,
        "source": null,
        "wetap:status": null,
        "wetap:statusnote": null,
        "access:dog": null,
        "access:horse": null,
        "bottle": null,
        "access": null,
        "covered": null,
        "fee": null,
        "indoor": null,
        "lit": null,
        "drinking_water:bottle": null,
        "drinking_water:bubbler": null,
        "wetap:taste": null,
        "condition": null,
        "note": null,
        "security_zone": null,
        "wetap:flow": null,
        "wetap:photo": null,
        "wetap:quality": null,
        "wetap:temperature": null,
        "wetap:status_note": null,
        "description": null,
        "operator": null,
        "wheelchair": null,
        "name": null,
        "source:pkey": null,
        "image": null,
        "maintenance": null,
        "stateofrepair": null,
        "level": null,
        "drinking_water": null,
        "opening_hours": null,
        "dog": null,
        "level:ref": null,
        "manufacturer:wikidata": null,
        "operator:wikidata": null,
        "layer": null,
        "location": null,
        "wetap:dog": null,
        "wetap:credit": null,
        "addr:city": null,
        "addr:housenumber": null,
        "addr:postcode": null,
        "addr:street": null,
        "phone": null,
        "drinking_water:dog": null,
        "bubbler": null,
        "inscription": null,
        "fixme": null,
        "amenity_1": null,
        "survey:date": null
      },
      "geometry": {
        "type": "Point",
        "coordinates": [
          -122.2711599,
          37.8488679
        ]
      }
    },
    {
      "id": "11",
      "type": "Feature",
      "properties": {
        "element": "node",
        "id": 310473251,
        "amenity": "drinking_water",
        "check_date": null,
        "fountain": null,
        "source": null,
        "wetap:status": null,
        "wetap:statusnote": null,
        "access:dog": null,
        "access:horse": null,
        "bottle": null,
        "access": null,
        "covered": null,
        "fee": null,
        "indoor": null,
        "lit": null,
        "drinking_water:bottle": null,
        "drinking_water:bubbler": null,
        "wetap:taste": null,
        "condition": null,
        "note": null,
        "security_zone": null,
        "wetap:flow": null,
        "wetap:photo": null,
        "wetap:quality": null,
        "wetap:temperature": null,
        "wetap:status_note": null,
        "description": null,
        "operator": null,
        "wheelchair": null,
        "name": null,
        "source:pkey": null,
        "image": null,
        "maintenance": null,
        "stateofrepair": null,
        "level": null,
        "drinking_water": null,
        "opening_hours": null,
        "dog": null,
        "level:ref": null,
        "manufacturer:wikidata": null,
        "operator:wikidata": null,
        "layer": null,
        "location": null,
        "wetap:dog": null,
        "wetap:credit": null,
        "addr:city": null,
        "addr:housenumber": null,
        "addr:postcode": null,
        "addr:street": null,
        "phone": null,
        "drinking_water:dog": null,
        "bubbler": null,
        "inscription": null,
        "fixme": null,
        "amenity_1": null,
        "survey:date": null
      },
      "geometry": {
        "type": "Point",
        "coordinates": [
          -122.3096751,
          37.8775121
        ]
      }
    },
    {
      "id": "12",
      "type": "Feature",
      "properties": {
        "element": "node",
        "id": 310704450,
        "amenity": "drinking_water",
        "check_date": null,
        "fountain": null,
        "source": null,
        "wetap:status": null,
        "wetap:statusnote": null,
        "access:dog": null,
        "access:horse": null,
        "bottle": null,
        "access": null,
        "covered": null,
        "fee": null,
        "indoor": null,
        "lit": null,
        "drinking_water:bottle": null,
        "drinking_water:bubbler": null,
        "wetap:taste": null,
        "condition": null,
        "note": null,
        "security_zone": null,
        "wetap:flow": null,
        "wetap:photo": null,
        "wetap:quality": null,
        "wetap:temperature": null,
        "wetap:status_note": null,
        "description": null,
        "operator": null,
        "wheelchair": null,
        "name": null,
        "source:pkey": null,
        "image": null,
        "maintenance": null,
        "stateofrepair": null,
        "level": null,
        "drinking_water": null,
        "opening_hours": null,
        "dog": null,
        "level:ref": null,
        "manufacturer:wikidata": null,
        "operator:wikidata": null,
        "layer": null,
        "location": null,
        "wetap:dog": null,
        "wetap:credit": null,
        "addr:city": null,
        "addr:housenumber": null,
        "addr:postcode": null,
        "addr:street": null,
        "phone": null,
        "drinking_water:dog": null,
        "bubbler": null,
        "inscription": null,
        "fixme": null,
        "amenity_1": null,
        "survey:date": null
      },
      "geometry": {
        "type": "Point",
        "coordinates": [
          -122.1859041,
          37.8110777
        ]
      }
    },
    {
      "id": "13",
      "type": "Feature",
      "properties": {
        "element": "node",
        "id": 310708103,
        "amenity": "drinking_water",
        "check_date": null,
        "fountain": null,
        "source": null,
        "wetap:status": null,
        "wetap:statusnote": null,
        "access:dog": null,
        "access:horse": null,
        "bottle": null,
        "access": null,
        "covered": null,
        "fee": null,
        "indoor": null,
        "lit": null,
        "drinking_water:bottle": null,
        "drinking_water:bubbler": null,
        "wetap:taste": null,
        "condition": null,
        "note": null,
        "security_zone": null,
        "wetap:flow": null,
        "wetap:photo": null,
        "wetap:quality": null,
        "wetap:temperature": null,
        "wetap:status_note": null,
        "description": null,
        "operator": null,
        "wheelchair": null,
        "name": null,
        "source:pkey": null,
        "image": null,
        "maintenance": null,
        "stateofrepair": null,
        "level": null,
        "drinking_water": null,
        "opening_hours": null,
        "dog": null,
        "level:ref": null,
        "manufacturer:wikidata": null,
        "operator:wikidata": null,
        "layer": null,
        "location": null,
        "wetap:dog": null,
        "wetap:credit": null,
        "addr:city": null,
        "addr:housenumber": null,
        "addr:postcode": null,
        "addr:street": null,
        "phone": null,
        "drinking_water:dog": null,
        "bubbler": null,
        "inscription": null,
        "fixme": null,
        "amenity_1": null,
        "survey:date": null
      },
      "geometry": {
        "type": "Point",
        "coordinates": [
          -122.2643972,
          37.8069659
        ]
      }
    },
    {
      "id": "14",
      "type": "Feature",
      "properties": {
        "element": "node",
        "id": 310739446,
        "amenity": "drinking_water",
        "check_date": null,
        "fountain": null,
        "source": null,
        "wetap:status": null,
        "wetap:statusnote": null,
        "access:dog": null,
        "access:horse": null,
        "bottle": null,
        "access": null,
        "covered": null,
        "fee": null,
        "indoor": null,
        "lit": null,
        "drinking_water:bottle": null,
        "drinking_water:bubbler": null,
        "wetap:taste": null,
        "condition": null,
        "note": null,
        "security_zone": null,
        "wetap:flow": null,
        "wetap:photo": null,
        "wetap:quality": null,
        "wetap:temperature": null,
        "wetap:status_note": null,
        "description": null,
        "operator": null,
        "wheelchair": null,
        "name": null,
        "source:pkey": null,
        "image": null,
        "maintenance": null,
        "stateofrepair": null,
        "level": null,
        "drinking_water": null,
        "opening_hours": null,
        "dog": null,
        "level:ref": null,
        "manufacturer:wikidata": null,
        "operator:wikidata": null,
        "layer": null,
        "location": null,
        "wetap:dog": null,
        "wetap:credit": null,
        "addr:city": null,
        "addr:housenumber": null,
        "addr:postcode": null,
        "addr:street": null,
        "phone": null,
        "drinking_water:dog": null,
        "bubbler": null,
        "inscription": null,
        "fixme": null,
        "amenity_1": null,
        "survey:date": null
      },
      "geometry": {
        "type": "Point",
        "coordinates": [
          -122.1862067,
          37.8103308
        ]
      }
    },
    {
      "id": "15",
      "type": "Feature",
      "properties": {
        "element": "node",
        "id": 310962266,
        "amenity": "drinking_water",
        "check_date": null,
        "fountain": null,
        "source": null,
        "wetap:status": null,
        "wetap:statusnote": null,
        "access:dog": null,
        "access:horse": null,
        "bottle": null,
        "access": null,
        "covered": null,
        "fee": null,
        "indoor": null,
        "lit": null,
        "drinking_water:bottle": null,
        "drinking_water:bubbler": null,
        "wetap:taste": null,
        "condition": null,
        "note": null,
        "security_zone": null,
        "wetap:flow": null,
        "wetap:photo": null,
        "wetap:quality": null,
        "wetap:temperature": null,
        "wetap:status_note": null,
        "description": null,
        "operator": null,
        "wheelchair": null,
        "name": null,
        "source:pkey": null,
        "image": null,
        "maintenance": null,
        "stateofrepair": null,
        "level": null,
        "drinking_water": null,
        "opening_hours": null,
        "dog": null,
        "level:ref": null,
        "manufacturer:wikidata": null,
        "operator:wikidata": null,
        "layer": null,
        "location": null,
        "wetap:dog": null,
        "wetap:credit": null,
        "addr:city": null,
        "addr:housenumber": null,
        "addr:postcode": null,
        "addr:street": null,
        "phone": null,
        "drinking_water:dog": null,
        "bubbler": null,
        "inscription": null,
        "fixme": null,
        "amenity_1": null,
        "survey:date": null
      },
      "geometry": {
        "type": "Point",
        "coordinates": [
          -122.1908927,
          37.8128945
        ]
      }
    },
    {
      "id": "16",
      "type": "Feature",
      "properties": {
        "element": "node",
        "id": 310962273,
        "amenity": "drinking_water",
        "check_date": null,
        "fountain": null,
        "source": null,
        "wetap:status": null,
        "wetap:statusnote": null,
        "access:dog": null,
        "access:horse": null,
        "bottle": null,
        "access": null,
        "covered": null,
        "fee": null,
        "indoor": null,
        "lit": null,
        "drinking_water:bottle": null,
        "drinking_water:bubbler": null,
        "wetap:taste": null,
        "condition": null,
        "note": null,
        "security_zone": null,
        "wetap:flow": null,
        "wetap:photo": null,
        "wetap:quality": null,
        "wetap:temperature": null,
        "wetap:status_note": null,
        "description": null,
        "operator": null,
        "wheelchair": null,
        "name": null,
        "source:pkey": null,
        "image": null,
        "maintenance": null,
        "stateofrepair": null,
        "level": null,
        "drinking_water": null,
        "opening_hours": null,
        "dog": null,
        "level:ref": null,
        "manufacturer:wikidata": null,
        "operator:wikidata": null,
        "layer": null,
        "location": null,
        "wetap:dog": null,
        "wetap:credit": null,
        "addr:city": null,
        "addr:housenumber": null,
        "addr:postcode": null,
        "addr:street": null,
        "phone": null,
        "drinking_water:dog": null,
        "bubbler": null,
        "inscription": null,
        "fixme": null,
        "amenity_1": null,
        "survey:date": null
      },
      "geometry": {
        "type": "Point",
        "coordinates": [
          -122.1849301,
          37.8109708
        ]
      }
    },
    {
      "id": "17",
      "type": "Feature",
      "properties": {
        "element": "node",
        "id": 310964536,
        "amenity": "drinking_water",
        "check_date": null,
        "fountain": null,
        "source": null,
        "wetap:status": null,
        "wetap:statusnote": null,
        "access:dog": null,
        "access:horse": null,
        "bottle": null,
        "access": null,
        "covered": null,
        "fee": null,
        "indoor": null,
        "lit": null,
        "drinking_water:bottle": null,
        "drinking_water:bubbler": null,
        "wetap:taste": null,
        "condition": null,
        "note": null,
        "security_zone": null,
        "wetap:flow": null,
        "wetap:photo": null,
        "wetap:quality": null,
        "wetap:temperature": null,
        "wetap:status_note": null,
        "description": null,
        "operator": null,
        "wheelchair": null,
        "name": null,
        "source:pkey": null,
        "image": null,
        "maintenance": null,
        "stateofrepair": null,
        "level": null,
        "drinking_water": null,
        "opening_hours": null,
        "dog": null,
        "level:ref": null,
        "manufacturer:wikidata": null,
        "operator:wikidata": null,
        "layer": null,
        "location": null,
        "wetap:dog": null,
        "wetap:credit": null,
        "addr:city": null,
        "addr:housenumber": null,
        "addr:postcode": null,
        "addr:street": null,
        "phone": null,
        "drinking_water:dog": null,
        "bubbler": null,
        "inscription": null,
        "fixme": null,
        "amenity_1": null,
        "survey:date": null
      },
      "geometry": {
        "type": "Point",
        "coordinates": [
          -122.1815908,
          37.8157869
        ]
      }
    },
    {
      "id": "18",
      "type": "Feature",
      "properties": {
        "element": "node",
        "id": 311868849,
        "amenity": "drinking_water",
        "check_date": null,
        "fountain": null,
        "source": null,
        "wetap:status": null,
        "wetap:statusnote": null,
        "access:dog": "yes",
        "access:horse": "yes",
        "bottle": "yes",
        "access": null,
        "covered": null,
        "fee": null,
        "indoor": null,
        "lit": null,
        "drinking_water:bottle": null,
        "drinking_water:bubbler": null,
        "wetap:taste": null,
        "condition": null,
        "note": null,
        "security_zone": null,
        "wetap:flow": null,
        "wetap:photo": null,
        "wetap:quality": null,
        "wetap:temperature": null,
        "wetap:status_note": null,
        "description": null,
        "operator": null,
        "wheelchair": null,
        "name": null,
        "source:pkey": null,
        "image": null,
        "maintenance": null,
        "stateofrepair": null,
        "level": null,
        "drinking_water": null,
        "opening_hours": null,
        "dog": null,
        "level:ref": null,
        "manufacturer:wikidata": null,
        "operator:wikidata": null,
        "layer": null,
        "location": null,
        "wetap:dog": null,
        "wetap:credit": null,
        "addr:city": null,
        "addr:housenumber": null,
        "addr:postcode": null,
        "addr:street": null,
        "phone": null,
        "drinking_water:dog": null,
        "bubbler": null,
        "inscription": null,
        "fixme": null,
        "amenity_1": null,
        "survey:date": null
      },
      "geometry": {
        "type": "Point",
        "coordinates": [
          -122.1839141,
          37.8153995
        ]
      }
    },
    {
      "id": "19",
      "type": "Feature",
      "properties": {
        "element": "node",
        "id": 311872671,
        "amenity": "drinking_water",
        "check_date": null,
        "fountain": null,
        "source": null,
        "wetap:status": null,
        "wetap:statusnote": null,
        "access:dog": null,
        "access:horse": null,
        "bottle": null,
        "access": null,
        "covered": null,
        "fee": null,
        "indoor": null,
        "lit": null,
        "drinking_water:bottle": null,
        "drinking_water:bubbler": null,
        "wetap:taste": null,
        "condition": null,
        "note": null,
        "security_zone": null,
        "wetap:flow": null,
        "wetap:photo": null,
        "wetap:quality": null,
        "wetap:temperature": null,
        "wetap:status_note": null,
        "description": null,
        "operator": null,
        "wheelchair": null,
        "name": null,
        "source:pkey": null,
        "image": null,
        "maintenance": null,
        "stateofrepair": null,
        "level": null,
        "drinking_water": null,
        "opening_hours": null,
        "dog": null,
        "level:ref": null,
        "manufacturer:wikidata": null,
        "operator:wikidata": null,
        "layer": null,
        "location": null,
        "wetap:dog": null,
        "wetap:credit": null,
        "addr:city": null,
        "addr:housenumber": null,
        "addr:postcode": null,
        "addr:street": null,
        "phone": null,
        "drinking_water:dog": null,
        "bubbler": null,
        "inscription": null,
        "fixme": null,
        "amenity_1": null,
        "survey:date": null
      },
      "geometry": {
        "type": "Point",
        "coordinates": [
          -122.1773698,
          37.8171691
        ]
      }
    },
    {
      "id": "20",
      "type": "Feature",
      "properties": {
        "element": "node",
        "id": 311872915,
        "amenity": "drinking_water",
        "check_date": null,
        "fountain": null,
        "source": null,
        "wetap:status": null,
        "wetap:statusnote": null,
        "access:dog": null,
        "access:horse": null,
        "bottle": null,
        "access": null,
        "covered": null,
        "fee": null,
        "indoor": null,
        "lit": null,
        "drinking_water:bottle": null,
        "drinking_water:bubbler": null,
        "wetap:taste": null,
        "condition": null,
        "note": null,
        "security_zone": null,
        "wetap:flow": null,
        "wetap:photo": null,
        "wetap:quality": null,
        "wetap:temperature": null,
        "wetap:status_note": null,
        "description": null,
        "operator": null,
        "wheelchair": null,
        "name": null,
        "source:pkey": null,
        "image": null,
        "maintenance": null,
        "stateofrepair": null,
        "level": null,
        "drinking_water": null,
        "opening_hours": null,
        "dog": null,
        "level:ref": null,
        "manufacturer:wikidata": null,
        "operator:wikidata": null,
        "layer": null,
        "location": null,
        "wetap:dog": null,
        "wetap:credit": null,
        "addr:city": null,
        "addr:housenumber": null,
        "addr:postcode": null,
        "addr:street": null,
        "phone": null,
        "drinking_water:dog": null,
        "bubbler": null,
        "inscription": null,
        "fixme": null,
        "amenity_1": null,
        "survey:date": null
      },
      "geometry": {
        "type": "Point",
        "coordinates": [
          -122.1788248,
          37.8181658
        ]
      }
    },
    {
      "id": "21",
      "type": "Feature",
      "properties": {
        "element": "node",
        "id": 311875388,
        "amenity": "drinking_water",
        "check_date": "2025-08-03",
        "fountain": "bubbler",
        "source": null,
        "wetap:status": null,
        "wetap:statusnote": null,
        "access:dog": null,
        "access:horse": null,
        "bottle": null,
        "access": null,
        "covered": null,
        "fee": null,
        "indoor": null,
        "lit": null,
        "drinking_water:bottle": null,
        "drinking_water:bubbler": null,
        "wetap:taste": null,
        "condition": null,
        "note": null,
        "security_zone": null,
        "wetap:flow": null,
        "wetap:photo": null,
        "wetap:quality": null,
        "wetap:temperature": null,
        "wetap:status_note": null,
        "description": null,
        "operator": null,
        "wheelchair": null,
        "name": null,
        "source:pkey": null,
        "image": null,
        "maintenance": null,
        "stateofrepair": null,
        "level": null,
        "drinking_water": null,
        "opening_hours": null,
        "dog": null,
        "level:ref": null,
        "manufacturer:wikidata": null,
        "operator:wikidata": null,
        "layer": null,
        "location": null,
        "wetap:dog": null,
        "wetap:credit": null,
        "addr:city": null,
        "addr:housenumber": null,
        "addr:postcode": null,
        "addr:street": null,
        "phone": null,
        "drinking_water:dog": null,
        "bubbler": null,
        "inscription": null,
        "fixme": null,
        "amenity_1": null,
        "survey:date": null
      },
      "geometry": {
        "type": "Point",
        "coordinates": [
          -122.1765448,
          37.8162538
        ]
      }
    },
    {
      "id": "22",
      "type": "Feature",
      "properties": {
        "element": "node",
        "id": 311881213,
        "amenity": "drinking_water",
        "check_date": "2021-08-15",
        "fountain": null,
        "source": null,
        "wetap:status": null,
        "wetap:statusnote": null,
        "access:dog": null,
        "access:horse": null,
        "bottle": null,
        "access": null,
        "covered": null,
        "fee": null,
        "indoor": null,
        "lit": null,
        "drinking_water:bottle": null,
        "drinking_water:bubbler": null,
        "wetap:taste": null,
        "condition": null,
        "note": null,
        "security_zone": null,
        "wetap:flow": null,
        "wetap:photo": null,
        "wetap:quality": null,
        "wetap:temperature": null,
        "wetap:status_note": null,
        "description": null,
        "operator": null,
        "wheelchair": null,
        "name": null,
        "source:pkey": null,
        "image": null,
        "maintenance": null,
        "stateofrepair": null,
        "level": null,
        "drinking_water": null,
        "opening_hours": null,
        "dog": null,
        "level:ref": null,
        "manufacturer:wikidata": null,
        "operator:wikidata": null,
        "layer": null,
        "location": null,
        "wetap:dog": null,
        "wetap:credit": null,
        "addr:city": null,
        "addr:housenumber": null,
        "addr:postcode": null,
        "addr:street": null,
        "phone": null,
        "drinking_water:dog": null,
        "bubbler": null,
        "inscription": null,
        "fixme": null,
        "amenity_1": null,
        "survey:date": null
      },
      "geometry": {
        "type": "Point",
        "coordinates": [
          -122.1747142,
          37.8126644
        ]
      }
    },
    {
      "id": "23",
      "type": "Feature",
      "properties": {
        "element": "node",
        "id": 312002188,
        "amenity": "drinking_water",
        "check_date": null,
        "fountain": null,
        "source": null,
        "wetap:status": null,
        "wetap:statusnote": null,
        "access:dog": null,
        "access:horse": null,
        "bottle": null,
        "access": null,
        "covered": null,
        "fee": null,
        "indoor": null,
        "lit": null,
        "drinking_water:bottle": null,
        "drinking_water:bubbler": null,
        "wetap:taste": null,
        "condition": null,
        "note": null,
        "security_zone": null,
        "wetap:flow": null,
        "wetap:photo": null,
        "wetap:quality": null,
        "wetap:temperature": null,
        "wetap:status_note": null,
        "description": null,
        "operator": null,
        "wheelchair": null,
        "name": null,
        "source:pkey": null,
        "image": null,
        "maintenance": null,
        "stateofrepair": null,
        "level": null,
        "drinking_water": null,
        "opening_hours": null,
        "dog": null,
        "level:ref": null,
        "manufacturer:wikidata": null,
        "operator:wikidata": null,
        "layer": null,
        "location": null,
        "wetap:dog": null,
        "wetap:credit": null,
        "addr:city": null,
        "addr:housenumber": null,
        "addr:postcode": null,
        "addr:street": null,
        "phone": null,
        "drinking_water:dog": null,
        "bubbler": null,
        "inscription": null,
        "fixme": null,
        "amenity_1": null,
        "survey:date": null
      },
      "geometry": {
        "type": "Point",
        "coordinates": [
          -122.2720126,
          37.8690034
        ]
      }
    },
    {
      "id": "24",
      "type": "Feature",
      "properties": {
        "element": "node",
        "id": 312031036,
        "amenity": "drinking_water",
        "check_date": null,
        "fountain": null,
        "source": null,
        "wetap:status": null,
        "wetap:statusnote": null,
        "access:dog": null,
        "access:horse": null,
        "bottle": null,
        "access": null,
        "covered": null,
        "fee": null,
        "indoor": null,
        "lit": null,
        "drinking_water:bottle": null,
        "drinking_water:bubbler": null,
        "wetap:taste": null,
        "condition": null,
        "note": null,
        "security_zone": null,
        "wetap:flow": null,
        "wetap:photo": null,
        "wetap:quality": null,
        "wetap:temperature": null,
        "wetap:status_note": null,
        "description": null,
        "operator": null,
        "wheelchair": null,
        "name": null,
        "source:pkey": null,
        "image": null,
        "maintenance": null,
        "stateofrepair": null,
        "level": null,
        "drinking_water": null,
        "opening_hours": null,
        "dog": null,
        "level:ref": null,
        "manufacturer:wikidata": null,
        "operator:wikidata": null,
        "layer": null,
        "location": null,
        "wetap:dog": null,
        "wetap:credit": null,
        "addr:city": null,
        "addr:housenumber": null,
        "addr:postcode": null,
        "addr:street": null,
        "phone": null,
        "drinking_water:dog": null,
        "bubbler": null,
        "inscription": null,
        "fixme": null,
        "amenity_1": null,
        "survey:date": null
      },
      "geometry": {
        "type": "Point",
        "coordinates": [
          -122.3000617,
          37.8509343
        ]
      }
    },
    {
      "id": "25",
      "type": "Feature",
      "properties": {
        "element": "node",
        "id": 312804521,
        "amenity": "drinking_water",
        "check_date": "2022-02-02",
        "fountain": null,
        "source": null,
        "wetap:status": null,
        "wetap:statusnote": null,
        "access:dog": null,
        "access:horse": null,
        "bottle": null,
        "access": null,
        "covered": null,
        "fee": null,
        "indoor": null,
        "lit": null,
        "drinking_water:bottle": null,
        "drinking_water:bubbler": null,
        "wetap:taste": null,
        "condition": null,
        "note": null,
        "security_zone": null,
        "wetap:flow": null,
        "wetap:photo": null,
        "wetap:quality": null,
        "wetap:temperature": null,
        "wetap:status_note": null,
        "description": null,
        "operator": null,
        "wheelchair": null,
        "name": null,
        "source:pkey": null,
        "image": null,
        "maintenance": null,
        "stateofrepair": null,
        "level": null,
        "drinking_water": null,
        "opening_hours": null,
        "dog": null,
        "level:ref": null,
        "manufacturer:wikidata": null,
        "operator:wikidata": null,
        "layer": null,
        "location": null,
        "wetap:dog": null,
        "wetap:credit": null,
        "addr:city": null,
        "addr:housenumber": null,
        "addr:postcode": null,
        "addr:street": null,
        "phone": null,
        "drinking_water:dog": null,
        "bubbler": null,
        "inscription": null,
        "fixme": null,
        "amenity_1": null,
        "survey:date": null
      },
      "geometry": {
        "type": "Point",
        "coordinates": [
          -122.2687689,
          37.8839175
        ]
      }
    },
    {
      "id": "26",
      "type": "Feature",
      "properties": {
        "element": "node",
        "id": 312804704,
        "amenity": "drinking_water",
        "check_date": "2023-05-20",
        "fountain": null,
        "source": null,
        "wetap:status": null,
        "wetap:statusnote": null,
        "access:dog": null,
        "access:horse": null,
        "bottle": "no",
        "access": "yes",
        "covered": "no",
        "fee": "no",
        "indoor": "no",
        "lit": "no",
        "drinking_water:bottle": null,
        "drinking_water:bubbler": null,
        "wetap:taste": null,
        "condition": null,
        "note": null,
        "security_zone": null,
        "wetap:flow": null,
        "wetap:photo": null,
        "wetap:quality": null,
        "wetap:temperature": null,
        "wetap:status_note": null,
        "description": null,
        "operator": null,
        "wheelchair": null,
        "name": null,
        "source:pkey": null,
        "image": null,
        "maintenance": null,
        "stateofrepair": null,
        "level": null,
        "drinking_water": null,
        "opening_hours": null,
        "dog": null,
        "level:ref": null,
        "manufacturer:wikidata": null,
        "operator:wikidata": null,
        "layer": null,
        "location": null,
        "wetap:dog": null,
        "wetap:credit": null,
        "addr:city": null,
        "addr:housenumber": null,
        "addr:postcode": null,
        "addr:street": null,
        "phone": null,
        "drinking_water:dog": null,
        "bubbler": null,
        "inscription": null,
        "fixme": null,
        "amenity_1": null,
        "survey:date": null
      },
      "geometry": {
        "type": "Point",
        "coordinates": [
          -122.2682697,
          37.8843442
        ]
      }
    },
    {
      "id": "27",
      "type": "Feature",
      "properties": {
        "element": "node",
        "id": 331128854,
        "amenity": "drinking_water",
        "check_date": null,
        "fountain": null,
        "source": null,
        "wetap:status": null,
        "wetap:statusnote": null,
        "access:dog": null,
        "access:horse": null,
        "bottle": null,
        "access": null,
        "covered": null,
        "fee": null,
        "indoor": null,
        "lit": null,
        "drinking_water:bottle": null,
        "drinking_water:bubbler": null,
        "wetap:taste": null,
        "condition": null,
        "note": null,
        "security_zone": null,
        "wetap:flow": null,
        "wetap:photo": null,
        "wetap:quality": null,
        "wetap:temperature": null,
        "wetap:status_note": null,
        "description": null,
        "operator": null,
        "wheelchair": null,
        "name": null,
        "source:pkey": null,
        "image": null,
        "maintenance": null,
        "stateofrepair": null,
        "level": null,
        "drinking_water": null,
        "opening_hours": null,
        "dog": null,
        "level:ref": null,
        "manufacturer:wikidata": null,
        "operator:wikidata": null,
        "layer": null,
        "location": null,
        "wetap:dog": null,
        "wetap:credit": null,
        "addr:city": null,
        "addr:housenumber": null,
        "addr:postcode": null,
        "addr:street": null,
        "phone": null,
        "drinking_water:dog": null,
        "bubbler": null,
        "inscription": null,
        "fixme": null,
        "amenity_1": null,
        "survey:date": null
      },
      "geometry": {
        "type": "Point",
        "coordinates": [
          -122.1638984,
          37.8176647
        ]
      }
    },
    {
      "id": "28",
      "type": "Feature",
      "properties": {
        "element": "node",
        "id": 331128859,
        "amenity": "drinking_water",
        "check_date": null,
        "fountain": null,
        "source": null,
        "wetap:status": null,
        "wetap:statusnote": null,
        "access:dog": null,
        "access:horse": null,
        "bottle": null,
        "access": null,
        "covered": null,
        "fee": null,
        "indoor": null,
        "lit": null,
        "drinking_water:bottle": null,
        "drinking_water:bubbler": null,
        "wetap:taste": null,
        "condition": null,
        "note": null,
        "security_zone": null,
        "wetap:flow": null,
        "wetap:photo": null,
        "wetap:quality": null,
        "wetap:temperature": null,
        "wetap:status_note": null,
        "description": null,
        "operator": null,
        "wheelchair": null,
        "name": null,
        "source:pkey": null,
        "image": null,
        "maintenance": null,
        "stateofrepair": null,
        "level": null,
        "drinking_water": null,
        "opening_hours": null,
        "dog": null,
        "level:ref": null,
        "manufacturer:wikidata": null,
        "operator:wikidata": null,
        "layer": null,
        "location": null,
        "wetap:dog": null,
        "wetap:credit": null,
        "addr:city": null,
        "addr:housenumber": null,
        "addr:postcode": null,
        "addr:street": null,
        "phone": null,
        "drinking_water:dog": null,
        "bubbler": null,
        "inscription": null,
        "fixme": null,
        "amenity_1": null,
        "survey:date": null
      },
      "geometry": {
        "type": "Point",
        "coordinates": [
          -122.1557211,
          37.8111085
        ]
      }
    },
    {
      "id": "29",
      "type": "Feature",
      "properties": {
        "element": "node",
        "id": 331134086,
        "amenity": "drinking_water",
        "check_date": null,
        "fountain": null,
        "source": null,
        "wetap:status": null,
        "wetap:statusnote": null,
        "access:dog": null,
        "access:horse": null,
        "bottle": null,
        "access": null,
        "covered": null,
        "fee": null,
        "indoor": null,
        "lit": null,
        "drinking_water:bottle": "yes",
        "drinking_water:bubbler": "yes",
        "wetap:taste": "good",
        "condition": null,
        "note": null,
        "security_zone": null,
        "wetap:flow": null,
        "wetap:photo": null,
        "wetap:quality": null,
        "wetap:temperature": null,
        "wetap:status_note": null,
        "description": null,
        "operator": null,
        "wheelchair": null,
        "name": null,
        "source:pkey": null,
        "image": null,
        "maintenance": null,
        "stateofrepair": null,
        "level": null,
        "drinking_water": null,
        "opening_hours": null,
        "dog": null,
        "level:ref": null,
        "manufacturer:wikidata": null,
        "operator:wikidata": null,
        "layer": null,
        "location": null,
        "wetap:dog": null,
        "wetap:credit": null,
        "addr:city": null,
        "addr:housenumber": null,
        "addr:postcode": null,
        "addr:street": null,
        "phone": null,
        "drinking_water:dog": null,
        "bubbler": null,
        "inscription": null,
        "fixme": null,
        "amenity_1": null,
        "survey:date": null
      },
      "geometry": {
        "type": "Point",
        "coordinates": [
          -122.1599356,
          37.8141543
        ]
      }
    },
    {
      "id": "30",
      "type": "Feature",
      "properties": {
        "element": "node",
        "id": 517872460,
        "amenity": "drinking_water",
        "check_date": null,
        "fountain": "bubbler",
        "source": null,
        "wetap:status": null,
        "wetap:statusnote": null,
        "access:dog": null,
        "access:horse": null,
        "bottle": null,
        "access": null,
        "covered": null,
        "fee": null,
        "indoor": null,
        "lit": null,
        "drinking_water:bottle": null,
        "drinking_water:bubbler": null,
        "wetap:taste": null,
        "condition": null,
        "note": null,
        "security_zone": null,
        "wetap:flow": null,
        "wetap:photo": null,
        "wetap:quality": null,
        "wetap:temperature": null,
        "wetap:status_note": null,
        "description": null,
        "operator": null,
        "wheelchair": null,
        "name": null,
        "source:pkey": null,
        "image": null,
        "maintenance": null,
        "stateofrepair": null,
        "level": null,
        "drinking_water": null,
        "opening_hours": null,
        "dog": null,
        "level:ref": null,
        "manufacturer:wikidata": null,
        "operator:wikidata": null,
        "layer": null,
        "location": null,
        "wetap:dog": null,
        "wetap:credit": null,
        "addr:city": null,
        "addr:housenumber": null,
        "addr:postcode": null,
        "addr:street": null,
        "phone": null,
        "drinking_water:dog": null,
        "bubbler": null,
        "inscription": null,
        "fixme": null,
        "amenity_1": null,
        "survey:date": null
      },
      "geometry": {
        "type": "Point",
        "coordinates": [
          -122.2780835,
          37.8730131
        ]
      }
    },
    {
      "id": "31",
      "type": "Feature",
      "properties": {
        "element": "node",
        "id": 517872516,
        "amenity": "drinking_water",
        "check_date": null,
        "fountain": null,
        "source": null,
        "wetap:status": null,
        "wetap:statusnote": null,
        "access:dog": null,
        "access:horse": null,
        "bottle": null,
        "access": null,
        "covered": null,
        "fee": null,
        "indoor": null,
        "lit": null,
        "drinking_water:bottle": null,
        "drinking_water:bubbler": null,
        "wetap:taste": null,
        "condition": null,
        "note": null,
        "security_zone": null,
        "wetap:flow": null,
        "wetap:photo": null,
        "wetap:quality": null,
        "wetap:temperature": null,
        "wetap:status_note": null,
        "description": null,
        "operator": null,
        "wheelchair": null,
        "name": null,
        "source:pkey": null,
        "image": null,
        "maintenance": null,
        "stateofrepair": null,
        "level": null,
        "drinking_water": null,
        "opening_hours": null,
        "dog": null,
        "level:ref": null,
        "manufacturer:wikidata": null,
        "operator:wikidata": null,
        "layer": null,
        "location": null,
        "wetap:dog": null,
        "wetap:credit": null,
        "addr:city": null,
        "addr:housenumber": null,
        "addr:postcode": null,
        "addr:street": null,
        "phone": null,
        "drinking_water:dog": null,
        "bubbler": null,
        "inscription": null,
        "fixme": null,
        "amenity_1": null,
        "survey:date": null
      },
      "geometry": {
        "type": "Point",
        "coordinates": [
          -122.2764328,
          37.873026
        ]
      }
    },
    {
      "id": "32",
      "type": "Feature",
      "properties": {
        "element": "node",
        "id": 517872517,
        "amenity": "drinking_water",
        "check_date": null,
        "fountain": null,
        "source": null,
        "wetap:status": null,
        "wetap:statusnote": null,
        "access:dog": null,
        "access:horse": null,
        "bottle": null,
        "access": null,
        "covered": null,
        "fee": null,
        "indoor": null,
        "lit": null,
        "drinking_water:bottle": null,
        "drinking_water:bubbler": null,
        "wetap:taste": null,
        "condition": null,
        "note": null,
        "security_zone": null,
        "wetap:flow": null,
        "wetap:photo": null,
        "wetap:quality": null,
        "wetap:temperature": null,
        "wetap:status_note": null,
        "description": null,
        "operator": null,
        "wheelchair": null,
        "name": null,
        "source:pkey": null,
        "image": null,
        "maintenance": null,
        "stateofrepair": null,
        "level": null,
        "drinking_water": null,
        "opening_hours": null,
        "dog": null,
        "level:ref": null,
        "manufacturer:wikidata": null,
        "operator:wikidata": null,
        "layer": null,
        "location": null,
        "wetap:dog": null,
        "wetap:credit": null,
        "addr:city": null,
        "addr:housenumber": null,
        "addr:postcode": null,
        "addr:street": null,
        "phone": null,
        "drinking_water:dog": null,
        "bubbler": null,
        "inscription": null,
        "fixme": null,
        "amenity_1": null,
        "survey:date": null
      },
      "geometry": {
        "type": "Point",
        "coordinates": [
          -122.2753469,
          37.8732753
        ]
      }
    },
    {
      "id": "33",
      "type": "Feature",
      "properties": {
        "element": "node",
        "id": 517872520,
        "amenity": "drinking_water",
        "check_date": null,
        "fountain": null,
        "source": "wetap.org",
        "wetap:status": "unknown",
        "wetap:statusnote": "leu",
        "access:dog": null,
        "access:horse": null,
        "bottle": null,
        "access": null,
        "covered": null,
        "fee": null,
        "indoor": null,
        "lit": null,
        "drinking_water:bottle": null,
        "drinking_water:bubbler": null,
        "wetap:taste": null,
        "condition": null,
        "note": null,
        "security_zone": null,
        "wetap:flow": null,
        "wetap:photo": null,
        "wetap:quality": null,
        "wetap:temperature": null,
        "wetap:status_note": null,
        "description": null,
        "operator": null,
        "wheelchair": null,
        "name": null,
        "source:pkey": null,
        "image": null,
        "maintenance": null,
        "stateofrepair": null,
        "level": null,
        "drinking_water": null,
        "opening_hours": null,
        "dog": null,
        "level:ref": null,
        "manufacturer:wikidata": null,
        "operator:wikidata": null,
        "layer": null,
        "location": null,
        "wetap:dog": null,
        "wetap:credit": null,
        "addr:city": null,
        "addr:housenumber": null,
        "addr:postcode": null,
        "addr:street": null,
        "phone": null,
        "drinking_water:dog": null,
        "bubbler": null,
        "inscription": null,
        "fixme": null,
        "amenity_1": null,
        "survey:date": null
      },
      "geometry": {
        "type": "Point",
        "coordinates": [
          -122.2718557,
          37.8736752
        ]
      }
    },
    {
      "id": "34",
      "type": "Feature",
      "properties": {
        "element": "node",
        "id": 539604086,
        "amenity": "drinking_water",
        "check_date": "2025-10-15",
        "fountain": "bubbler",
        "source": null,
        "wetap:status": null,
        "wetap:statusnote": null,
        "access:dog": null,
        "access:horse": null,
        "bottle": null,
        "access": null,
        "covered": null,
        "fee": null,
        "indoor": null,
        "lit": null,
        "drinking_water:bottle": null,
        "drinking_water:bubbler": null,
        "wetap:taste": null,
        "condition": null,
        "note": null,
        "security_zone": null,
        "wetap:flow": null,
        "wetap:photo": null,
        "wetap:quality": null,
        "wetap:temperature": null,
        "wetap:status_note": null,
        "description": null,
        "operator": null,
        "wheelchair": null,
        "name": null,
        "source:pkey": null,
        "image": null,
        "maintenance": null,
        "stateofrepair": null,
        "level": null,
        "drinking_water": null,
        "opening_hours": null,
        "dog": null,
        "level:ref": null,
        "manufacturer:wikidata": null,
        "operator:wikidata": null,
        "layer": null,
        "location": null,
        "wetap:dog": null,
        "wetap:credit": null,
        "addr:city": null,
        "addr:housenumber": null,
        "addr:postcode": null,
        "addr:street": null,
        "phone": null,
        "drinking_water:dog": null,
        "bubbler": null,
        "inscription": null,
        "fixme": null,
        "amenity_1": null,
        "survey:date": null
      },
      "geometry": {
        "type": "Point",
        "coordinates": [
          -122.271727,
          37.8561887
        ]
      }
    },
    {
      "id": "35",
      "type": "Feature",
      "properties": {
        "element": "node",
        "id": 939007755,
        "amenity": "drinking_water",
        "check_date": null,
        "fountain": null,
        "source": null,
        "wetap:status": null,
        "wetap:statusnote": null,
        "access:dog": null,
        "access:horse": null,
        "bottle": "no",
        "access": null,
        "covered": null,
        "fee": null,
        "indoor": null,
        "lit": null,
        "drinking_water:bottle": null,
        "drinking_water:bubbler": null,
        "wetap:taste": null,
        "condition": null,
        "note": null,
        "security_zone": null,
        "wetap:flow": null,
        "wetap:photo": null,
        "wetap:quality": null,
        "wetap:temperature": null,
        "wetap:status_note": null,
        "description": null,
        "operator": null,
        "wheelchair": null,
        "name": null,
        "source:pkey": null,
        "image": null,
        "maintenance": null,
        "stateofrepair": null,
        "level": null,
        "drinking_water": null,
        "opening_hours": null,
        "dog": null,
        "level:ref": null,
        "manufacturer:wikidata": null,
        "operator:wikidata": null,
        "layer": null,
        "location": null,
        "wetap:dog": null,
        "wetap:credit": null,
        "addr:city": null,
        "addr:housenumber": null,
        "addr:postcode": null,
        "addr:street": null,
        "phone": null,
        "drinking_water:dog": null,
        "bubbler": null,
        "inscription": null,
        "fixme": null,
        "amenity_1": null,
        "survey:date": null
      },
      "geometry": {
        "type": "Point",
        "coordinates": [
          -122.256944,
          37.8610718
        ]
      }
    },
    {
      "id": "36",
      "type": "Feature",
      "properties": {
        "element": "node",
        "id": 1303944623,
        "amenity": "drinking_water",
        "check_date": null,
        "fountain": null,
        "source": null,
        "wetap:status": null,
        "wetap:statusnote": null,
        "access:dog": null,
        "access:horse": null,
        "bottle": null,
        "access": null,
        "covered": null,
        "fee": null,
        "indoor": null,
        "lit": null,
        "drinking_water:bottle": null,
        "drinking_water:bubbler": null,
        "wetap:taste": null,
        "condition": "good",
        "note": null,
        "security_zone": null,
        "wetap:flow": null,
        "wetap:photo": null,
        "wetap:quality": null,
        "wetap:temperature": null,
        "wetap:status_note": null,
        "description": null,
        "operator": null,
        "wheelchair": null,
        "name": null,
        "source:pkey": null,
        "image": null,
        "maintenance": null,
        "stateofrepair": null,
        "level": null,
        "drinking_water": null,
        "opening_hours": null,
        "dog": null,
        "level:ref": null,
        "manufacturer:wikidata": null,
        "operator:wikidata": null,
        "layer": null,
        "location": null,
        "wetap:dog": null,
        "wetap:credit": null,
        "addr:city": null,
        "addr:housenumber": null,
        "addr:postcode": null,
        "addr:street": null,
        "phone": null,
        "drinking_water:dog": null,
        "bubbler": null,
        "inscription": null,
        "fixme": null,
        "amenity_1": null,
        "survey:date": null
      },
      "geometry": {
        "type": "Point",
        "coordinates": [
          -122.3039273,
          37.8810587
        ]
      }
    },
    {
      "id": "37",
      "type": "Feature",
      "properties": {
        "element": "node",
        "id": 1314521474,
        "amenity": "drinking_water",
        "check_date": null,
        "fountain": "bubbler",
        "source": "wetap",
        "wetap:status": "working",
        "wetap:statusnote": null,
        "access:dog": null,
        "access:horse": null,
        "bottle": "yes",
        "access": null,
        "covered": null,
        "fee": null,
        "indoor": "yes",
        "lit": null,
        "drinking_water:bottle": null,
        "drinking_water:bubbler": null,
        "wetap:taste": null,
        "condition": null,
        "note": "Inside Terminal by Gate 25",
        "security_zone": "Gate Area",
        "wetap:flow": "good",
        "wetap:photo": "https://lh6.googleusercontent.com/_lRj66XqgIsk/TdPVE8-zgpI/AAAAAAAAAYc/RvbEZGJnAN0/chilled-good-not%20fillable-good.jpg",
        "wetap:quality": "good",
        "wetap:temperature": "chilled",
        "wetap:status_note": null,
        "description": null,
        "operator": null,
        "wheelchair": null,
        "name": null,
        "source:pkey": null,
        "image": null,
        "maintenance": null,
        "stateofrepair": null,
        "level": null,
        "drinking_water": null,
        "opening_hours": null,
        "dog": null,
        "level:ref": null,
        "manufacturer:wikidata": null,
        "operator:wikidata": null,
        "layer": null,
        "location": null,
        "wetap:dog": null,
        "wetap:credit": null,
        "addr:city": null,
        "addr:housenumber": null,
        "addr:postcode": null,
        "addr:street": null,
        "phone": null,
        "drinking_water:dog": null,
        "bubbler": null,
        "inscription": null,
        "fixme": null,
        "amenity_1": null,
        "survey:date": null
      },
      "geometry": {
        "type": "Point",
        "coordinates": [
          -122.211805,
          37.711034
        ]
      }
    },
    {
      "id": "38",
      "type": "Feature",
      "properties": {
        "element": "node",
        "id": 1314521478,
        "amenity": "drinking_water",
        "check_date": null,
        "fountain": null,
        "source": "wetap",
        "wetap:status": "working",
        "wetap:statusnote": null,
        "access:dog": null,
        "access:horse": null,
        "bottle": "no",
        "access": null,
        "covered": null,
        "fee": null,
        "indoor": null,
        "lit": null,
        "drinking_water:bottle": null,
        "drinking_water:bubbler": null,
        "wetap:taste": null,
        "condition": null,
        "note": null,
        "security_zone": null,
        "wetap:flow": "good",
        "wetap:photo": "https://lh6.googleusercontent.com/_lRj66XqgIsk/Ta7uZCrP7sI/AAAAAAAAAPQ/afqwqvqB1Dw/warm-good-not%20fillable-good.jpg",
        "wetap:quality": "good",
        "wetap:temperature": "warm",
        "wetap:status_note": null,
        "description": null,
        "operator": null,
        "wheelchair": null,
        "name": null,
        "source:pkey": null,
        "image": null,
        "maintenance": null,
        "stateofrepair": null,
        "level": null,
        "drinking_water": null,
        "opening_hours": null,
        "dog": null,
        "level:ref": null,
        "manufacturer:wikidata": null,
        "operator:wikidata": null,
        "layer": null,
        "location": null,
        "wetap:dog": null,
        "wetap:credit": null,
        "addr:city": null,
        "addr:housenumber": null,
        "addr:postcode": null,
        "addr:street": null,
        "phone": null,
        "drinking_water:dog": null,
        "bubbler": null,
        "inscription": null,
        "fixme": null,
        "amenity_1": null,
        "survey:date": null
      },
      "geometry": {
        "type": "Point",
        "coordinates": [
          -122.2690751,
          37.8373879
        ]
      }
    },
    {
      "id": "39",
      "type": "Feature",
      "properties": {
        "element": "node",
        "id": 1314521484,
        "amenity": "drinking_water",
        "check_date": "2022-02-02",
        "fountain": null,
        "source": "wetap",
        "wetap:status": "working",
        "wetap:statusnote": null,
        "access:dog": null,
        "access:horse": null,
        "bottle": "no",
        "access": "yes",
        "covered": "no",
        "fee": "no",
        "indoor": "no",
        "lit": null,
        "drinking_water:bottle": null,
        "drinking_water:bubbler": null,
        "wetap:taste": null,
        "condition": null,
        "note": "On basketball court near fence",
        "security_zone": null,
        "wetap:flow": "good",
        "wetap:photo": "https://lh5.googleusercontent.com/_lRj66XqgIsk/TcP9wgLzq2I/AAAAAAAAARQ/2j9ip4AF2Sc/warm-good-not%20fillable-good.jpg",
        "wetap:quality": "good",
        "wetap:temperature": "warm",
        "wetap:status_note": null,
        "description": null,
        "operator": null,
        "wheelchair": null,
        "name": null,
        "source:pkey": null,
        "image": null,
        "maintenance": null,
        "stateofrepair": null,
        "level": null,
        "drinking_water": null,
        "opening_hours": null,
        "dog": null,
        "level:ref": null,
        "manufacturer:wikidata": null,
        "operator:wikidata": null,
        "layer": null,
        "location": null,
        "wetap:dog": null,
        "wetap:credit": null,
        "addr:city": null,
        "addr:housenumber": null,
        "addr:postcode": null,
        "addr:street": null,
        "phone": null,
        "drinking_water:dog": null,
        "bubbler": null,
        "inscription": null,
        "fixme": null,
        "amenity_1": null,
        "survey:date": null
      },
      "geometry": {
        "type": "Point",
        "coordinates": [
          -122.2696195,
          37.8835601
        ]
      }
    },
    {
      "id": "40",
      "type": "Feature",
      "properties": {
        "element": "node",
        "id": 1314521494,
        "amenity": "drinking_water",
        "check_date": null,
        "fountain": null,
        "source": "wetap",
        "wetap:status": "working",
        "wetap:statusnote": null,
        "access:dog": null,
        "access:horse": null,
        "bottle": "yes",
        "access": null,
        "covered": null,
        "fee": null,
        "indoor": null,
        "lit": null,
        "drinking_water:bottle": null,
        "drinking_water:bubbler": null,
        "wetap:taste": null,
        "condition": null,
        "note": "Two fountains",
        "security_zone": null,
        "wetap:flow": "good",
        "wetap:photo": "https://lh5.googleusercontent.com/_lRj66XqgIsk/TbIg_H1y2ZI/AAAAAAAAAPw/00WsZtJeT6k/warm-good-fillable-good.jpg",
        "wetap:quality": "good",
        "wetap:temperature": "warm",
        "wetap:status_note": null,
        "description": null,
        "operator": null,
        "wheelchair": null,
        "name": null,
        "source:pkey": null,
        "image": null,
        "maintenance": null,
        "stateofrepair": null,
        "level": null,
        "drinking_water": null,
        "opening_hours": null,
        "dog": null,
        "level:ref": null,
        "manufacturer:wikidata": null,
        "operator:wikidata": null,
        "layer": null,
        "location": null,
        "wetap:dog": null,
        "wetap:credit": null,
        "addr:city": null,
        "addr:housenumber": null,
        "addr:postcode": null,
        "addr:street": null,
        "phone": null,
        "drinking_water:dog": null,
        "bubbler": null,
        "inscription": null,
        "fixme": null,
        "amenity_1": null,
        "survey:date": null
      },
      "geometry": {
        "type": "Point",
        "coordinates": [
          -122.288925,
          37.8228175
        ]
      }
    },
    {
      "id": "41",
      "type": "Feature",
      "properties": {
        "element": "node",
        "id": 1314521554,
        "amenity": "drinking_water",
        "check_date": null,
        "fountain": null,
        "source": "wetap",
        "wetap:status": "broken",
        "wetap:statusnote": null,
        "access:dog": null,
        "access:horse": null,
        "bottle": null,
        "access": null,
        "covered": null,
        "fee": null,
        "indoor": null,
        "lit": null,
        "drinking_water:bottle": null,
        "drinking_water:bubbler": null,
        "wetap:taste": null,
        "condition": null,
        "note": null,
        "security_zone": null,
        "wetap:flow": null,
        "wetap:photo": "https://lh3.googleusercontent.com/_lRj66XqgIsk/TZ-09AC70ZI/AAAAAAAAAOw/35GPE8kWALM/---.jpg",
        "wetap:quality": null,
        "wetap:temperature": null,
        "wetap:status_note": "No water comes out.",
        "description": null,
        "operator": null,
        "wheelchair": null,
        "name": null,
        "source:pkey": null,
        "image": null,
        "maintenance": null,
        "stateofrepair": null,
        "level": null,
        "drinking_water": null,
        "opening_hours": null,
        "dog": null,
        "level:ref": null,
        "manufacturer:wikidata": null,
        "operator:wikidata": null,
        "layer": null,
        "location": null,
        "wetap:dog": null,
        "wetap:credit": null,
        "addr:city": null,
        "addr:housenumber": null,
        "addr:postcode": null,
        "addr:street": null,
        "phone": null,
        "drinking_water:dog": null,
        "bubbler": null,
        "inscription": null,
        "fixme": null,
        "amenity_1": null,
        "survey:date": null
      },
      "geometry": {
        "type": "Point",
        "coordinates": [
          -122.2898166,
          37.8429438
        ]
      }
    },
    {
      "id": "42",
      "type": "Feature",
      "properties": {
        "element": "node",
        "id": 1314521561,
        "amenity": "drinking_water",
        "check_date": null,
        "fountain": null,
        "source": "wetap.org",
        "wetap:status": "working",
        "wetap:statusnote": null,
        "access:dog": null,
        "access:horse": null,
        "bottle": null,
        "access": null,
        "covered": null,
        "fee": null,
        "indoor": null,
        "lit": null,
        "drinking_water:bottle": null,
        "drinking_water:bubbler": null,
        "wetap:taste": null,
        "condition": null,
        "note": null,
        "security_zone": null,
        "wetap:flow": null,
        "wetap:photo": "https://lh4.googleusercontent.com/_lRj66XqgIsk/TaeVdIrY8SI/AAAAAAAAAPE/PyhVhSsLoUc/---.jpg",
        "wetap:quality": null,
        "wetap:temperature": null,
        "wetap:status_note": "No water when handle turned.",
        "description": "Ornate reproduction fountain part of Preservation Park.",
        "operator": "Preservation Park Center, Inc",
        "wheelchair": null,
        "name": null,
        "source:pkey": null,
        "image": null,
        "maintenance": null,
        "stateofrepair": null,
        "level": null,
        "drinking_water": null,
        "opening_hours": null,
        "dog": null,
        "level:ref": null,
        "manufacturer:wikidata": null,
        "operator:wikidata": null,
        "layer": null,
        "location": null,
        "wetap:dog": null,
        "wetap:credit": null,
        "addr:city": null,
        "addr:housenumber": null,
        "addr:postcode": null,
        "addr:street": null,
        "phone": null,
        "drinking_water:dog": null,
        "bubbler": null,
        "inscription": null,
        "fixme": null,
        "amenity_1": null,
        "survey:date": null
      },
      "geometry": {
        "type": "Point",
        "coordinates": [
          -122.277246,
          37.805742
        ]
      }
    },
    {
      "id": "43",
      "type": "Feature",
      "properties": {
        "element": "node",
        "id": 1314521566,
        "amenity": "drinking_water",
        "check_date": null,
        "fountain": null,
        "source": "wetap",
        "wetap:status": "working",
        "wetap:statusnote": null,
        "access:dog": null,
        "access:horse": null,
        "bottle": "no",
        "access": null,
        "covered": null,
        "fee": null,
        "indoor": null,
        "lit": null,
        "drinking_water:bottle": null,
        "drinking_water:bubbler": null,
        "wetap:taste": null,
        "condition": null,
        "note": "Near stairs to running track",
        "security_zone": null,
        "wetap:flow": "low",
        "wetap:photo": "https://lh3.googleusercontent.com/_lRj66XqgIsk/Ta-GRyLIcCI/AAAAAAAAAPo/bzQ3vV1IWUU/warm-low-not%20fillable-good.jpg",
        "wetap:quality": "good",
        "wetap:temperature": "warm",
        "wetap:status_note": null,
        "description": null,
        "operator": null,
        "wheelchair": null,
        "name": null,
        "source:pkey": null,
        "image": null,
        "maintenance": null,
        "stateofrepair": null,
        "level": null,
        "drinking_water": null,
        "opening_hours": null,
        "dog": null,
        "level:ref": null,
        "manufacturer:wikidata": null,
        "operator:wikidata": null,
        "layer": null,
        "location": null,
        "wetap:dog": null,
        "wetap:credit": null,
        "addr:city": null,
        "addr:housenumber": null,
        "addr:postcode": null,
        "addr:street": null,
        "phone": null,
        "drinking_water:dog": null,
        "bubbler": null,
        "inscription": null,
        "fixme": null,
        "amenity_1": null,
        "survey:date": null
      },
      "geometry": {
        "type": "Point",
        "coordinates": [
          -122.2782136,
          37.8829907
        ]
      }
    },
    {
      "id": "44",
      "type": "Feature",
      "properties": {
        "element": "node",
        "id": 1314521741,
        "amenity": "drinking_water",
        "check_date": null,
        "fountain": null,
        "source": "wetap",
        "wetap:status": "working",
        "wetap:statusnote": null,
        "access:dog": null,
        "access:horse": null,
        "bottle": "no",
        "access": null,
        "covered": null,
        "fee": null,
        "indoor": null,
        "lit": null,
        "drinking_water:bottle": null,
        "drinking_water:bubbler": null,
        "wetap:taste": null,
        "condition": null,
        "note": "Inside Terminal between Gates 27-28",
        "security_zone": null,
        "wetap:flow": "good",
        "wetap:photo": "https://lh4.googleusercontent.com/_lRj66XqgIsk/TdPWfJ4A-dI/AAAAAAAAAYk/dd5cLuc8ZzQ/chilled-good-not%20fillable-good.jpg",
        "wetap:quality": "good",
        "wetap:temperature": "chilled",
        "wetap:status_note": null,
        "description": null,
        "operator": null,
        "wheelchair": null,
        "name": null,
        "source:pkey": null,
        "image": null,
        "maintenance": null,
        "stateofrepair": null,
        "level": null,
        "drinking_water": null,
        "opening_hours": null,
        "dog": null,
        "level:ref": null,
        "manufacturer:wikidata": null,
        "operator:wikidata": null,
        "layer": null,
        "location": null,
        "wetap:dog": null,
        "wetap:credit": null,
        "addr:city": null,
        "addr:housenumber": null,
        "addr:postcode": null,
        "addr:street": null,
        "phone": null,
        "drinking_water:dog": null,
        "bubbler": null,
        "inscription": null,
        "fixme": null,
        "amenity_1": null,
        "survey:date": null
      },
      "geometry": {
        "type": "Point",
        "coordinates": [
          -122.212469,
          37.7092867
        ]
      }
    },
    {
      "id": "45",
      "type": "Feature",
      "properties": {
        "element": "node",
        "id": 1314521788,
        "amenity": "drinking_water",
        "check_date": null,
        "fountain": null,
        "source": "wetap",
        "wetap:status": "working",
        "wetap:statusnote": null,
        "access:dog": null,
        "access:horse": null,
        "bottle": "no",
        "access": null,
        "covered": null,
        "fee": null,
        "indoor": null,
        "lit": null,
        "drinking_water:bottle": null,
        "drinking_water:bubbler": null,
        "wetap:taste": null,
        "condition": null,
        "note": "Inside Terminal between Gates 29-30",
        "security_zone": null,
        "wetap:flow": "good",
        "wetap:photo": "https://lh6.googleusercontent.com/_lRj66XqgIsk/TdPXGmqQ_pI/AAAAAAAAAYo/_ABeesvCrVA/warm-good-not%20fillable-good.jpg",
        "wetap:quality": "good",
        "wetap:temperature": "warm",
        "wetap:status_note": null,
        "description": null,
        "operator": null,
        "wheelchair": null,
        "name": null,
        "source:pkey": null,
        "image": null,
        "maintenance": null,
        "stateofrepair": null,
        "level": null,
        "drinking_water": null,
        "opening_hours": null,
        "dog": null,
        "level:ref": null,
        "manufacturer:wikidata": null,
        "operator:wikidata": null,
        "layer": null,
        "location": null,
        "wetap:dog": null,
        "wetap:credit": null,
        "addr:city": null,
        "addr:housenumber": null,
        "addr:postcode": null,
        "addr:street": null,
        "phone": null,
        "drinking_water:dog": null,
        "bubbler": null,
        "inscription": null,
        "fixme": null,
        "amenity_1": null,
        "survey:date": null
      },
      "geometry": {
        "type": "Point",
        "coordinates": [
          -122.212864,
          37.708984
        ]
      }
    },
    {
      "id": "46",
      "type": "Feature",
      "properties": {
        "element": "node",
        "id": 1314521792,
        "amenity": "drinking_water",
        "check_date": null,
        "fountain": null,
        "source": "wetap",
        "wetap:status": "working",
        "wetap:statusnote": null,
        "access:dog": null,
        "access:horse": null,
        "bottle": null,
        "access": null,
        "covered": null,
        "fee": null,
        "indoor": null,
        "lit": null,
        "drinking_water:bottle": null,
        "drinking_water:bubbler": null,
        "wetap:taste": null,
        "condition": null,
        "note": "Inside Oakland Amtrak station, by bathrooms",
        "security_zone": null,
        "wetap:flow": null,
        "wetap:photo": "https://lh6.googleusercontent.com/_lRj66XqgIsk/TcQDtSKYs6I/AAAAAAAAARU/zDVpHulJnQE/---.jpg",
        "wetap:quality": null,
        "wetap:temperature": null,
        "wetap:status_note": null,
        "description": null,
        "operator": null,
        "wheelchair": "yes",
        "name": null,
        "source:pkey": null,
        "image": null,
        "maintenance": null,
        "stateofrepair": null,
        "level": null,
        "drinking_water": null,
        "opening_hours": null,
        "dog": null,
        "level:ref": null,
        "manufacturer:wikidata": null,
        "operator:wikidata": null,
        "layer": null,
        "location": null,
        "wetap:dog": null,
        "wetap:credit": null,
        "addr:city": null,
        "addr:housenumber": null,
        "addr:postcode": null,
        "addr:street": null,
        "phone": null,
        "drinking_water:dog": null,
        "bubbler": null,
        "inscription": null,
        "fixme": null,
        "amenity_1": null,
        "survey:date": null
      },
      "geometry": {
        "type": "Point",
        "coordinates": [
          -122.2714194,
          37.7940053
        ]
      }
    },
    {
      "id": "47",
      "type": "Feature",
      "properties": {
        "element": "node",
        "id": 1314521803,
        "amenity": "drinking_water",
        "check_date": null,
        "fountain": null,
        "source": "wetap",
        "wetap:status": "working",
        "wetap:statusnote": null,
        "access:dog": null,
        "access:horse": null,
        "bottle": null,
        "access": null,
        "covered": null,
        "fee": null,
        "indoor": null,
        "lit": null,
        "drinking_water:bottle": null,
        "drinking_water:bubbler": null,
        "wetap:taste": null,
        "condition": null,
        "note": "Inside Alumni House",
        "security_zone": null,
        "wetap:flow": null,
        "wetap:photo": null,
        "wetap:quality": null,
        "wetap:temperature": null,
        "wetap:status_note": null,
        "description": null,
        "operator": null,
        "wheelchair": null,
        "name": null,
        "source:pkey": null,
        "image": null,
        "maintenance": null,
        "stateofrepair": null,
        "level": null,
        "drinking_water": null,
        "opening_hours": null,
        "dog": null,
        "level:ref": null,
        "manufacturer:wikidata": null,
        "operator:wikidata": null,
        "layer": null,
        "location": null,
        "wetap:dog": null,
        "wetap:credit": null,
        "addr:city": null,
        "addr:housenumber": null,
        "addr:postcode": null,
        "addr:street": null,
        "phone": null,
        "drinking_water:dog": null,
        "bubbler": null,
        "inscription": null,
        "fixme": null,
        "amenity_1": null,
        "survey:date": null
      },
      "geometry": {
        "type": "Point",
        "coordinates": [
          -122.2614484,
          37.8695404
        ]
      }
    },
    {
      "id": "48",
      "type": "Feature",
      "properties": {
        "element": "node",
        "id": 1314521885,
        "amenity": "drinking_water",
        "check_date": null,
        "fountain": null,
        "source": "wetap",
        "wetap:status": "working",
        "wetap:statusnote": null,
        "access:dog": null,
        "access:horse": null,
        "bottle": "no",
        "access": null,
        "covered": null,
        "fee": null,
        "indoor": null,
        "lit": null,
        "drinking_water:bottle": null,
        "drinking_water:bubbler": null,
        "wetap:taste": null,
        "condition": null,
        "note": "Inside Terminal by walkway to Gates 26-32",
        "security_zone": "Gate Area",
        "wetap:flow": "good",
        "wetap:photo": "https://lh4.googleusercontent.com/_lRj66XqgIsk/TdPVrOewSwI/AAAAAAAAAYg/_eBrjl3LSd4/chilled-good-not%20fillable-good.jpg",
        "wetap:quality": "good",
        "wetap:temperature": "chilled",
        "wetap:status_note": null,
        "description": null,
        "operator": null,
        "wheelchair": null,
        "name": null,
        "source:pkey": null,
        "image": null,
        "maintenance": null,
        "stateofrepair": null,
        "level": null,
        "drinking_water": null,
        "opening_hours": null,
        "dog": null,
        "level:ref": null,
        "manufacturer:wikidata": null,
        "operator:wikidata": null,
        "layer": null,
        "location": null,
        "wetap:dog": null,
        "wetap:credit": null,
        "addr:city": null,
        "addr:housenumber": null,
        "addr:postcode": null,
        "addr:street": null,
        "phone": null,
        "drinking_water:dog": null,
        "bubbler": null,
        "inscription": null,
        "fixme": null,
        "amenity_1": null,
        "survey:date": null
      },
      "geometry": {
        "type": "Point",
        "coordinates": [
          -122.211306,
          37.710718
        ]
      }
    },
    {
      "id": "49",
      "type": "Feature",
      "properties": {
        "element": "node",
        "id": 1314521899,
        "amenity": "drinking_water",
        "check_date": null,
        "fountain": null,
        "source": "wetap",
        "wetap:status": "working",
        "wetap:statusnote": null,
        "access:dog": null,
        "access:horse": null,
        "bottle": "yes",
        "access": null,
        "covered": null,
        "fee": null,
        "indoor": null,
        "lit": null,
        "drinking_water:bottle": null,
        "drinking_water:bubbler": null,
        "wetap:taste": null,
        "condition": null,
        "note": null,
        "security_zone": null,
        "wetap:flow": "good",
        "wetap:photo": "https://lh6.googleusercontent.com/_lRj66XqgIsk/TbIjXTxSHfI/AAAAAAAAAP0/ZSXa81OiJIc/warm-good-fillable-good.jpg",
        "wetap:quality": "good",
        "wetap:temperature": "warm",
        "wetap:status_note": null,
        "description": null,
        "operator": null,
        "wheelchair": null,
        "name": null,
        "source:pkey": null,
        "image": null,
        "maintenance": null,
        "stateofrepair": null,
        "level": null,
        "drinking_water": null,
        "opening_hours": null,
        "dog": null,
        "level:ref": null,
        "manufacturer:wikidata": null,
        "operator:wikidata": null,
        "layer": null,
        "location": null,
        "wetap:dog": null,
        "wetap:credit": null,
        "addr:city": null,
        "addr:housenumber": null,
        "addr:postcode": null,
        "addr:street": null,
        "phone": null,
        "drinking_water:dog": null,
        "bubbler": null,
        "inscription": null,
        "fixme": null,
        "amenity_1": null,
        "survey:date": null
      },
      "geometry": {
        "type": "Point",
        "coordinates": [
          -122.2889157,
          37.8431539
        ]
      }
    },
    {
      "id": "50",
      "type": "Feature",
      "properties": {
        "element": "node",
        "id": 1326065152,
        "amenity": "drinking_water",
        "check_date": null,
        "fountain": null,
        "source": "wetap.org",
        "wetap:status": "working",
        "wetap:statusnote": null,
        "access:dog": null,
        "access:horse": null,
        "bottle": null,
        "access": null,
        "covered": null,
        "fee": null,
        "indoor": null,
        "lit": null,
        "drinking_water:bottle": null,
        "drinking_water:bubbler": null,
        "wetap:taste": null,
        "condition": null,
        "note": null,
        "security_zone": null,
        "wetap:flow": null,
        "wetap:photo": null,
        "wetap:quality": null,
        "wetap:temperature": null,
        "wetap:status_note": null,
        "description": null,
        "operator": null,
        "wheelchair": null,
        "name": null,
        "source:pkey": null,
        "image": null,
        "maintenance": null,
        "stateofrepair": null,
        "level": null,
        "drinking_water": null,
        "opening_hours": null,
        "dog": null,
        "level:ref": null,
        "manufacturer:wikidata": null,
        "operator:wikidata": null,
        "layer": null,
        "location": null,
        "wetap:dog": null,
        "wetap:credit": null,
        "addr:city": null,
        "addr:housenumber": null,
        "addr:postcode": null,
        "addr:street": null,
        "phone": null,
        "drinking_water:dog": null,
        "bubbler": null,
        "inscription": null,
        "fixme": null,
        "amenity_1": null,
        "survey:date": null
      },
      "geometry": {
        "type": "Point",
        "coordinates": [
          -122.3204649,
          37.8715194
        ]
      }
    },
    {
      "id": "51",
      "type": "Feature",
      "properties": {
        "element": "node",
        "id": 1504407637,
        "amenity": "drinking_water",
        "check_date": "2023-09-12",
        "fountain": "drinking",
        "source": "osmsync:findafountain",
        "wetap:status": null,
        "wetap:statusnote": null,
        "access:dog": null,
        "access:horse": null,
        "bottle": null,
        "access": null,
        "covered": null,
        "fee": null,
        "indoor": null,
        "lit": null,
        "drinking_water:bottle": null,
        "drinking_water:bubbler": null,
        "wetap:taste": null,
        "condition": null,
        "note": null,
        "security_zone": null,
        "wetap:flow": null,
        "wetap:photo": null,
        "wetap:quality": null,
        "wetap:temperature": null,
        "wetap:status_note": null,
        "description": "Near tennis courts",
        "operator": null,
        "wheelchair": null,
        "name": "Cedar Rose Park",
        "source:pkey": "3052",
        "image": null,
        "maintenance": null,
        "stateofrepair": null,
        "level": null,
        "drinking_water": null,
        "opening_hours": null,
        "dog": null,
        "level:ref": null,
        "manufacturer:wikidata": null,
        "operator:wikidata": null,
        "layer": null,
        "location": null,
        "wetap:dog": null,
        "wetap:credit": null,
        "addr:city": null,
        "addr:housenumber": null,
        "addr:postcode": null,
        "addr:street": null,
        "phone": null,
        "drinking_water:dog": null,
        "bubbler": null,
        "inscription": null,
        "fixme": null,
        "amenity_1": null,
        "survey:date": null
      },
      "geometry": {
        "type": "Point",
        "coordinates": [
          -122.2883527,
          37.8775531
        ]
      }
    },
    {
      "id": "52",
      "type": "Feature",
      "properties": {
        "element": "node",
        "id": 1504407867,
        "amenity": "drinking_water",
        "check_date": null,
        "fountain": null,
        "source": "osmsync:findafountain",
        "wetap:status": null,
        "wetap:statusnote": null,
        "access:dog": null,
        "access:horse": null,
        "bottle": null,
        "access": null,
        "covered": null,
        "fee": null,
        "indoor": null,
        "lit": null,
        "drinking_water:bottle": null,
        "drinking_water:bubbler": null,
        "wetap:taste": null,
        "condition": null,
        "note": null,
        "security_zone": null,
        "wetap:flow": null,
        "wetap:photo": null,
        "wetap:quality": null,
        "wetap:temperature": null,
        "wetap:status_note": null,
        "description": null,
        "operator": null,
        "wheelchair": null,
        "name": "Redwood Valley Railway",
        "source:pkey": "3051",
        "image": "http://findafountain.org/system/998/original/usa-berkeley-redwood-valley-railway-outdoor-fountain.jpg",
        "maintenance": "ok",
        "stateofrepair": null,
        "level": null,
        "drinking_water": null,
        "opening_hours": null,
        "dog": null,
        "level:ref": null,
        "manufacturer:wikidata": null,
        "operator:wikidata": null,
        "layer": null,
        "location": null,
        "wetap:dog": null,
        "wetap:credit": null,
        "addr:city": null,
        "addr:housenumber": null,
        "addr:postcode": null,
        "addr:street": null,
        "phone": null,
        "drinking_water:dog": null,
        "bubbler": null,
        "inscription": null,
        "fixme": null,
        "amenity_1": null,
        "survey:date": null
      },
      "geometry": {
        "type": "Point",
        "coordinates": [
          -122.2223935,
          37.8800658
        ]
      }
    },
    {
      "id": "53",
      "type": "Feature",
      "properties": {
        "element": "node",
        "id": 1601847793,
        "amenity": "drinking_water",
        "check_date": null,
        "fountain": null,
        "source": null,
        "wetap:status": null,
        "wetap:statusnote": null,
        "access:dog": null,
        "access:horse": null,
        "bottle": null,
        "access": null,
        "covered": null,
        "fee": null,
        "indoor": null,
        "lit": null,
        "drinking_water:bottle": null,
        "drinking_water:bubbler": null,
        "wetap:taste": null,
        "condition": null,
        "note": null,
        "security_zone": null,
        "wetap:flow": null,
        "wetap:photo": null,
        "wetap:quality": null,
        "wetap:temperature": null,
        "wetap:status_note": null,
        "description": "Old style classic design.",
        "operator": null,
        "wheelchair": null,
        "name": null,
        "source:pkey": null,
        "image": null,
        "maintenance": null,
        "stateofrepair": "working",
        "level": null,
        "drinking_water": null,
        "opening_hours": null,
        "dog": null,
        "level:ref": null,
        "manufacturer:wikidata": null,
        "operator:wikidata": null,
        "layer": null,
        "location": null,
        "wetap:dog": null,
        "wetap:credit": null,
        "addr:city": null,
        "addr:housenumber": null,
        "addr:postcode": null,
        "addr:street": null,
        "phone": null,
        "drinking_water:dog": null,
        "bubbler": null,
        "inscription": null,
        "fixme": null,
        "amenity_1": null,
        "survey:date": null
      },
      "geometry": {
        "type": "Point",
        "coordinates": [
          -122.25415,
          37.79981
        ]
      }
    },
    {
      "id": "54",
      "type": "Feature",
      "properties": {
        "element": "node",
        "id": 1601847795,
        "amenity": "drinking_water",
        "check_date": null,
        "fountain": null,
        "source": "wetap.org",
        "wetap:status": "working",
        "wetap:statusnote": null,
        "access:dog": null,
        "access:horse": null,
        "bottle": null,
        "access": "yes",
        "covered": null,
        "fee": "no",
        "indoor": null,
        "lit": null,
        "drinking_water:bottle": null,
        "drinking_water:bubbler": null,
        "wetap:taste": null,
        "condition": null,
        "note": null,
        "security_zone": null,
        "wetap:flow": null,
        "wetap:photo": null,
        "wetap:quality": null,
        "wetap:temperature": null,
        "wetap:status_note": null,
        "description": null,
        "operator": null,
        "wheelchair": "yes",
        "name": null,
        "source:pkey": null,
        "image": null,
        "maintenance": null,
        "stateofrepair": null,
        "level": null,
        "drinking_water": null,
        "opening_hours": null,
        "dog": null,
        "level:ref": null,
        "manufacturer:wikidata": null,
        "operator:wikidata": null,
        "layer": null,
        "location": null,
        "wetap:dog": null,
        "wetap:credit": null,
        "addr:city": null,
        "addr:housenumber": null,
        "addr:postcode": null,
        "addr:street": null,
        "phone": null,
        "drinking_water:dog": null,
        "bubbler": null,
        "inscription": null,
        "fixme": null,
        "amenity_1": null,
        "survey:date": null
      },
      "geometry": {
        "type": "Point",
        "coordinates": [
          -122.26132,
          37.802616
        ]
      }
    },
    {
      "id": "55",
      "type": "Feature",
      "properties": {
        "element": "node",
        "id": 1601847796,
        "amenity": "drinking_water",
        "check_date": null,
        "fountain": null,
        "source": "wetap.org",
        "wetap:status": "working",
        "wetap:statusnote": null,
        "access:dog": null,
        "access:horse": null,
        "bottle": null,
        "access": null,
        "covered": null,
        "fee": null,
        "indoor": null,
        "lit": null,
        "drinking_water:bottle": null,
        "drinking_water:bubbler": null,
        "wetap:taste": null,
        "condition": null,
        "note": null,
        "security_zone": null,
        "wetap:flow": null,
        "wetap:photo": null,
        "wetap:quality": null,
        "wetap:temperature": null,
        "wetap:status_note": null,
        "description": null,
        "operator": null,
        "wheelchair": null,
        "name": null,
        "source:pkey": null,
        "image": null,
        "maintenance": null,
        "stateofrepair": null,
        "level": null,
        "drinking_water": null,
        "opening_hours": null,
        "dog": null,
        "level:ref": null,
        "manufacturer:wikidata": null,
        "operator:wikidata": null,
        "layer": null,
        "location": null,
        "wetap:dog": null,
        "wetap:credit": null,
        "addr:city": null,
        "addr:housenumber": null,
        "addr:postcode": null,
        "addr:street": null,
        "phone": null,
        "drinking_water:dog": null,
        "bubbler": null,
        "inscription": null,
        "fixme": null,
        "amenity_1": null,
        "survey:date": null
      },
      "geometry": {
        "type": "Point",
        "coordinates": [
          -122.32349,
          37.804874
        ]
      }
    },
    {
      "id": "56",
      "type": "Feature",
      "properties": {
        "element": "node",
        "id": 1601847797,
        "amenity": "drinking_water",
        "check_date": null,
        "fountain": "bubbler",
        "source": "wetap.org",
        "wetap:status": "working",
        "wetap:statusnote": null,
        "access:dog": null,
        "access:horse": null,
        "bottle": null,
        "access": null,
        "covered": null,
        "fee": null,
        "indoor": null,
        "lit": null,
        "drinking_water:bottle": null,
        "drinking_water:bubbler": null,
        "wetap:taste": null,
        "condition": null,
        "note": null,
        "security_zone": null,
        "wetap:flow": null,
        "wetap:photo": null,
        "wetap:quality": null,
        "wetap:temperature": null,
        "wetap:status_note": null,
        "description": null,
        "operator": null,
        "wheelchair": null,
        "name": null,
        "source:pkey": null,
        "image": null,
        "maintenance": null,
        "stateofrepair": null,
        "level": null,
        "drinking_water": null,
        "opening_hours": null,
        "dog": null,
        "level:ref": null,
        "manufacturer:wikidata": null,
        "operator:wikidata": null,
        "layer": null,
        "location": null,
        "wetap:dog": null,
        "wetap:credit": null,
        "addr:city": null,
        "addr:housenumber": null,
        "addr:postcode": null,
        "addr:street": null,
        "phone": null,
        "drinking_water:dog": null,
        "bubbler": null,
        "inscription": null,
        "fixme": null,
        "amenity_1": null,
        "survey:date": null
      },
      "geometry": {
        "type": "Point",
        "coordinates": [
          -122.2601008,
          37.8074179
        ]
      }
    },
    {
      "id": "57",
      "type": "Feature",
      "properties": {
        "element": "node",
        "id": 1601847798,
        "amenity": "drinking_water",
        "check_date": null,
        "fountain": null,
        "source": null,
        "wetap:status": null,
        "wetap:statusnote": null,
        "access:dog": null,
        "access:horse": null,
        "bottle": null,
        "access": null,
        "covered": null,
        "fee": null,
        "indoor": null,
        "lit": null,
        "drinking_water:bottle": null,
        "drinking_water:bubbler": null,
        "wetap:taste": null,
        "condition": null,
        "note": null,
        "security_zone": null,
        "wetap:flow": null,
        "wetap:photo": null,
        "wetap:quality": null,
        "wetap:temperature": null,
        "wetap:status_note": null,
        "description": "Decorative custom fountain on Kaiser Rooftop Garden",
        "operator": null,
        "wheelchair": "yes",
        "name": null,
        "source:pkey": null,
        "image": "https://lh5.googleusercontent.com/-yVLr3EOjXrE/TxxsQchXP7I/AAAAAAAAAZU/VnpMus0ZiIc/s640/IMG_20120119_172715.jpg",
        "maintenance": null,
        "stateofrepair": "broken",
        "level": null,
        "drinking_water": null,
        "opening_hours": null,
        "dog": null,
        "level:ref": null,
        "manufacturer:wikidata": null,
        "operator:wikidata": null,
        "layer": null,
        "location": null,
        "wetap:dog": null,
        "wetap:credit": null,
        "addr:city": null,
        "addr:housenumber": null,
        "addr:postcode": null,
        "addr:street": null,
        "phone": null,
        "drinking_water:dog": null,
        "bubbler": null,
        "inscription": null,
        "fixme": null,
        "amenity_1": null,
        "survey:date": null
      },
      "geometry": {
        "type": "Point",
        "coordinates": [
          -122.2644295,
          37.8090058
        ]
      }
    },
    {
      "id": "58",
      "type": "Feature",
      "properties": {
        "element": "node",
        "id": 1601847800,
        "amenity": "drinking_water",
        "check_date": null,
        "fountain": "bubbler",
        "source": null,
        "wetap:status": null,
        "wetap:statusnote": null,
        "access:dog": null,
        "access:horse": null,
        "bottle": null,
        "access": null,
        "covered": null,
        "fee": null,
        "indoor": "yes",
        "lit": null,
        "drinking_water:bottle": null,
        "drinking_water:bubbler": null,
        "wetap:taste": null,
        "condition": null,
        "note": null,
        "security_zone": null,
        "wetap:flow": null,
        "wetap:photo": null,
        "wetap:quality": null,
        "wetap:temperature": null,
        "wetap:status_note": null,
        "description": "Inside Amtrak Station, near bathrooms",
        "operator": null,
        "wheelchair": null,
        "name": null,
        "source:pkey": null,
        "image": null,
        "maintenance": null,
        "stateofrepair": "working",
        "level": "1",
        "drinking_water": null,
        "opening_hours": null,
        "dog": null,
        "level:ref": null,
        "manufacturer:wikidata": null,
        "operator:wikidata": null,
        "layer": null,
        "location": null,
        "wetap:dog": null,
        "wetap:credit": null,
        "addr:city": null,
        "addr:housenumber": null,
        "addr:postcode": null,
        "addr:street": null,
        "phone": null,
        "drinking_water:dog": null,
        "bubbler": null,
        "inscription": null,
        "fixme": null,
        "amenity_1": null,
        "survey:date": null
      },
      "geometry": {
        "type": "Point",
        "coordinates": [
          -122.2917075,
          37.8403814
        ]
      }
    },
    {
      "id": "59",
      "type": "Feature",
      "properties": {
        "element": "node",
        "id": 1601847802,
        "amenity": "drinking_water",
        "check_date": null,
        "fountain": null,
        "source": null,
        "wetap:status": null,
        "wetap:statusnote": null,
        "access:dog": null,
        "access:horse": null,
        "bottle": null,
        "access": null,
        "covered": null,
        "fee": null,
        "indoor": null,
        "lit": null,
        "drinking_water:bottle": null,
        "drinking_water:bubbler": null,
        "wetap:taste": null,
        "condition": null,
        "note": null,
        "security_zone": null,
        "wetap:flow": null,
        "wetap:photo": null,
        "wetap:quality": null,
        "wetap:temperature": null,
        "wetap:status_note": null,
        "description": "In parking area",
        "operator": null,
        "wheelchair": null,
        "name": null,
        "source:pkey": null,
        "image": null,
        "maintenance": null,
        "stateofrepair": "working",
        "level": null,
        "drinking_water": null,
        "opening_hours": null,
        "dog": null,
        "level:ref": null,
        "manufacturer:wikidata": null,
        "operator:wikidata": null,
        "layer": null,
        "location": null,
        "wetap:dog": null,
        "wetap:credit": null,
        "addr:city": null,
        "addr:housenumber": null,
        "addr:postcode": null,
        "addr:street": null,
        "phone": null,
        "drinking_water:dog": null,
        "bubbler": null,
        "inscription": null,
        "fixme": null,
        "amenity_1": null,
        "survey:date": null
      },
      "geometry": {
        "type": "Point",
        "coordinates": [
          -122.29084,
          37.873283
        ]
      }
    },
    {
      "id": "60",
      "type": "Feature",
      "properties": {
        "element": "node",
        "id": 1601847803,
        "amenity": "drinking_water",
        "check_date": null,
        "fountain": null,
        "source": null,
        "wetap:status": null,
        "wetap:statusnote": null,
        "access:dog": null,
        "access:horse": null,
        "bottle": null,
        "access": null,
        "covered": null,
        "fee": null,
        "indoor": "yes",
        "lit": null,
        "drinking_water:bottle": null,
        "drinking_water:bubbler": null,
        "wetap:taste": null,
        "condition": null,
        "note": null,
        "security_zone": null,
        "wetap:flow": null,
        "wetap:photo": null,
        "wetap:quality": null,
        "wetap:temperature": null,
        "wetap:status_note": null,
        "description": "Inside paid area @BART. Agent will usually let you in to drink.",
        "operator": null,
        "wheelchair": null,
        "name": null,
        "source:pkey": null,
        "image": null,
        "maintenance": null,
        "stateofrepair": "working",
        "level": "1",
        "drinking_water": null,
        "opening_hours": null,
        "dog": null,
        "level:ref": null,
        "manufacturer:wikidata": null,
        "operator:wikidata": null,
        "layer": null,
        "location": null,
        "wetap:dog": null,
        "wetap:credit": null,
        "addr:city": null,
        "addr:housenumber": null,
        "addr:postcode": null,
        "addr:street": null,
        "phone": null,
        "drinking_water:dog": null,
        "bubbler": null,
        "inscription": null,
        "fixme": null,
        "amenity_1": null,
        "survey:date": null
      },
      "geometry": {
        "type": "Point",
        "coordinates": [
          -122.2833835,
          37.8738918
        ]
      }
    },
    {
      "id": "61",
      "type": "Feature",
      "properties": {
        "element": "node",
        "id": 1601847807,
        "amenity": "drinking_water",
        "check_date": null,
        "fountain": null,
        "source": "survey",
        "wetap:status": null,
        "wetap:statusnote": null,
        "access:dog": null,
        "access:horse": null,
        "bottle": null,
        "access": null,
        "covered": null,
        "fee": null,
        "indoor": null,
        "lit": null,
        "drinking_water:bottle": null,
        "drinking_water:bubbler": null,
        "wetap:taste": null,
        "condition": null,
        "note": null,
        "security_zone": null,
        "wetap:flow": null,
        "wetap:photo": null,
        "wetap:quality": null,
        "wetap:temperature": null,
        "wetap:status_note": null,
        "description": "School yard open to public only during non-school hours.",
        "operator": null,
        "wheelchair": "yes",
        "name": null,
        "source:pkey": null,
        "image": null,
        "maintenance": null,
        "stateofrepair": "working",
        "level": null,
        "drinking_water": null,
        "opening_hours": null,
        "dog": null,
        "level:ref": null,
        "manufacturer:wikidata": null,
        "operator:wikidata": null,
        "layer": null,
        "location": null,
        "wetap:dog": null,
        "wetap:credit": null,
        "addr:city": null,
        "addr:housenumber": null,
        "addr:postcode": null,
        "addr:street": null,
        "phone": null,
        "drinking_water:dog": null,
        "bubbler": null,
        "inscription": null,
        "fixme": null,
        "amenity_1": null,
        "survey:date": null
      },
      "geometry": {
        "type": "Point",
        "coordinates": [
          -122.28379,
          37.878914
        ]
      }
    },
    {
      "id": "62",
      "type": "Feature",
      "properties": {
        "element": "node",
        "id": 1804658585,
        "amenity": "drinking_water",
        "check_date": null,
        "fountain": null,
        "source": null,
        "wetap:status": null,
        "wetap:statusnote": null,
        "access:dog": null,
        "access:horse": null,
        "bottle": null,
        "access": null,
        "covered": null,
        "fee": null,
        "indoor": null,
        "lit": null,
        "drinking_water:bottle": null,
        "drinking_water:bubbler": null,
        "wetap:taste": null,
        "condition": null,
        "note": null,
        "security_zone": null,
        "wetap:flow": null,
        "wetap:photo": null,
        "wetap:quality": null,
        "wetap:temperature": null,
        "wetap:status_note": null,
        "description": null,
        "operator": null,
        "wheelchair": null,
        "name": null,
        "source:pkey": null,
        "image": null,
        "maintenance": null,
        "stateofrepair": null,
        "level": null,
        "drinking_water": null,
        "opening_hours": null,
        "dog": null,
        "level:ref": null,
        "manufacturer:wikidata": null,
        "operator:wikidata": null,
        "layer": null,
        "location": null,
        "wetap:dog": null,
        "wetap:credit": null,
        "addr:city": null,
        "addr:housenumber": null,
        "addr:postcode": null,
        "addr:street": null,
        "phone": null,
        "drinking_water:dog": null,
        "bubbler": null,
        "inscription": null,
        "fixme": null,
        "amenity_1": null,
        "survey:date": null
      },
      "geometry": {
        "type": "Point",
        "coordinates": [
          -122.2485146,
          37.8639998
        ]
      }
    },
    {
      "id": "63",
      "type": "Feature",
      "properties": {
        "element": "node",
        "id": 2007148068,
        "amenity": "drinking_water",
        "check_date": null,
        "fountain": null,
        "source": null,
        "wetap:status": null,
        "wetap:statusnote": null,
        "access:dog": null,
        "access:horse": null,
        "bottle": null,
        "access": null,
        "covered": null,
        "fee": null,
        "indoor": null,
        "lit": "no",
        "drinking_water:bottle": null,
        "drinking_water:bubbler": null,
        "wetap:taste": null,
        "condition": null,
        "note": null,
        "security_zone": null,
        "wetap:flow": null,
        "wetap:photo": null,
        "wetap:quality": null,
        "wetap:temperature": null,
        "wetap:status_note": null,
        "description": null,
        "operator": null,
        "wheelchair": null,
        "name": null,
        "source:pkey": null,
        "image": null,
        "maintenance": null,
        "stateofrepair": null,
        "level": null,
        "drinking_water": "no",
        "opening_hours": null,
        "dog": null,
        "level:ref": null,
        "manufacturer:wikidata": null,
        "operator:wikidata": null,
        "layer": null,
        "location": null,
        "wetap:dog": null,
        "wetap:credit": null,
        "addr:city": null,
        "addr:housenumber": null,
        "addr:postcode": null,
        "addr:street": null,
        "phone": null,
        "drinking_water:dog": null,
        "bubbler": null,
        "inscription": null,
        "fixme": null,
        "amenity_1": null,
        "survey:date": null
      },
      "geometry": {
        "type": "Point",
        "coordinates": [
          -122.1483891,
          37.7501563
        ]
      }
    },
    {
      "id": "64",
      "type": "Feature",
      "properties": {
        "element": "node",
        "id": 2016837909,
        "amenity": "drinking_water",
        "check_date": null,
        "fountain": null,
        "source": null,
        "wetap:status": null,
        "wetap:statusnote": null,
        "access:dog": null,
        "access:horse": null,
        "bottle": null,
        "access": null,
        "covered": null,
        "fee": null,
        "indoor": null,
        "lit": null,
        "drinking_water:bottle": null,
        "drinking_water:bubbler": null,
        "wetap:taste": null,
        "condition": null,
        "note": null,
        "security_zone": null,
        "wetap:flow": null,
        "wetap:photo": null,
        "wetap:quality": null,
        "wetap:temperature": null,
        "wetap:status_note": null,
        "description": null,
        "operator": null,
        "wheelchair": null,
        "name": null,
        "source:pkey": null,
        "image": null,
        "maintenance": null,
        "stateofrepair": null,
        "level": null,
        "drinking_water": null,
        "opening_hours": "Mo-Su 06:00-22:00",
        "dog": null,
        "level:ref": null,
        "manufacturer:wikidata": null,
        "operator:wikidata": null,
        "layer": null,
        "location": null,
        "wetap:dog": null,
        "wetap:credit": null,
        "addr:city": null,
        "addr:housenumber": null,
        "addr:postcode": null,
        "addr:street": null,
        "phone": null,
        "drinking_water:dog": null,
        "bubbler": null,
        "inscription": null,
        "fixme": null,
        "amenity_1": null,
        "survey:date": null
      },
      "geometry": {
        "type": "Point",
        "coordinates": [
          -122.278434,
          37.8752974
        ]
      }
    },
    {
      "id": "65",
      "type": "Feature",
      "properties": {
        "element": "node",
        "id": 2050959752,
        "amenity": "drinking_water",
        "check_date": null,
        "fountain": null,
        "source": null,
        "wetap:status": null,
        "wetap:statusnote": null,
        "access:dog": null,
        "access:horse": null,
        "bottle": null,
        "access": null,
        "covered": null,
        "fee": null,
        "indoor": null,
        "lit": null,
        "drinking_water:bottle": null,
        "drinking_water:bubbler": null,
        "wetap:taste": null,
        "condition": null,
        "note": null,
        "security_zone": null,
        "wetap:flow": null,
        "wetap:photo": null,
        "wetap:quality": null,
        "wetap:temperature": null,
        "wetap:status_note": null,
        "description": null,
        "operator": null,
        "wheelchair": null,
        "name": null,
        "source:pkey": null,
        "image": null,
        "maintenance": null,
        "stateofrepair": null,
        "level": null,
        "drinking_water": null,
        "opening_hours": null,
        "dog": null,
        "level:ref": null,
        "manufacturer:wikidata": null,
        "operator:wikidata": null,
        "layer": null,
        "location": null,
        "wetap:dog": null,
        "wetap:credit": null,
        "addr:city": null,
        "addr:housenumber": null,
        "addr:postcode": null,
        "addr:street": null,
        "phone": null,
        "drinking_water:dog": null,
        "bubbler": null,
        "inscription": null,
        "fixme": null,
        "amenity_1": null,
        "survey:date": null
      },
      "geometry": {
        "type": "Point",
        "coordinates": [
          -122.256625,
          37.756578
        ]
      }
    },
    {
      "id": "66",
      "type": "Feature",
      "properties": {
        "element": "node",
        "id": 2050959828,
        "amenity": "drinking_water",
        "check_date": null,
        "fountain": null,
        "source": null,
        "wetap:status": null,
        "wetap:statusnote": null,
        "access:dog": null,
        "access:horse": null,
        "bottle": null,
        "access": null,
        "covered": null,
        "fee": null,
        "indoor": null,
        "lit": null,
        "drinking_water:bottle": null,
        "drinking_water:bubbler": null,
        "wetap:taste": null,
        "condition": null,
        "note": null,
        "security_zone": null,
        "wetap:flow": null,
        "wetap:photo": null,
        "wetap:quality": null,
        "wetap:temperature": null,
        "wetap:status_note": null,
        "description": null,
        "operator": null,
        "wheelchair": null,
        "name": null,
        "source:pkey": null,
        "image": null,
        "maintenance": null,
        "stateofrepair": null,
        "level": null,
        "drinking_water": null,
        "opening_hours": null,
        "dog": null,
        "level:ref": null,
        "manufacturer:wikidata": null,
        "operator:wikidata": null,
        "layer": null,
        "location": null,
        "wetap:dog": null,
        "wetap:credit": null,
        "addr:city": null,
        "addr:housenumber": null,
        "addr:postcode": null,
        "addr:street": null,
        "phone": null,
        "drinking_water:dog": null,
        "bubbler": null,
        "inscription": null,
        "fixme": null,
        "amenity_1": null,
        "survey:date": null
      },
      "geometry": {
        "type": "Point",
        "coordinates": [
          -122.2503406,
          37.7542019
        ]
      }
    },
    {
      "id": "67",
      "type": "Feature",
      "properties": {
        "element": "node",
        "id": 2050959992,
        "amenity": "drinking_water",
        "check_date": null,
        "fountain": null,
        "source": null,
        "wetap:status": null,
        "wetap:statusnote": null,
        "access:dog": null,
        "access:horse": null,
        "bottle": null,
        "access": null,
        "covered": null,
        "fee": null,
        "indoor": null,
        "lit": null,
        "drinking_water:bottle": null,
        "drinking_water:bubbler": null,
        "wetap:taste": null,
        "condition": null,
        "note": null,
        "security_zone": null,
        "wetap:flow": null,
        "wetap:photo": null,
        "wetap:quality": null,
        "wetap:temperature": null,
        "wetap:status_note": null,
        "description": null,
        "operator": null,
        "wheelchair": null,
        "name": null,
        "source:pkey": null,
        "image": null,
        "maintenance": null,
        "stateofrepair": null,
        "level": null,
        "drinking_water": null,
        "opening_hours": null,
        "dog": null,
        "level:ref": null,
        "manufacturer:wikidata": null,
        "operator:wikidata": null,
        "layer": null,
        "location": null,
        "wetap:dog": null,
        "wetap:credit": null,
        "addr:city": null,
        "addr:housenumber": null,
        "addr:postcode": null,
        "addr:street": null,
        "phone": null,
        "drinking_water:dog": null,
        "bubbler": null,
        "inscription": null,
        "fixme": null,
        "amenity_1": null,
        "survey:date": null
      },
      "geometry": {
        "type": "Point",
        "coordinates": [
          -122.2609246,
          37.7581886
        ]
      }
    },
    {
      "id": "68",
      "type": "Feature",
      "properties": {
        "element": "node",
        "id": 2050959996,
        "amenity": "drinking_water",
        "check_date": null,
        "fountain": null,
        "source": null,
        "wetap:status": null,
        "wetap:statusnote": null,
        "access:dog": null,
        "access:horse": null,
        "bottle": null,
        "access": null,
        "covered": null,
        "fee": null,
        "indoor": null,
        "lit": null,
        "drinking_water:bottle": null,
        "drinking_water:bubbler": null,
        "wetap:taste": null,
        "condition": null,
        "note": null,
        "security_zone": null,
        "wetap:flow": null,
        "wetap:photo": null,
        "wetap:quality": null,
        "wetap:temperature": null,
        "wetap:status_note": null,
        "description": null,
        "operator": null,
        "wheelchair": null,
        "name": null,
        "source:pkey": null,
        "image": null,
        "maintenance": null,
        "stateofrepair": null,
        "level": null,
        "drinking_water": null,
        "opening_hours": null,
        "dog": null,
        "level:ref": null,
        "manufacturer:wikidata": null,
        "operator:wikidata": null,
        "layer": null,
        "location": null,
        "wetap:dog": null,
        "wetap:credit": null,
        "addr:city": null,
        "addr:housenumber": null,
        "addr:postcode": null,
        "addr:street": null,
        "phone": null,
        "drinking_water:dog": null,
        "bubbler": null,
        "inscription": null,
        "fixme": null,
        "amenity_1": null,
        "survey:date": null
      },
      "geometry": {
        "type": "Point",
        "coordinates": [
          -122.2640346,
          37.759304
        ]
      }
    },
    {
      "id": "69",
      "type": "Feature",
      "properties": {
        "element": "node",
        "id": 2050959997,
        "amenity": "drinking_water",
        "check_date": null,
        "fountain": null,
        "source": null,
        "wetap:status": null,
        "wetap:statusnote": null,
        "access:dog": null,
        "access:horse": null,
        "bottle": null,
        "access": null,
        "covered": null,
        "fee": null,
        "indoor": null,
        "lit": null,
        "drinking_water:bottle": null,
        "drinking_water:bubbler": null,
        "wetap:taste": null,
        "condition": null,
        "note": null,
        "security_zone": null,
        "wetap:flow": null,
        "wetap:photo": null,
        "wetap:quality": null,
        "wetap:temperature": null,
        "wetap:status_note": null,
        "description": null,
        "operator": null,
        "wheelchair": null,
        "name": null,
        "source:pkey": null,
        "image": null,
        "maintenance": null,
        "stateofrepair": null,
        "level": null,
        "drinking_water": null,
        "opening_hours": null,
        "dog": null,
        "level:ref": null,
        "manufacturer:wikidata": null,
        "operator:wikidata": null,
        "layer": null,
        "location": null,
        "wetap:dog": null,
        "wetap:credit": null,
        "addr:city": null,
        "addr:housenumber": null,
        "addr:postcode": null,
        "addr:street": null,
        "phone": null,
        "drinking_water:dog": null,
        "bubbler": null,
        "inscription": null,
        "fixme": null,
        "amenity_1": null,
        "survey:date": null
      },
      "geometry": {
        "type": "Point",
        "coordinates": [
          -122.2689296,
          37.7611531
        ]
      }
    },
    {
      "id": "70",
      "type": "Feature",
      "properties": {
        "element": "node",
        "id": 2351681782,
        "amenity": "drinking_water",
        "check_date": null,
        "fountain": null,
        "source": "wetap.org",
        "wetap:status": "working",
        "wetap:statusnote": null,
        "access:dog": null,
        "access:horse": null,
        "bottle": null,
        "access": null,
        "covered": null,
        "fee": null,
        "indoor": null,
        "lit": null,
        "drinking_water:bottle": null,
        "drinking_water:bubbler": null,
        "wetap:taste": null,
        "condition": null,
        "note": null,
        "security_zone": null,
        "wetap:flow": null,
        "wetap:photo": null,
        "wetap:quality": null,
        "wetap:temperature": null,
        "wetap:status_note": null,
        "description": "Washington Elementary Typical school yard water fountains.",
        "operator": null,
        "wheelchair": null,
        "name": null,
        "source:pkey": null,
        "image": null,
        "maintenance": null,
        "stateofrepair": null,
        "level": null,
        "drinking_water": null,
        "opening_hours": null,
        "dog": null,
        "level:ref": null,
        "manufacturer:wikidata": null,
        "operator:wikidata": null,
        "layer": null,
        "location": null,
        "wetap:dog": null,
        "wetap:credit": null,
        "addr:city": null,
        "addr:housenumber": null,
        "addr:postcode": null,
        "addr:street": null,
        "phone": null,
        "drinking_water:dog": null,
        "bubbler": null,
        "inscription": null,
        "fixme": null,
        "amenity_1": null,
        "survey:date": null
      },
      "geometry": {
        "type": "Point",
        "coordinates": [
          -122.15733,
          37.732414
        ]
      }
    },
    {
      "id": "71",
      "type": "Feature",
      "properties": {
        "element": "node",
        "id": 2351681785,
        "amenity": "drinking_water",
        "check_date": null,
        "fountain": null,
        "source": "wetap.org",
        "wetap:status": "unknown",
        "wetap:statusnote": null,
        "access:dog": null,
        "access:horse": null,
        "bottle": null,
        "access": null,
        "covered": null,
        "fee": null,
        "indoor": null,
        "lit": null,
        "drinking_water:bottle": null,
        "drinking_water:bubbler": null,
        "wetap:taste": null,
        "condition": null,
        "note": null,
        "security_zone": null,
        "wetap:flow": null,
        "wetap:photo": null,
        "wetap:quality": null,
        "wetap:temperature": null,
        "wetap:status_note": null,
        "description": "bathrooms",
        "operator": null,
        "wheelchair": null,
        "name": null,
        "source:pkey": null,
        "image": null,
        "maintenance": null,
        "stateofrepair": null,
        "level": null,
        "drinking_water": null,
        "opening_hours": null,
        "dog": null,
        "level:ref": null,
        "manufacturer:wikidata": null,
        "operator:wikidata": null,
        "layer": null,
        "location": null,
        "wetap:dog": null,
        "wetap:credit": null,
        "addr:city": null,
        "addr:housenumber": null,
        "addr:postcode": null,
        "addr:street": null,
        "phone": null,
        "drinking_water:dog": null,
        "bubbler": null,
        "inscription": null,
        "fixme": null,
        "amenity_1": null,
        "survey:date": null
      },
      "geometry": {
        "type": "Point",
        "coordinates": [
          -122.21163,
          37.749672
        ]
      }
    },
    {
      "id": "72",
      "type": "Feature",
      "properties": {
        "element": "node",
        "id": 2351681796,
        "amenity": "drinking_water",
        "check_date": null,
        "fountain": null,
        "source": "wetap.org",
        "wetap:status": "working",
        "wetap:statusnote": null,
        "access:dog": null,
        "access:horse": null,
        "bottle": null,
        "access": null,
        "covered": null,
        "fee": null,
        "indoor": null,
        "lit": null,
        "drinking_water:bottle": null,
        "drinking_water:bubbler": null,
        "wetap:taste": null,
        "condition": null,
        "note": null,
        "security_zone": null,
        "wetap:flow": null,
        "wetap:photo": "http://mdcwetap.atwebpages.com/jpg.php?i=brycenesbitt1331686449087.jpg",
        "wetap:quality": null,
        "wetap:temperature": null,
        "wetap:status_note": null,
        "description": null,
        "operator": null,
        "wheelchair": "yes",
        "name": null,
        "source:pkey": null,
        "image": null,
        "maintenance": null,
        "stateofrepair": null,
        "level": null,
        "drinking_water": null,
        "opening_hours": null,
        "dog": null,
        "level:ref": null,
        "manufacturer:wikidata": null,
        "operator:wikidata": null,
        "layer": null,
        "location": null,
        "wetap:dog": null,
        "wetap:credit": null,
        "addr:city": null,
        "addr:housenumber": null,
        "addr:postcode": null,
        "addr:street": null,
        "phone": null,
        "drinking_water:dog": null,
        "bubbler": null,
        "inscription": null,
        "fixme": null,
        "amenity_1": null,
        "survey:date": null
      },
      "geometry": {
        "type": "Point",
        "coordinates": [
          -122.26138,
          37.76854
        ]
      }
    },
    {
      "id": "73",
      "type": "Feature",
      "properties": {
        "element": "node",
        "id": 2351681822,
        "amenity": "drinking_water",
        "check_date": null,
        "fountain": null,
        "source": "wetap.org",
        "wetap:status": "working",
        "wetap:statusnote": null,
        "access:dog": null,
        "access:horse": null,
        "bottle": "yes",
        "access": "yes",
        "covered": "yes",
        "fee": "no",
        "indoor": "yes",
        "lit": "yes",
        "drinking_water:bottle": null,
        "drinking_water:bubbler": null,
        "wetap:taste": null,
        "condition": null,
        "note": null,
        "security_zone": null,
        "wetap:flow": null,
        "wetap:photo": null,
        "wetap:quality": null,
        "wetap:temperature": null,
        "wetap:status_note": null,
        "description": "Oakland Public Library near Reference Services",
        "operator": null,
        "wheelchair": null,
        "name": null,
        "source:pkey": null,
        "image": null,
        "maintenance": null,
        "stateofrepair": null,
        "level": null,
        "drinking_water": null,
        "opening_hours": null,
        "dog": "no",
        "level:ref": "1",
        "manufacturer:wikidata": "Q19877700",
        "operator:wikidata": "Q66362572",
        "layer": null,
        "location": null,
        "wetap:dog": null,
        "wetap:credit": null,
        "addr:city": null,
        "addr:housenumber": null,
        "addr:postcode": null,
        "addr:street": null,
        "phone": null,
        "drinking_water:dog": null,
        "bubbler": null,
        "inscription": null,
        "fixme": null,
        "amenity_1": null,
        "survey:date": null
      },
      "geometry": {
        "type": "Point",
        "coordinates": [
          -122.26356,
          37.80098
        ]
      }
    },
    {
      "id": "74",
      "type": "Feature",
      "properties": {
        "element": "node",
        "id": 2351681841,
        "amenity": "drinking_water",
        "check_date": null,
        "fountain": null,
        "source": "wetap.org",
        "wetap:status": "working",
        "wetap:statusnote": null,
        "access:dog": null,
        "access:horse": null,
        "bottle": null,
        "access": null,
        "covered": null,
        "fee": null,
        "indoor": null,
        "lit": null,
        "drinking_water:bottle": null,
        "drinking_water:bubbler": null,
        "wetap:taste": null,
        "condition": null,
        "note": null,
        "security_zone": null,
        "wetap:flow": null,
        "wetap:photo": null,
        "wetap:quality": null,
        "wetap:temperature": null,
        "wetap:status_note": null,
        "description": "Kaiser 3701 Broadway  second floor near parking garage doors and bathrooms",
        "operator": null,
        "wheelchair": null,
        "name": null,
        "source:pkey": null,
        "image": null,
        "maintenance": null,
        "stateofrepair": null,
        "level": null,
        "drinking_water": null,
        "opening_hours": null,
        "dog": null,
        "level:ref": null,
        "manufacturer:wikidata": null,
        "operator:wikidata": null,
        "layer": null,
        "location": null,
        "wetap:dog": null,
        "wetap:credit": null,
        "addr:city": null,
        "addr:housenumber": null,
        "addr:postcode": null,
        "addr:street": null,
        "phone": null,
        "drinking_water:dog": null,
        "bubbler": null,
        "inscription": null,
        "fixme": null,
        "amenity_1": null,
        "survey:date": null
      },
      "geometry": {
        "type": "Point",
        "coordinates": [
          -122.25864,
          37.823383
        ]
      }
    },
    {
      "id": "75",
      "type": "Feature",
      "properties": {
        "element": "node",
        "id": 2351681843,
        "amenity": "drinking_water",
        "check_date": null,
        "fountain": null,
        "source": "wetap.org",
        "wetap:status": "working",
        "wetap:statusnote": null,
        "access:dog": null,
        "access:horse": null,
        "bottle": null,
        "access": null,
        "covered": null,
        "fee": null,
        "indoor": null,
        "lit": null,
        "drinking_water:bottle": null,
        "drinking_water:bubbler": null,
        "wetap:taste": null,
        "condition": null,
        "note": null,
        "security_zone": null,
        "wetap:flow": null,
        "wetap:photo": null,
        "wetap:quality": null,
        "wetap:temperature": null,
        "wetap:status_note": null,
        "description": "bottle=no",
        "operator": null,
        "wheelchair": null,
        "name": null,
        "source:pkey": null,
        "image": null,
        "maintenance": null,
        "stateofrepair": null,
        "level": null,
        "drinking_water": null,
        "opening_hours": null,
        "dog": null,
        "level:ref": null,
        "manufacturer:wikidata": null,
        "operator:wikidata": null,
        "layer": null,
        "location": null,
        "wetap:dog": null,
        "wetap:credit": null,
        "addr:city": null,
        "addr:housenumber": null,
        "addr:postcode": null,
        "addr:street": null,
        "phone": null,
        "drinking_water:dog": null,
        "bubbler": null,
        "inscription": null,
        "fixme": null,
        "amenity_1": null,
        "survey:date": null
      },
      "geometry": {
        "type": "Point",
        "coordinates": [
          -122.26109,
          37.823814
        ]
      }
    },
    {
      "id": "76",
      "type": "Feature",
      "properties": {
        "element": "node",
        "id": 2351681845,
        "amenity": "drinking_water",
        "check_date": null,
        "fountain": null,
        "source": "wetap.org",
        "wetap:status": "working",
        "wetap:statusnote": null,
        "access:dog": null,
        "access:horse": null,
        "bottle": null,
        "access": null,
        "covered": null,
        "fee": "yes",
        "indoor": "yes",
        "lit": null,
        "drinking_water:bottle": null,
        "drinking_water:bubbler": null,
        "wetap:taste": null,
        "condition": null,
        "note": null,
        "security_zone": null,
        "wetap:flow": null,
        "wetap:photo": "http://mdcwetap.atwebpages.com/jpg.php?i=Beth Terry1337810391789.jpg",
        "wetap:quality": null,
        "wetap:temperature": null,
        "wetap:status_note": null,
        "description": "MacArthur BART station, inside paid area",
        "operator": null,
        "wheelchair": null,
        "name": null,
        "source:pkey": null,
        "image": null,
        "maintenance": null,
        "stateofrepair": null,
        "level": "0",
        "drinking_water": null,
        "opening_hours": null,
        "dog": null,
        "level:ref": null,
        "manufacturer:wikidata": null,
        "operator:wikidata": null,
        "layer": "0",
        "location": "indoor",
        "wetap:dog": null,
        "wetap:credit": null,
        "addr:city": null,
        "addr:housenumber": null,
        "addr:postcode": null,
        "addr:street": null,
        "phone": null,
        "drinking_water:dog": null,
        "bubbler": null,
        "inscription": null,
        "fixme": null,
        "amenity_1": null,
        "survey:date": null
      },
      "geometry": {
        "type": "Point",
        "coordinates": [
          -122.2671052,
          37.8288923
        ]
      }
    },
    {
      "id": "77",
      "type": "Feature",
      "properties": {
        "element": "node",
        "id": 2351681848,
        "amenity": "drinking_water",
        "check_date": null,
        "fountain": null,
        "source": "wetap.org",
        "wetap:status": "unknown",
        "wetap:statusnote": null,
        "access:dog": null,
        "access:horse": null,
        "bottle": null,
        "access": null,
        "covered": null,
        "fee": null,
        "indoor": null,
        "lit": null,
        "drinking_water:bottle": null,
        "drinking_water:bubbler": null,
        "wetap:taste": null,
        "condition": null,
        "note": null,
        "security_zone": null,
        "wetap:flow": null,
        "wetap:photo": null,
        "wetap:quality": null,
        "wetap:temperature": null,
        "wetap:status_note": null,
        "description": null,
        "operator": null,
        "wheelchair": null,
        "name": null,
        "source:pkey": null,
        "image": null,
        "maintenance": null,
        "stateofrepair": null,
        "level": null,
        "drinking_water": null,
        "opening_hours": null,
        "dog": null,
        "level:ref": null,
        "manufacturer:wikidata": null,
        "operator:wikidata": null,
        "layer": null,
        "location": null,
        "wetap:dog": null,
        "wetap:credit": null,
        "addr:city": null,
        "addr:housenumber": null,
        "addr:postcode": null,
        "addr:street": null,
        "phone": null,
        "drinking_water:dog": null,
        "bubbler": null,
        "inscription": null,
        "fixme": null,
        "amenity_1": null,
        "survey:date": null
      },
      "geometry": {
        "type": "Point",
        "coordinates": [
          -122.24978,
          37.836044
        ]
      }
    },
    {
      "id": "78",
      "type": "Feature",
      "properties": {
        "element": "node",
        "id": 2351681853,
        "amenity": "drinking_water",
        "check_date": null,
        "fountain": null,
        "source": "wetap.org",
        "wetap:status": "working",
        "wetap:statusnote": "Difficult to fill bottle all the way up because of size and angle of faucet. Water is chilled.",
        "access:dog": null,
        "access:horse": null,
        "bottle": null,
        "access": null,
        "covered": null,
        "fee": null,
        "indoor": null,
        "lit": null,
        "drinking_water:bottle": null,
        "drinking_water:bubbler": null,
        "wetap:taste": null,
        "condition": null,
        "note": null,
        "security_zone": null,
        "wetap:flow": null,
        "wetap:photo": "http://mdcwetap.atwebpages.com/jpg.php?i=BethTerry1337276801421.jpg",
        "wetap:quality": null,
        "wetap:temperature": null,
        "wetap:status_note": null,
        "description": "Rockridge BART station On first floor of BART station.",
        "operator": null,
        "wheelchair": null,
        "name": null,
        "source:pkey": null,
        "image": null,
        "maintenance": null,
        "stateofrepair": null,
        "level": null,
        "drinking_water": null,
        "opening_hours": null,
        "dog": null,
        "level:ref": null,
        "manufacturer:wikidata": null,
        "operator:wikidata": null,
        "layer": null,
        "location": null,
        "wetap:dog": null,
        "wetap:credit": null,
        "addr:city": null,
        "addr:housenumber": null,
        "addr:postcode": null,
        "addr:street": null,
        "phone": null,
        "drinking_water:dog": null,
        "bubbler": null,
        "inscription": null,
        "fixme": null,
        "amenity_1": null,
        "survey:date": null
      },
      "geometry": {
        "type": "Point",
        "coordinates": [
          -122.2515435,
          37.844632
        ]
      }
    },
    {
      "id": "79",
      "type": "Feature",
      "properties": {
        "element": "node",
        "id": 2351681856,
        "amenity": "drinking_water",
        "check_date": null,
        "fountain": null,
        "source": "wetap.org",
        "wetap:status": "working",
        "wetap:statusnote": "inconsistent pressure",
        "access:dog": null,
        "access:horse": null,
        "bottle": null,
        "access": "permissive",
        "covered": null,
        "fee": null,
        "indoor": null,
        "lit": null,
        "drinking_water:bottle": null,
        "drinking_water:bubbler": null,
        "wetap:taste": null,
        "condition": null,
        "note": null,
        "security_zone": null,
        "wetap:flow": null,
        "wetap:photo": null,
        "wetap:quality": null,
        "wetap:temperature": null,
        "wetap:status_note": null,
        "description": "Malcolm X School Playground near garden open to public during non-school daytime hours.",
        "operator": null,
        "wheelchair": null,
        "name": null,
        "source:pkey": null,
        "image": null,
        "maintenance": null,
        "stateofrepair": null,
        "level": null,
        "drinking_water": null,
        "opening_hours": null,
        "dog": null,
        "level:ref": null,
        "manufacturer:wikidata": null,
        "operator:wikidata": null,
        "layer": null,
        "location": null,
        "wetap:dog": null,
        "wetap:credit": null,
        "addr:city": null,
        "addr:housenumber": null,
        "addr:postcode": null,
        "addr:street": null,
        "phone": null,
        "drinking_water:dog": null,
        "bubbler": null,
        "inscription": null,
        "fixme": null,
        "amenity_1": null,
        "survey:date": null
      },
      "geometry": {
        "type": "Point",
        "coordinates": [
          -122.27335,
          37.853016
        ]
      }
    },
    {
      "id": "80",
      "type": "Feature",
      "properties": {
        "element": "node",
        "id": 2351681859,
        "amenity": "drinking_water",
        "check_date": null,
        "fountain": null,
        "source": "wetap.org",
        "wetap:status": "working",
        "wetap:statusnote": null,
        "access:dog": null,
        "access:horse": null,
        "bottle": null,
        "access": "permissive",
        "covered": null,
        "fee": null,
        "indoor": null,
        "lit": null,
        "drinking_water:bottle": null,
        "drinking_water:bubbler": null,
        "wetap:taste": null,
        "condition": null,
        "note": null,
        "security_zone": null,
        "wetap:flow": null,
        "wetap:photo": "http://mdcwetap.atwebpages.com/jpg.php?i=sofiaz1347314910405.jpg",
        "wetap:quality": null,
        "wetap:temperature": null,
        "wetap:status_note": null,
        "description": "Malcolm X School Playground near bathrooms open to public during non-school daytime hours.",
        "operator": null,
        "wheelchair": null,
        "name": null,
        "source:pkey": null,
        "image": null,
        "maintenance": null,
        "stateofrepair": null,
        "level": null,
        "drinking_water": null,
        "opening_hours": null,
        "dog": null,
        "level:ref": null,
        "manufacturer:wikidata": null,
        "operator:wikidata": null,
        "layer": null,
        "location": null,
        "wetap:dog": null,
        "wetap:credit": null,
        "addr:city": null,
        "addr:housenumber": null,
        "addr:postcode": null,
        "addr:street": null,
        "phone": null,
        "drinking_water:dog": null,
        "bubbler": null,
        "inscription": null,
        "fixme": null,
        "amenity_1": null,
        "survey:date": null
      },
      "geometry": {
        "type": "Point",
        "coordinates": [
          -122.27376,
          37.853115
        ]
      }
    },
    {
      "id": "81",
      "type": "Feature",
      "properties": {
        "element": "node",
        "id": 2351681862,
        "amenity": "drinking_water",
        "check_date": null,
        "fountain": null,
        "source": "wetap.org",
        "wetap:status": "working",
        "wetap:statusnote": "inconsistent pressure & spray.",
        "access:dog": null,
        "access:horse": null,
        "bottle": null,
        "access": "permissive",
        "covered": null,
        "fee": null,
        "indoor": null,
        "lit": null,
        "drinking_water:bottle": null,
        "drinking_water:bubbler": null,
        "wetap:taste": null,
        "condition": null,
        "note": null,
        "security_zone": null,
        "wetap:flow": null,
        "wetap:photo": "http://mdcwetap.atwebpages.com/jpg.php?i=sofiaz1347315205948.jpg",
        "wetap:quality": null,
        "wetap:temperature": null,
        "wetap:status_note": null,
        "description": "Malcolm X Playground open to public during non-school daytime hours.",
        "operator": null,
        "wheelchair": null,
        "name": null,
        "source:pkey": null,
        "image": null,
        "maintenance": null,
        "stateofrepair": null,
        "level": null,
        "drinking_water": null,
        "opening_hours": null,
        "dog": null,
        "level:ref": null,
        "manufacturer:wikidata": null,
        "operator:wikidata": null,
        "layer": null,
        "location": null,
        "wetap:dog": null,
        "wetap:credit": null,
        "addr:city": null,
        "addr:housenumber": null,
        "addr:postcode": null,
        "addr:street": null,
        "phone": null,
        "drinking_water:dog": null,
        "bubbler": null,
        "inscription": null,
        "fixme": null,
        "amenity_1": null,
        "survey:date": null
      },
      "geometry": {
        "type": "Point",
        "coordinates": [
          -122.2738,
          37.853382
        ]
      }
    },
    {
      "id": "82",
      "type": "Feature",
      "properties": {
        "element": "node",
        "id": 2351681865,
        "amenity": "drinking_water",
        "check_date": null,
        "fountain": null,
        "source": "wetap.org",
        "wetap:status": "unknown",
        "wetap:statusnote": null,
        "access:dog": null,
        "access:horse": null,
        "bottle": null,
        "access": null,
        "covered": null,
        "fee": null,
        "indoor": null,
        "lit": null,
        "drinking_water:bottle": null,
        "drinking_water:bubbler": null,
        "wetap:taste": null,
        "condition": null,
        "note": null,
        "security_zone": null,
        "wetap:flow": null,
        "wetap:photo": null,
        "wetap:quality": null,
        "wetap:temperature": null,
        "wetap:status_note": null,
        "description": "San Pablo Park next to tennis courts",
        "operator": null,
        "wheelchair": null,
        "name": null,
        "source:pkey": null,
        "image": null,
        "maintenance": null,
        "stateofrepair": null,
        "level": null,
        "drinking_water": null,
        "opening_hours": null,
        "dog": null,
        "level:ref": null,
        "manufacturer:wikidata": null,
        "operator:wikidata": null,
        "layer": null,
        "location": null,
        "wetap:dog": null,
        "wetap:credit": null,
        "addr:city": null,
        "addr:housenumber": null,
        "addr:postcode": null,
        "addr:street": null,
        "phone": null,
        "drinking_water:dog": null,
        "bubbler": null,
        "inscription": null,
        "fixme": null,
        "amenity_1": null,
        "survey:date": null
      },
      "geometry": {
        "type": "Point",
        "coordinates": [
          -122.28392,
          37.85481
        ]
      }
    },
    {
      "id": "83",
      "type": "Feature",
      "properties": {
        "element": "node",
        "id": 2351681867,
        "amenity": "drinking_water",
        "check_date": null,
        "fountain": null,
        "source": "wetap.org",
        "wetap:status": "unknown",
        "wetap:statusnote": null,
        "access:dog": null,
        "access:horse": null,
        "bottle": null,
        "access": null,
        "covered": null,
        "fee": null,
        "indoor": null,
        "lit": null,
        "drinking_water:bottle": null,
        "drinking_water:bubbler": null,
        "wetap:taste": null,
        "condition": null,
        "note": null,
        "security_zone": null,
        "wetap:flow": null,
        "wetap:photo": null,
        "wetap:quality": null,
        "wetap:temperature": null,
        "wetap:status_note": null,
        "description": "San Pablo Park basketball courts",
        "operator": null,
        "wheelchair": null,
        "name": null,
        "source:pkey": null,
        "image": null,
        "maintenance": null,
        "stateofrepair": null,
        "level": null,
        "drinking_water": null,
        "opening_hours": null,
        "dog": null,
        "level:ref": null,
        "manufacturer:wikidata": null,
        "operator:wikidata": null,
        "layer": null,
        "location": null,
        "wetap:dog": null,
        "wetap:credit": null,
        "addr:city": null,
        "addr:housenumber": null,
        "addr:postcode": null,
        "addr:street": null,
        "phone": null,
        "drinking_water:dog": null,
        "bubbler": null,
        "inscription": null,
        "fixme": null,
        "amenity_1": null,
        "survey:date": null
      },
      "geometry": {
        "type": "Point",
        "coordinates": [
          -122.2835,
          37.855675
        ]
      }
    },
    {
      "id": "84",
      "type": "Feature",
      "properties": {
        "element": "node",
        "id": 2351681869,
        "amenity": "drinking_water",
        "check_date": null,
        "fountain": "bubbler",
        "source": "wetap.org",
        "wetap:status": "working",
        "wetap:statusnote": null,
        "access:dog": null,
        "access:horse": null,
        "bottle": "yes",
        "access": null,
        "covered": null,
        "fee": null,
        "indoor": null,
        "lit": null,
        "drinking_water:bottle": null,
        "drinking_water:bubbler": null,
        "wetap:taste": null,
        "condition": null,
        "note": null,
        "security_zone": null,
        "wetap:flow": null,
        "wetap:photo": null,
        "wetap:quality": null,
        "wetap:temperature": null,
        "wetap:status_note": null,
        "description": "Grove Park Playground open drain fountain - kids love playing with it!",
        "operator": null,
        "wheelchair": null,
        "name": null,
        "source:pkey": null,
        "image": null,
        "maintenance": null,
        "stateofrepair": null,
        "level": null,
        "drinking_water": null,
        "opening_hours": null,
        "dog": null,
        "level:ref": null,
        "manufacturer:wikidata": null,
        "operator:wikidata": null,
        "layer": null,
        "location": null,
        "wetap:dog": null,
        "wetap:credit": null,
        "addr:city": null,
        "addr:housenumber": null,
        "addr:postcode": null,
        "addr:street": null,
        "phone": null,
        "drinking_water:dog": null,
        "bubbler": null,
        "inscription": null,
        "fixme": null,
        "amenity_1": null,
        "survey:date": null
      },
      "geometry": {
        "type": "Point",
        "coordinates": [
          -122.27301,
          37.856663
        ]
      }
    },
    {
      "id": "85",
      "type": "Feature",
      "properties": {
        "element": "node",
        "id": 2351681872,
        "amenity": "drinking_water",
        "check_date": null,
        "fountain": null,
        "source": "wetap.org",
        "wetap:status": "working",
        "wetap:statusnote": null,
        "access:dog": null,
        "access:horse": null,
        "bottle": null,
        "access": null,
        "covered": null,
        "fee": null,
        "indoor": null,
        "lit": null,
        "drinking_water:bottle": null,
        "drinking_water:bubbler": null,
        "wetap:taste": null,
        "condition": null,
        "note": null,
        "security_zone": null,
        "wetap:flow": null,
        "wetap:photo": "http://mdcwetap.atwebpages.com/jpg.php?i=brycenesbitt1343590369531.jpg",
        "wetap:quality": null,
        "wetap:temperature": null,
        "wetap:status_note": null,
        "description": null,
        "operator": null,
        "wheelchair": null,
        "name": null,
        "source:pkey": null,
        "image": null,
        "maintenance": null,
        "stateofrepair": null,
        "level": null,
        "drinking_water": null,
        "opening_hours": null,
        "dog": null,
        "level:ref": null,
        "manufacturer:wikidata": null,
        "operator:wikidata": null,
        "layer": null,
        "location": null,
        "wetap:dog": null,
        "wetap:credit": null,
        "addr:city": null,
        "addr:housenumber": null,
        "addr:postcode": null,
        "addr:street": null,
        "phone": null,
        "drinking_water:dog": null,
        "bubbler": null,
        "inscription": null,
        "fixme": null,
        "amenity_1": null,
        "survey:date": null
      },
      "geometry": {
        "type": "Point",
        "coordinates": [
          -122.2840017,
          37.8664707
        ]
      }
    },
    {
      "id": "86",
      "type": "Feature",
      "properties": {
        "element": "node",
        "id": 2351681875,
        "amenity": "drinking_water",
        "check_date": null,
        "fountain": null,
        "source": "wetap.org",
        "wetap:status": "working",
        "wetap:statusnote": null,
        "access:dog": null,
        "access:horse": null,
        "bottle": null,
        "access": null,
        "covered": null,
        "fee": null,
        "indoor": "yes",
        "lit": null,
        "drinking_water:bottle": null,
        "drinking_water:bubbler": null,
        "wetap:taste": null,
        "condition": null,
        "note": null,
        "security_zone": null,
        "wetap:flow": null,
        "wetap:photo": null,
        "wetap:quality": null,
        "wetap:temperature": null,
        "wetap:status_note": null,
        "description": "Truit & White Lumber inside near restroom",
        "operator": null,
        "wheelchair": null,
        "name": null,
        "source:pkey": null,
        "image": null,
        "maintenance": null,
        "stateofrepair": null,
        "level": null,
        "drinking_water": null,
        "opening_hours": null,
        "dog": null,
        "level:ref": null,
        "manufacturer:wikidata": null,
        "operator:wikidata": null,
        "layer": null,
        "location": null,
        "wetap:dog": null,
        "wetap:credit": null,
        "addr:city": null,
        "addr:housenumber": null,
        "addr:postcode": null,
        "addr:street": null,
        "phone": null,
        "drinking_water:dog": null,
        "bubbler": null,
        "inscription": null,
        "fixme": null,
        "amenity_1": null,
        "survey:date": null
      },
      "geometry": {
        "type": "Point",
        "coordinates": [
          -122.3014178,
          37.8680308
        ]
      }
    },
    {
      "id": "87",
      "type": "Feature",
      "properties": {
        "element": "node",
        "id": 2351681877,
        "amenity": "drinking_water",
        "check_date": null,
        "fountain": null,
        "source": "wetap.org",
        "wetap:status": "working",
        "wetap:statusnote": "Refrigerated new Elkay suitable for bottle filling",
        "access:dog": null,
        "access:horse": null,
        "bottle": null,
        "access": null,
        "covered": null,
        "fee": null,
        "indoor": "yes",
        "lit": null,
        "drinking_water:bottle": null,
        "drinking_water:bubbler": null,
        "wetap:taste": null,
        "condition": null,
        "note": null,
        "security_zone": null,
        "wetap:flow": null,
        "wetap:photo": null,
        "wetap:quality": null,
        "wetap:temperature": null,
        "wetap:status_note": null,
        "description": "Barrows Hall first floor Near room 190",
        "operator": null,
        "wheelchair": null,
        "name": null,
        "source:pkey": null,
        "image": null,
        "maintenance": null,
        "stateofrepair": null,
        "level": null,
        "drinking_water": null,
        "opening_hours": null,
        "dog": null,
        "level:ref": null,
        "manufacturer:wikidata": null,
        "operator:wikidata": null,
        "layer": null,
        "location": null,
        "wetap:dog": null,
        "wetap:credit": null,
        "addr:city": null,
        "addr:housenumber": null,
        "addr:postcode": null,
        "addr:street": null,
        "phone": null,
        "drinking_water:dog": null,
        "bubbler": null,
        "inscription": null,
        "fixme": null,
        "amenity_1": null,
        "survey:date": null
      },
      "geometry": {
        "type": "Point",
        "coordinates": [
          -122.25759,
          37.87003
        ]
      }
    },
    {
      "id": "88",
      "type": "Feature",
      "properties": {
        "element": "node",
        "id": 2351681880,
        "amenity": "drinking_water",
        "check_date": null,
        "fountain": null,
        "source": "wetap.org",
        "wetap:status": "working",
        "wetap:statusnote": null,
        "access:dog": null,
        "access:horse": null,
        "bottle": null,
        "access": null,
        "covered": null,
        "fee": null,
        "indoor": null,
        "lit": null,
        "drinking_water:bottle": null,
        "drinking_water:bubbler": null,
        "wetap:taste": null,
        "condition": null,
        "note": null,
        "security_zone": null,
        "wetap:flow": null,
        "wetap:photo": null,
        "wetap:quality": null,
        "wetap:temperature": null,
        "wetap:status_note": null,
        "description": null,
        "operator": null,
        "wheelchair": null,
        "name": null,
        "source:pkey": null,
        "image": null,
        "maintenance": null,
        "stateofrepair": null,
        "level": null,
        "drinking_water": null,
        "opening_hours": null,
        "dog": null,
        "level:ref": null,
        "manufacturer:wikidata": null,
        "operator:wikidata": null,
        "layer": null,
        "location": null,
        "wetap:dog": null,
        "wetap:credit": null,
        "addr:city": null,
        "addr:housenumber": null,
        "addr:postcode": null,
        "addr:street": null,
        "phone": null,
        "drinking_water:dog": null,
        "bubbler": null,
        "inscription": null,
        "fixme": null,
        "amenity_1": null,
        "survey:date": null
      },
      "geometry": {
        "type": "Point",
        "coordinates": [
          -122.29742,
          37.872234
        ]
      }
    },
    {
      "id": "89",
      "type": "Feature",
      "properties": {
        "element": "node",
        "id": 2351681887,
        "amenity": "drinking_water",
        "check_date": null,
        "fountain": null,
        "source": "wetap.org",
        "wetap:status": "working",
        "wetap:statusnote": null,
        "access:dog": null,
        "access:horse": null,
        "bottle": null,
        "access": null,
        "covered": null,
        "fee": null,
        "indoor": null,
        "lit": null,
        "drinking_water:bottle": null,
        "drinking_water:bubbler": null,
        "wetap:taste": null,
        "condition": null,
        "note": null,
        "security_zone": null,
        "wetap:flow": null,
        "wetap:photo": "http://mdcwetap.atwebpages.com/jpg.php?i=sofiaz1347251834349.jpg",
        "wetap:quality": null,
        "wetap:temperature": null,
        "wetap:status_note": null,
        "description": "Terrace Park tri-level fountain (wheelchair/kid height, standing height, and dog bowl height)",
        "operator": null,
        "wheelchair": null,
        "name": null,
        "source:pkey": null,
        "image": null,
        "maintenance": null,
        "stateofrepair": null,
        "level": null,
        "drinking_water": null,
        "opening_hours": null,
        "dog": null,
        "level:ref": null,
        "manufacturer:wikidata": null,
        "operator:wikidata": null,
        "layer": null,
        "location": null,
        "wetap:dog": "yes",
        "wetap:credit": null,
        "addr:city": null,
        "addr:housenumber": null,
        "addr:postcode": null,
        "addr:street": null,
        "phone": null,
        "drinking_water:dog": null,
        "bubbler": null,
        "inscription": null,
        "fixme": null,
        "amenity_1": null,
        "survey:date": null
      },
      "geometry": {
        "type": "Point",
        "coordinates": [
          -122.28722,
          37.8849
        ]
      }
    },
    {
      "id": "90",
      "type": "Feature",
      "properties": {
        "element": "node",
        "id": 2394566443,
        "amenity": "drinking_water",
        "check_date": null,
        "fountain": "bubbler",
        "source": "osmsync:findafountain",
        "wetap:status": null,
        "wetap:statusnote": null,
        "access:dog": null,
        "access:horse": null,
        "bottle": null,
        "access": null,
        "covered": null,
        "fee": null,
        "indoor": null,
        "lit": null,
        "drinking_water:bottle": null,
        "drinking_water:bubbler": null,
        "wetap:taste": null,
        "condition": null,
        "note": null,
        "security_zone": null,
        "wetap:flow": null,
        "wetap:photo": null,
        "wetap:quality": null,
        "wetap:temperature": null,
        "wetap:status_note": null,
        "description": "Neglected public drinking tap (water source: mountain wilderness) next to two drink machines (source: unknown)",
        "operator": null,
        "wheelchair": null,
        "name": "In the shadow of giants",
        "source:pkey": "3053",
        "image": "http://findafountain.org/system/1001/original/in-the-shadow-of-giants-outdoor-fountain.jpg",
        "maintenance": null,
        "stateofrepair": null,
        "level": null,
        "drinking_water": null,
        "opening_hours": null,
        "dog": null,
        "level:ref": null,
        "manufacturer:wikidata": null,
        "operator:wikidata": null,
        "layer": null,
        "location": null,
        "wetap:dog": null,
        "wetap:credit": null,
        "addr:city": null,
        "addr:housenumber": null,
        "addr:postcode": null,
        "addr:street": null,
        "phone": null,
        "drinking_water:dog": null,
        "bubbler": null,
        "inscription": null,
        "fixme": null,
        "amenity_1": null,
        "survey:date": null
      },
      "geometry": {
        "type": "Point",
        "coordinates": [
          -122.2576551,
          37.8049719
        ]
      }
    },
    {
      "id": "91",
      "type": "Feature",
      "properties": {
        "element": "node",
        "id": 2394566447,
        "amenity": "drinking_water",
        "check_date": null,
        "fountain": "bubbler",
        "source": null,
        "wetap:status": null,
        "wetap:statusnote": null,
        "access:dog": null,
        "access:horse": null,
        "bottle": null,
        "access": null,
        "covered": null,
        "fee": null,
        "indoor": null,
        "lit": null,
        "drinking_water:bottle": null,
        "drinking_water:bubbler": null,
        "wetap:taste": null,
        "condition": null,
        "note": null,
        "security_zone": null,
        "wetap:flow": null,
        "wetap:photo": null,
        "wetap:quality": null,
        "wetap:temperature": null,
        "wetap:status_note": null,
        "description": null,
        "operator": null,
        "wheelchair": null,
        "name": null,
        "source:pkey": null,
        "image": null,
        "maintenance": null,
        "stateofrepair": null,
        "level": null,
        "drinking_water": null,
        "opening_hours": null,
        "dog": null,
        "level:ref": null,
        "manufacturer:wikidata": null,
        "operator:wikidata": null,
        "layer": null,
        "location": null,
        "wetap:dog": null,
        "wetap:credit": null,
        "addr:city": null,
        "addr:housenumber": null,
        "addr:postcode": null,
        "addr:street": null,
        "phone": null,
        "drinking_water:dog": null,
        "bubbler": null,
        "inscription": null,
        "fixme": null,
        "amenity_1": null,
        "survey:date": null
      },
      "geometry": {
        "type": "Point",
        "coordinates": [
          -122.2575658,
          37.8052592
        ]
      }
    },
    {
      "id": "92",
      "type": "Feature",
      "properties": {
        "element": "node",
        "id": 2459972389,
        "amenity": "drinking_water",
        "check_date": null,
        "fountain": null,
        "source": null,
        "wetap:status": null,
        "wetap:statusnote": null,
        "access:dog": null,
        "access:horse": null,
        "bottle": null,
        "access": null,
        "covered": null,
        "fee": null,
        "indoor": null,
        "lit": null,
        "drinking_water:bottle": null,
        "drinking_water:bubbler": null,
        "wetap:taste": null,
        "condition": null,
        "note": null,
        "security_zone": null,
        "wetap:flow": null,
        "wetap:photo": null,
        "wetap:quality": null,
        "wetap:temperature": null,
        "wetap:status_note": null,
        "description": null,
        "operator": null,
        "wheelchair": null,
        "name": null,
        "source:pkey": null,
        "image": null,
        "maintenance": null,
        "stateofrepair": null,
        "level": null,
        "drinking_water": null,
        "opening_hours": null,
        "dog": null,
        "level:ref": null,
        "manufacturer:wikidata": null,
        "operator:wikidata": null,
        "layer": null,
        "location": null,
        "wetap:dog": null,
        "wetap:credit": null,
        "addr:city": null,
        "addr:housenumber": null,
        "addr:postcode": null,
        "addr:street": null,
        "phone": null,
        "drinking_water:dog": null,
        "bubbler": null,
        "inscription": null,
        "fixme": null,
        "amenity_1": null,
        "survey:date": null
      },
      "geometry": {
        "type": "Point",
        "coordinates": [
          -122.208221,
          37.731118
        ]
      }
    },
    {
      "id": "93",
      "type": "Feature",
      "properties": {
        "element": "node",
        "id": 2459972393,
        "amenity": "drinking_water",
        "check_date": null,
        "fountain": null,
        "source": null,
        "wetap:status": null,
        "wetap:statusnote": null,
        "access:dog": null,
        "access:horse": null,
        "bottle": null,
        "access": null,
        "covered": null,
        "fee": null,
        "indoor": null,
        "lit": null,
        "drinking_water:bottle": null,
        "drinking_water:bubbler": null,
        "wetap:taste": null,
        "condition": null,
        "note": null,
        "security_zone": null,
        "wetap:flow": null,
        "wetap:photo": null,
        "wetap:quality": null,
        "wetap:temperature": null,
        "wetap:status_note": null,
        "description": null,
        "operator": null,
        "wheelchair": null,
        "name": null,
        "source:pkey": null,
        "image": null,
        "maintenance": null,
        "stateofrepair": null,
        "level": null,
        "drinking_water": null,
        "opening_hours": null,
        "dog": null,
        "level:ref": null,
        "manufacturer:wikidata": null,
        "operator:wikidata": null,
        "layer": null,
        "location": null,
        "wetap:dog": null,
        "wetap:credit": null,
        "addr:city": null,
        "addr:housenumber": null,
        "addr:postcode": null,
        "addr:street": null,
        "phone": null,
        "drinking_water:dog": null,
        "bubbler": null,
        "inscription": null,
        "fixme": null,
        "amenity_1": null,
        "survey:date": null
      },
      "geometry": {
        "type": "Point",
        "coordinates": [
          -122.2423807,
          37.7777299
        ]
      }
    },
    {
      "id": "94",
      "type": "Feature",
      "properties": {
        "element": "node",
        "id": 2477391424,
        "amenity": "drinking_water",
        "check_date": null,
        "fountain": null,
        "source": "wetap.org",
        "wetap:status": "broken",
        "wetap:statusnote": "under construction",
        "access:dog": null,
        "access:horse": null,
        "bottle": null,
        "access": null,
        "covered": null,
        "fee": null,
        "indoor": null,
        "lit": null,
        "drinking_water:bottle": null,
        "drinking_water:bubbler": null,
        "wetap:taste": null,
        "condition": null,
        "note": null,
        "security_zone": null,
        "wetap:flow": null,
        "wetap:photo": "http://mdcwetap.atwebpages.com/jpg.php?i=brycenesbitt21378272519766.jpg",
        "wetap:quality": null,
        "wetap:temperature": null,
        "wetap:status_note": null,
        "description": null,
        "operator": null,
        "wheelchair": null,
        "name": null,
        "source:pkey": null,
        "image": null,
        "maintenance": null,
        "stateofrepair": null,
        "level": null,
        "drinking_water": null,
        "opening_hours": null,
        "dog": null,
        "level:ref": null,
        "manufacturer:wikidata": null,
        "operator:wikidata": null,
        "layer": null,
        "location": null,
        "wetap:dog": null,
        "wetap:credit": "brycenesbitt2",
        "addr:city": null,
        "addr:housenumber": null,
        "addr:postcode": null,
        "addr:street": null,
        "phone": null,
        "drinking_water:dog": null,
        "bubbler": null,
        "inscription": null,
        "fixme": null,
        "amenity_1": null,
        "survey:date": null
      },
      "geometry": {
        "type": "Point",
        "coordinates": [
          -122.31417,
          37.82307
        ]
      }
    },
    {
      "id": "95",
      "type": "Feature",
      "properties": {
        "element": "node",
        "id": 2477391425,
        "amenity": "drinking_water",
        "check_date": null,
        "fountain": "bubbler",
        "source": "wetap.org",
        "wetap:status": "broken",
        "wetap:statusnote": "weak flow",
        "access:dog": null,
        "access:horse": null,
        "bottle": null,
        "access": null,
        "covered": null,
        "fee": null,
        "indoor": null,
        "lit": null,
        "drinking_water:bottle": null,
        "drinking_water:bubbler": null,
        "wetap:taste": null,
        "condition": null,
        "note": null,
        "security_zone": null,
        "wetap:flow": null,
        "wetap:photo": null,
        "wetap:quality": null,
        "wetap:temperature": null,
        "wetap:status_note": null,
        "description": null,
        "operator": null,
        "wheelchair": null,
        "name": null,
        "source:pkey": null,
        "image": null,
        "maintenance": null,
        "stateofrepair": null,
        "level": null,
        "drinking_water": null,
        "opening_hours": null,
        "dog": null,
        "level:ref": null,
        "manufacturer:wikidata": null,
        "operator:wikidata": null,
        "layer": null,
        "location": null,
        "wetap:dog": null,
        "wetap:credit": "brycenesbitt2",
        "addr:city": null,
        "addr:housenumber": null,
        "addr:postcode": null,
        "addr:street": null,
        "phone": null,
        "drinking_water:dog": null,
        "bubbler": null,
        "inscription": null,
        "fixme": null,
        "amenity_1": null,
        "survey:date": null
      },
      "geometry": {
        "type": "Point",
        "coordinates": [
          -122.2562917,
          37.8555645
        ]
      }
    },
    {
      "id": "96",
      "type": "Feature",
      "properties": {
        "element": "node",
        "id": 2477391426,
        "amenity": "drinking_water",
        "check_date": null,
        "fountain": null,
        "source": "wetap.org",
        "wetap:status": "working",
        "wetap:statusnote": null,
        "access:dog": null,
        "access:horse": null,
        "bottle": null,
        "access": null,
        "covered": null,
        "fee": null,
        "indoor": null,
        "lit": null,
        "drinking_water:bottle": null,
        "drinking_water:bubbler": null,
        "wetap:taste": null,
        "condition": null,
        "note": null,
        "security_zone": null,
        "wetap:flow": null,
        "wetap:photo": null,
        "wetap:quality": null,
        "wetap:temperature": null,
        "wetap:status_note": null,
        "description": null,
        "operator": "City of Berkeley",
        "wheelchair": null,
        "name": null,
        "source:pkey": null,
        "image": null,
        "maintenance": null,
        "stateofrepair": null,
        "level": null,
        "drinking_water": null,
        "opening_hours": null,
        "dog": "yes",
        "level:ref": null,
        "manufacturer:wikidata": null,
        "operator:wikidata": null,
        "layer": null,
        "location": null,
        "wetap:dog": null,
        "wetap:credit": "brycenesbitt3",
        "addr:city": null,
        "addr:housenumber": null,
        "addr:postcode": null,
        "addr:street": null,
        "phone": null,
        "drinking_water:dog": null,
        "bubbler": null,
        "inscription": null,
        "fixme": null,
        "amenity_1": null,
        "survey:date": null
      },
      "geometry": {
        "type": "Point",
        "coordinates": [
          -122.31589,
          37.872063
        ]
      }
    },
    {
      "id": "97",
      "type": "Feature",
      "properties": {
        "element": "node",
        "id": 2502342782,
        "amenity": "drinking_water",
        "check_date": null,
        "fountain": null,
        "source": null,
        "wetap:status": null,
        "wetap:statusnote": null,
        "access:dog": null,
        "access:horse": null,
        "bottle": null,
        "access": null,
        "covered": null,
        "fee": null,
        "indoor": null,
        "lit": null,
        "drinking_water:bottle": null,
        "drinking_water:bubbler": null,
        "wetap:taste": null,
        "condition": null,
        "note": null,
        "security_zone": null,
        "wetap:flow": null,
        "wetap:photo": null,
        "wetap:quality": null,
        "wetap:temperature": null,
        "wetap:status_note": null,
        "description": null,
        "operator": null,
        "wheelchair": null,
        "name": null,
        "source:pkey": null,
        "image": null,
        "maintenance": null,
        "stateofrepair": null,
        "level": null,
        "drinking_water": null,
        "opening_hours": null,
        "dog": null,
        "level:ref": null,
        "manufacturer:wikidata": null,
        "operator:wikidata": null,
        "layer": null,
        "location": null,
        "wetap:dog": null,
        "wetap:credit": null,
        "addr:city": null,
        "addr:housenumber": null,
        "addr:postcode": null,
        "addr:street": null,
        "phone": null,
        "drinking_water:dog": null,
        "bubbler": null,
        "inscription": null,
        "fixme": null,
        "amenity_1": null,
        "survey:date": null
      },
      "geometry": {
        "type": "Point",
        "coordinates": [
          -122.2123614,
          37.8519556
        ]
      }
    },
    {
      "id": "98",
      "type": "Feature",
      "properties": {
        "element": "node",
        "id": 2525888429,
        "amenity": "drinking_water",
        "check_date": "2023-02-25",
        "fountain": "bubbler",
        "source": null,
        "wetap:status": null,
        "wetap:statusnote": null,
        "access:dog": null,
        "access:horse": null,
        "bottle": null,
        "access": null,
        "covered": null,
        "fee": null,
        "indoor": null,
        "lit": null,
        "drinking_water:bottle": null,
        "drinking_water:bubbler": null,
        "wetap:taste": null,
        "condition": null,
        "note": null,
        "security_zone": null,
        "wetap:flow": null,
        "wetap:photo": null,
        "wetap:quality": null,
        "wetap:temperature": null,
        "wetap:status_note": null,
        "description": null,
        "operator": null,
        "wheelchair": null,
        "name": null,
        "source:pkey": null,
        "image": null,
        "maintenance": null,
        "stateofrepair": null,
        "level": null,
        "drinking_water": null,
        "opening_hours": null,
        "dog": null,
        "level:ref": null,
        "manufacturer:wikidata": null,
        "operator:wikidata": null,
        "layer": null,
        "location": null,
        "wetap:dog": null,
        "wetap:credit": null,
        "addr:city": null,
        "addr:housenumber": null,
        "addr:postcode": null,
        "addr:street": null,
        "phone": null,
        "drinking_water:dog": null,
        "bubbler": null,
        "inscription": null,
        "fixme": null,
        "amenity_1": null,
        "survey:date": null
      },
      "geometry": {
        "type": "Point",
        "coordinates": [
          -122.286321,
          37.867902
        ]
      }
    },
    {
      "id": "99",
      "type": "Feature",
      "properties": {
        "element": "node",
        "id": 2582763330,
        "amenity": "drinking_water",
        "check_date": null,
        "fountain": null,
        "source": null,
        "wetap:status": null,
        "wetap:statusnote": null,
        "access:dog": null,
        "access:horse": null,
        "bottle": "yes",
        "access": null,
        "covered": null,
        "fee": null,
        "indoor": null,
        "lit": null,
        "drinking_water:bottle": null,
        "drinking_water:bubbler": null,
        "wetap:taste": null,
        "condition": null,
        "note": null,
        "security_zone": null,
        "wetap:flow": null,
        "wetap:photo": null,
        "wetap:quality": null,
        "wetap:temperature": null,
        "wetap:status_note": null,
        "description": null,
        "operator": null,
        "wheelchair": null,
        "name": null,
        "source:pkey": null,
        "image": null,
        "maintenance": null,
        "stateofrepair": null,
        "level": null,
        "drinking_water": null,
        "opening_hours": null,
        "dog": null,
        "level:ref": null,
        "manufacturer:wikidata": null,
        "operator:wikidata": null,
        "layer": null,
        "location": null,
        "wetap:dog": null,
        "wetap:credit": null,
        "addr:city": null,
        "addr:housenumber": null,
        "addr:postcode": null,
        "addr:street": null,
        "phone": null,
        "drinking_water:dog": null,
        "bubbler": null,
        "inscription": null,
        "fixme": null,
        "amenity_1": null,
        "survey:date": null
      },
      "geometry": {
        "type": "Point",
        "coordinates": [
          -122.2481226,
          37.871974
        ]
      }
    },
    {
      "id": "100",
      "type": "Feature",
      "properties": {
        "element": "node",
        "id": 2629427515,
        "amenity": "drinking_water",
        "check_date": null,
        "fountain": null,
        "source": null,
        "wetap:status": null,
        "wetap:statusnote": null,
        "access:dog": null,
        "access:horse": null,
        "bottle": null,
        "access": null,
        "covered": null,
        "fee": null,
        "indoor": null,
        "lit": null,
        "drinking_water:bottle": null,
        "drinking_water:bubbler": null,
        "wetap:taste": null,
        "condition": null,
        "note": null,
        "security_zone": null,
        "wetap:flow": null,
        "wetap:photo": null,
        "wetap:quality": null,
        "wetap:temperature": null,
        "wetap:status_note": null,
        "description": null,
        "operator": null,
        "wheelchair": null,
        "name": null,
        "source:pkey": null,
        "image": null,
        "maintenance": null,
        "stateofrepair": null,
        "level": null,
        "drinking_water": null,
        "opening_hours": null,
        "dog": null,
        "level:ref": null,
        "manufacturer:wikidata": null,
        "operator:wikidata": null,
        "layer": null,
        "location": null,
        "wetap:dog": null,
        "wetap:credit": null,
        "addr:city": null,
        "addr:housenumber": null,
        "addr:postcode": null,
        "addr:street": null,
        "phone": null,
        "drinking_water:dog": null,
        "bubbler": null,
        "inscription": null,
        "fixme": null,
        "amenity_1": null,
        "survey:date": null
      },
      "geometry": {
        "type": "Point",
        "coordinates": [
          -122.2385191,
          37.875164
        ]
      }
    },
    {
      "id": "101",
      "type": "Feature",
      "properties": {
        "element": "node",
        "id": 2819388301,
        "amenity": "drinking_water",
        "check_date": null,
        "fountain": null,
        "source": null,
        "wetap:status": null,
        "wetap:statusnote": null,
        "access:dog": null,
        "access:horse": null,
        "bottle": null,
        "access": null,
        "covered": null,
        "fee": null,
        "indoor": null,
        "lit": null,
        "drinking_water:bottle": null,
        "drinking_water:bubbler": null,
        "wetap:taste": null,
        "condition": null,
        "note": null,
        "security_zone": null,
        "wetap:flow": null,
        "wetap:photo": null,
        "wetap:quality": null,
        "wetap:temperature": null,
        "wetap:status_note": null,
        "description": null,
        "operator": null,
        "wheelchair": null,
        "name": null,
        "source:pkey": null,
        "image": null,
        "maintenance": null,
        "stateofrepair": null,
        "level": null,
        "drinking_water": null,
        "opening_hours": null,
        "dog": null,
        "level:ref": null,
        "manufacturer:wikidata": null,
        "operator:wikidata": null,
        "layer": null,
        "location": null,
        "wetap:dog": null,
        "wetap:credit": null,
        "addr:city": null,
        "addr:housenumber": null,
        "addr:postcode": null,
        "addr:street": null,
        "phone": null,
        "drinking_water:dog": null,
        "bubbler": null,
        "inscription": null,
        "fixme": null,
        "amenity_1": null,
        "survey:date": null
      },
      "geometry": {
        "type": "Point",
        "coordinates": [
          -122.286386,
          37.866924
        ]
      }
    },
    {
      "id": "102",
      "type": "Feature",
      "properties": {
        "element": "node",
        "id": 2875742783,
        "amenity": "drinking_water",
        "check_date": null,
        "fountain": null,
        "source": null,
        "wetap:status": null,
        "wetap:statusnote": null,
        "access:dog": null,
        "access:horse": null,
        "bottle": null,
        "access": null,
        "covered": null,
        "fee": null,
        "indoor": null,
        "lit": null,
        "drinking_water:bottle": null,
        "drinking_water:bubbler": null,
        "wetap:taste": null,
        "condition": null,
        "note": null,
        "security_zone": null,
        "wetap:flow": null,
        "wetap:photo": null,
        "wetap:quality": null,
        "wetap:temperature": null,
        "wetap:status_note": null,
        "description": null,
        "operator": null,
        "wheelchair": null,
        "name": "Pure Water of San Leandro",
        "source:pkey": null,
        "image": null,
        "maintenance": null,
        "stateofrepair": null,
        "level": null,
        "drinking_water": null,
        "opening_hours": null,
        "dog": null,
        "level:ref": null,
        "manufacturer:wikidata": null,
        "operator:wikidata": null,
        "layer": null,
        "location": null,
        "wetap:dog": null,
        "wetap:credit": null,
        "addr:city": "San Leandro",
        "addr:housenumber": "15070",
        "addr:postcode": "94578",
        "addr:street": "Hesperian Boulevard",
        "phone": "+1-510-317-5888",
        "drinking_water:dog": null,
        "bubbler": null,
        "inscription": null,
        "fixme": null,
        "amenity_1": null,
        "survey:date": null
      },
      "geometry": {
        "type": "Point",
        "coordinates": [
          -122.1294984,
          37.7034784
        ]
      }
    },
    {
      "id": "103",
      "type": "Feature",
      "properties": {
        "element": "node",
        "id": 2932064606,
        "amenity": "drinking_water",
        "check_date": null,
        "fountain": null,
        "source": null,
        "wetap:status": null,
        "wetap:statusnote": null,
        "access:dog": null,
        "access:horse": null,
        "bottle": "no",
        "access": null,
        "covered": null,
        "fee": "no",
        "indoor": null,
        "lit": null,
        "drinking_water:bottle": null,
        "drinking_water:bubbler": null,
        "wetap:taste": null,
        "condition": null,
        "note": null,
        "security_zone": null,
        "wetap:flow": null,
        "wetap:photo": null,
        "wetap:quality": null,
        "wetap:temperature": null,
        "wetap:status_note": null,
        "description": null,
        "operator": null,
        "wheelchair": "yes",
        "name": null,
        "source:pkey": null,
        "image": null,
        "maintenance": null,
        "stateofrepair": null,
        "level": null,
        "drinking_water": null,
        "opening_hours": null,
        "dog": null,
        "level:ref": null,
        "manufacturer:wikidata": null,
        "operator:wikidata": null,
        "layer": null,
        "location": null,
        "wetap:dog": null,
        "wetap:credit": null,
        "addr:city": null,
        "addr:housenumber": null,
        "addr:postcode": null,
        "addr:street": null,
        "phone": null,
        "drinking_water:dog": null,
        "bubbler": null,
        "inscription": null,
        "fixme": null,
        "amenity_1": null,
        "survey:date": null
      },
      "geometry": {
        "type": "Point",
        "coordinates": [
          -122.2593047,
          37.8808167
        ]
      }
    },
    {
      "id": "104",
      "type": "Feature",
      "properties": {
        "element": "node",
        "id": 2956805135,
        "amenity": "drinking_water",
        "check_date": null,
        "fountain": null,
        "source": null,
        "wetap:status": null,
        "wetap:statusnote": null,
        "access:dog": null,
        "access:horse": null,
        "bottle": null,
        "access": null,
        "covered": null,
        "fee": null,
        "indoor": null,
        "lit": null,
        "drinking_water:bottle": null,
        "drinking_water:bubbler": null,
        "wetap:taste": null,
        "condition": null,
        "note": null,
        "security_zone": null,
        "wetap:flow": null,
        "wetap:photo": null,
        "wetap:quality": null,
        "wetap:temperature": null,
        "wetap:status_note": null,
        "description": null,
        "operator": null,
        "wheelchair": null,
        "name": null,
        "source:pkey": null,
        "image": null,
        "maintenance": null,
        "stateofrepair": null,
        "level": null,
        "drinking_water": null,
        "opening_hours": null,
        "dog": null,
        "level:ref": null,
        "manufacturer:wikidata": null,
        "operator:wikidata": null,
        "layer": null,
        "location": null,
        "wetap:dog": null,
        "wetap:credit": null,
        "addr:city": null,
        "addr:housenumber": null,
        "addr:postcode": null,
        "addr:street": null,
        "phone": null,
        "drinking_water:dog": null,
        "bubbler": null,
        "inscription": null,
        "fixme": null,
        "amenity_1": null,
        "survey:date": null
      },
      "geometry": {
        "type": "Point",
        "coordinates": [
          -122.27234,
          37.7632719
        ]
      }
    },
    {
      "id": "105",
      "type": "Feature",
      "properties": {
        "element": "node",
        "id": 2961720802,
        "amenity": "drinking_water",
        "check_date": null,
        "fountain": null,
        "source": null,
        "wetap:status": "working",
        "wetap:statusnote": null,
        "access:dog": null,
        "access:horse": null,
        "bottle": "no",
        "access": null,
        "covered": null,
        "fee": null,
        "indoor": null,
        "lit": null,
        "drinking_water:bottle": null,
        "drinking_water:bubbler": null,
        "wetap:taste": null,
        "condition": null,
        "note": null,
        "security_zone": null,
        "wetap:flow": null,
        "wetap:photo": null,
        "wetap:quality": null,
        "wetap:temperature": null,
        "wetap:status_note": null,
        "description": null,
        "operator": null,
        "wheelchair": null,
        "name": null,
        "source:pkey": null,
        "image": null,
        "maintenance": null,
        "stateofrepair": null,
        "level": null,
        "drinking_water": null,
        "opening_hours": null,
        "dog": null,
        "level:ref": null,
        "manufacturer:wikidata": null,
        "operator:wikidata": null,
        "layer": null,
        "location": null,
        "wetap:dog": null,
        "wetap:credit": null,
        "addr:city": null,
        "addr:housenumber": null,
        "addr:postcode": null,
        "addr:street": null,
        "phone": null,
        "drinking_water:dog": null,
        "bubbler": null,
        "inscription": null,
        "fixme": null,
        "amenity_1": null,
        "survey:date": null
      },
      "geometry": {
        "type": "Point",
        "coordinates": [
          -122.238869,
          37.875378
        ]
      }
    },
    {
      "id": "106",
      "type": "Feature",
      "properties": {
        "element": "node",
        "id": 2997183915,
        "amenity": "drinking_water",
        "check_date": "2022-10-19",
        "fountain": "bubbler",
        "source": null,
        "wetap:status": null,
        "wetap:statusnote": null,
        "access:dog": null,
        "access:horse": null,
        "bottle": "no",
        "access": null,
        "covered": null,
        "fee": null,
        "indoor": null,
        "lit": null,
        "drinking_water:bottle": null,
        "drinking_water:bubbler": null,
        "wetap:taste": null,
        "condition": null,
        "note": null,
        "security_zone": null,
        "wetap:flow": null,
        "wetap:photo": null,
        "wetap:quality": null,
        "wetap:temperature": null,
        "wetap:status_note": null,
        "description": null,
        "operator": null,
        "wheelchair": null,
        "name": null,
        "source:pkey": null,
        "image": null,
        "maintenance": null,
        "stateofrepair": null,
        "level": null,
        "drinking_water": null,
        "opening_hours": null,
        "dog": null,
        "level:ref": null,
        "manufacturer:wikidata": null,
        "operator:wikidata": null,
        "layer": null,
        "location": null,
        "wetap:dog": null,
        "wetap:credit": null,
        "addr:city": null,
        "addr:housenumber": null,
        "addr:postcode": null,
        "addr:street": null,
        "phone": null,
        "drinking_water:dog": null,
        "bubbler": null,
        "inscription": null,
        "fixme": null,
        "amenity_1": null,
        "survey:date": null
      },
      "geometry": {
        "type": "Point",
        "coordinates": [
          -122.2924919,
          37.8669516
        ]
      }
    },
    {
      "id": "107",
      "type": "Feature",
      "properties": {
        "element": "node",
        "id": 3064091294,
        "amenity": "drinking_water",
        "check_date": null,
        "fountain": null,
        "source": null,
        "wetap:status": null,
        "wetap:statusnote": null,
        "access:dog": null,
        "access:horse": null,
        "bottle": "yes",
        "access": "destination",
        "covered": null,
        "fee": null,
        "indoor": null,
        "lit": null,
        "drinking_water:bottle": null,
        "drinking_water:bubbler": null,
        "wetap:taste": null,
        "condition": null,
        "note": null,
        "security_zone": null,
        "wetap:flow": null,
        "wetap:photo": null,
        "wetap:quality": null,
        "wetap:temperature": null,
        "wetap:status_note": null,
        "description": null,
        "operator": null,
        "wheelchair": null,
        "name": null,
        "source:pkey": null,
        "image": null,
        "maintenance": null,
        "stateofrepair": null,
        "level": null,
        "drinking_water": null,
        "opening_hours": null,
        "dog": null,
        "level:ref": null,
        "manufacturer:wikidata": null,
        "operator:wikidata": null,
        "layer": null,
        "location": null,
        "wetap:dog": null,
        "wetap:credit": null,
        "addr:city": null,
        "addr:housenumber": null,
        "addr:postcode": null,
        "addr:street": null,
        "phone": null,
        "drinking_water:dog": null,
        "bubbler": null,
        "inscription": null,
        "fixme": null,
        "amenity_1": null,
        "survey:date": null
      },
      "geometry": {
        "type": "Point",
        "coordinates": [
          -122.1886877,
          37.8074369
        ]
      }
    },
    {
      "id": "108",
      "type": "Feature",
      "properties": {
        "element": "node",
        "id": 3203992092,
        "amenity": "drinking_water",
        "check_date": null,
        "fountain": null,
        "source": null,
        "wetap:status": null,
        "wetap:statusnote": null,
        "access:dog": null,
        "access:horse": null,
        "bottle": "no",
        "access": null,
        "covered": null,
        "fee": null,
        "indoor": null,
        "lit": null,
        "drinking_water:bottle": null,
        "drinking_water:bubbler": null,
        "wetap:taste": null,
        "condition": null,
        "note": null,
        "security_zone": null,
        "wetap:flow": null,
        "wetap:photo": null,
        "wetap:quality": null,
        "wetap:temperature": null,
        "wetap:status_note": null,
        "description": null,
        "operator": null,
        "wheelchair": null,
        "name": null,
        "source:pkey": null,
        "image": null,
        "maintenance": null,
        "stateofrepair": null,
        "level": null,
        "drinking_water": null,
        "opening_hours": null,
        "dog": null,
        "level:ref": null,
        "manufacturer:wikidata": null,
        "operator:wikidata": null,
        "layer": null,
        "location": null,
        "wetap:dog": null,
        "wetap:credit": null,
        "addr:city": null,
        "addr:housenumber": null,
        "addr:postcode": null,
        "addr:street": null,
        "phone": null,
        "drinking_water:dog": null,
        "bubbler": null,
        "inscription": null,
        "fixme": null,
        "amenity_1": null,
        "survey:date": null
      },
      "geometry": {
        "type": "Point",
        "coordinates": [
          -122.2466537,
          37.8202456
        ]
      }
    },
    {
      "id": "109",
      "type": "Feature",
      "properties": {
        "element": "node",
        "id": 3271982802,
        "amenity": "drinking_water",
        "check_date": null,
        "fountain": null,
        "source": null,
        "wetap:status": null,
        "wetap:statusnote": null,
        "access:dog": null,
        "access:horse": null,
        "bottle": null,
        "access": null,
        "covered": null,
        "fee": null,
        "indoor": null,
        "lit": null,
        "drinking_water:bottle": null,
        "drinking_water:bubbler": null,
        "wetap:taste": null,
        "condition": null,
        "note": null,
        "security_zone": null,
        "wetap:flow": null,
        "wetap:photo": null,
        "wetap:quality": null,
        "wetap:temperature": null,
        "wetap:status_note": null,
        "description": null,
        "operator": null,
        "wheelchair": null,
        "name": null,
        "source:pkey": null,
        "image": null,
        "maintenance": null,
        "stateofrepair": null,
        "level": null,
        "drinking_water": null,
        "opening_hours": null,
        "dog": null,
        "level:ref": null,
        "manufacturer:wikidata": null,
        "operator:wikidata": null,
        "layer": null,
        "location": null,
        "wetap:dog": null,
        "wetap:credit": null,
        "addr:city": null,
        "addr:housenumber": null,
        "addr:postcode": null,
        "addr:street": null,
        "phone": null,
        "drinking_water:dog": null,
        "bubbler": null,
        "inscription": null,
        "fixme": null,
        "amenity_1": null,
        "survey:date": null
      },
      "geometry": {
        "type": "Point",
        "coordinates": [
          -122.1517178,
          37.8093754
        ]
      }
    },
    {
      "id": "110",
      "type": "Feature",
      "properties": {
        "element": "node",
        "id": 3497725588,
        "amenity": "drinking_water",
        "check_date": null,
        "fountain": null,
        "source": null,
        "wetap:status": null,
        "wetap:statusnote": null,
        "access:dog": null,
        "access:horse": null,
        "bottle": "no",
        "access": "yes",
        "covered": null,
        "fee": "no",
        "indoor": null,
        "lit": null,
        "drinking_water:bottle": null,
        "drinking_water:bubbler": null,
        "wetap:taste": null,
        "condition": null,
        "note": null,
        "security_zone": null,
        "wetap:flow": null,
        "wetap:photo": null,
        "wetap:quality": null,
        "wetap:temperature": null,
        "wetap:status_note": null,
        "description": null,
        "operator": null,
        "wheelchair": "limited",
        "name": null,
        "source:pkey": null,
        "image": null,
        "maintenance": null,
        "stateofrepair": null,
        "level": null,
        "drinking_water": null,
        "opening_hours": null,
        "dog": null,
        "level:ref": null,
        "manufacturer:wikidata": null,
        "operator:wikidata": null,
        "layer": null,
        "location": null,
        "wetap:dog": null,
        "wetap:credit": null,
        "addr:city": null,
        "addr:housenumber": null,
        "addr:postcode": null,
        "addr:street": null,
        "phone": null,
        "drinking_water:dog": null,
        "bubbler": null,
        "inscription": null,
        "fixme": null,
        "amenity_1": null,
        "survey:date": null
      },
      "geometry": {
        "type": "Point",
        "coordinates": [
          -122.211176,
          37.8289949
        ]
      }
    },
    {
      "id": "111",
      "type": "Feature",
      "properties": {
        "element": "node",
        "id": 3505276249,
        "amenity": "drinking_water",
        "check_date": null,
        "fountain": null,
        "source": null,
        "wetap:status": null,
        "wetap:statusnote": null,
        "access:dog": null,
        "access:horse": null,
        "bottle": null,
        "access": null,
        "covered": null,
        "fee": null,
        "indoor": null,
        "lit": null,
        "drinking_water:bottle": null,
        "drinking_water:bubbler": null,
        "wetap:taste": null,
        "condition": null,
        "note": null,
        "security_zone": null,
        "wetap:flow": null,
        "wetap:photo": null,
        "wetap:quality": null,
        "wetap:temperature": null,
        "wetap:status_note": null,
        "description": null,
        "operator": null,
        "wheelchair": null,
        "name": null,
        "source:pkey": null,
        "image": null,
        "maintenance": null,
        "stateofrepair": null,
        "level": null,
        "drinking_water": null,
        "opening_hours": null,
        "dog": null,
        "level:ref": null,
        "manufacturer:wikidata": null,
        "operator:wikidata": null,
        "layer": null,
        "location": null,
        "wetap:dog": null,
        "wetap:credit": null,
        "addr:city": null,
        "addr:housenumber": null,
        "addr:postcode": null,
        "addr:street": null,
        "phone": null,
        "drinking_water:dog": null,
        "bubbler": null,
        "inscription": null,
        "fixme": null,
        "amenity_1": null,
        "survey:date": null
      },
      "geometry": {
        "type": "Point",
        "coordinates": [
          -122.202068,
          37.8254324
        ]
      }
    },
    {
      "id": "112",
      "type": "Feature",
      "properties": {
        "element": "node",
        "id": 3548937706,
        "amenity": "drinking_water",
        "check_date": null,
        "fountain": null,
        "source": null,
        "wetap:status": null,
        "wetap:statusnote": null,
        "access:dog": null,
        "access:horse": null,
        "bottle": null,
        "access": null,
        "covered": null,
        "fee": null,
        "indoor": null,
        "lit": null,
        "drinking_water:bottle": null,
        "drinking_water:bubbler": null,
        "wetap:taste": null,
        "condition": null,
        "note": null,
        "security_zone": null,
        "wetap:flow": null,
        "wetap:photo": null,
        "wetap:quality": null,
        "wetap:temperature": null,
        "wetap:status_note": null,
        "description": null,
        "operator": null,
        "wheelchair": null,
        "name": null,
        "source:pkey": null,
        "image": null,
        "maintenance": null,
        "stateofrepair": null,
        "level": null,
        "drinking_water": null,
        "opening_hours": null,
        "dog": null,
        "level:ref": null,
        "manufacturer:wikidata": null,
        "operator:wikidata": null,
        "layer": null,
        "location": null,
        "wetap:dog": null,
        "wetap:credit": null,
        "addr:city": null,
        "addr:housenumber": null,
        "addr:postcode": null,
        "addr:street": null,
        "phone": null,
        "drinking_water:dog": null,
        "bubbler": null,
        "inscription": null,
        "fixme": null,
        "amenity_1": null,
        "survey:date": null
      },
      "geometry": {
        "type": "Point",
        "coordinates": [
          -122.1485917,
          37.8775875
        ]
      }
    },
    {
      "id": "113",
      "type": "Feature",
      "properties": {
        "element": "node",
        "id": 3593734428,
        "amenity": "drinking_water",
        "check_date": "2022-06-05",
        "fountain": null,
        "source": null,
        "wetap:status": null,
        "wetap:statusnote": null,
        "access:dog": null,
        "access:horse": null,
        "bottle": "yes",
        "access": null,
        "covered": null,
        "fee": null,
        "indoor": null,
        "lit": null,
        "drinking_water:bottle": null,
        "drinking_water:bubbler": null,
        "wetap:taste": null,
        "condition": null,
        "note": null,
        "security_zone": null,
        "wetap:flow": null,
        "wetap:photo": null,
        "wetap:quality": null,
        "wetap:temperature": null,
        "wetap:status_note": null,
        "description": null,
        "operator": null,
        "wheelchair": null,
        "name": null,
        "source:pkey": null,
        "image": null,
        "maintenance": null,
        "stateofrepair": null,
        "level": null,
        "drinking_water": null,
        "opening_hours": null,
        "dog": null,
        "level:ref": null,
        "manufacturer:wikidata": null,
        "operator:wikidata": null,
        "layer": null,
        "location": null,
        "wetap:dog": null,
        "wetap:credit": null,
        "addr:city": null,
        "addr:housenumber": null,
        "addr:postcode": null,
        "addr:street": null,
        "phone": null,
        "drinking_water:dog": null,
        "bubbler": null,
        "inscription": null,
        "fixme": null,
        "amenity_1": null,
        "survey:date": null
      },
      "geometry": {
        "type": "Point",
        "coordinates": [
          -122.1493243,
          37.807484
        ]
      }
    },
    {
      "id": "114",
      "type": "Feature",
      "properties": {
        "element": "node",
        "id": 4034055044,
        "amenity": "drinking_water",
        "check_date": null,
        "fountain": null,
        "source": null,
        "wetap:status": null,
        "wetap:statusnote": null,
        "access:dog": null,
        "access:horse": null,
        "bottle": null,
        "access": null,
        "covered": null,
        "fee": null,
        "indoor": null,
        "lit": null,
        "drinking_water:bottle": null,
        "drinking_water:bubbler": null,
        "wetap:taste": null,
        "condition": null,
        "note": null,
        "security_zone": null,
        "wetap:flow": null,
        "wetap:photo": null,
        "wetap:quality": null,
        "wetap:temperature": null,
        "wetap:status_note": null,
        "description": null,
        "operator": null,
        "wheelchair": null,
        "name": null,
        "source:pkey": null,
        "image": null,
        "maintenance": null,
        "stateofrepair": null,
        "level": null,
        "drinking_water": null,
        "opening_hours": null,
        "dog": null,
        "level:ref": null,
        "manufacturer:wikidata": null,
        "operator:wikidata": null,
        "layer": null,
        "location": null,
        "wetap:dog": null,
        "wetap:credit": null,
        "addr:city": null,
        "addr:housenumber": null,
        "addr:postcode": null,
        "addr:street": null,
        "phone": null,
        "drinking_water:dog": null,
        "bubbler": null,
        "inscription": null,
        "fixme": null,
        "amenity_1": null,
        "survey:date": null
      },
      "geometry": {
        "type": "Point",
        "coordinates": [
          -122.2883566,
          37.8763473
        ]
      }
    },
    {
      "id": "115",
      "type": "Feature",
      "properties": {
        "element": "node",
        "id": 4034120338,
        "amenity": "drinking_water",
        "check_date": null,
        "fountain": null,
        "source": null,
        "wetap:status": null,
        "wetap:statusnote": null,
        "access:dog": null,
        "access:horse": null,
        "bottle": null,
        "access": null,
        "covered": null,
        "fee": null,
        "indoor": null,
        "lit": null,
        "drinking_water:bottle": null,
        "drinking_water:bubbler": null,
        "wetap:taste": null,
        "condition": null,
        "note": null,
        "security_zone": null,
        "wetap:flow": null,
        "wetap:photo": null,
        "wetap:quality": null,
        "wetap:temperature": null,
        "wetap:status_note": null,
        "description": null,
        "operator": null,
        "wheelchair": null,
        "name": null,
        "source:pkey": null,
        "image": null,
        "maintenance": null,
        "stateofrepair": null,
        "level": null,
        "drinking_water": null,
        "opening_hours": null,
        "dog": null,
        "level:ref": null,
        "manufacturer:wikidata": null,
        "operator:wikidata": null,
        "layer": null,
        "location": null,
        "wetap:dog": null,
        "wetap:credit": null,
        "addr:city": null,
        "addr:housenumber": null,
        "addr:postcode": null,
        "addr:street": null,
        "phone": null,
        "drinking_water:dog": null,
        "bubbler": null,
        "inscription": null,
        "fixme": null,
        "amenity_1": null,
        "survey:date": null
      },
      "geometry": {
        "type": "Point",
        "coordinates": [
          -122.1737719,
          37.8126655
        ]
      }
    },
    {
      "id": "116",
      "type": "Feature",
      "properties": {
        "element": "node",
        "id": 4173937153,
        "amenity": "drinking_water",
        "check_date": null,
        "fountain": null,
        "source": null,
        "wetap:status": null,
        "wetap:statusnote": null,
        "access:dog": null,
        "access:horse": null,
        "bottle": null,
        "access": null,
        "covered": null,
        "fee": null,
        "indoor": null,
        "lit": null,
        "drinking_water:bottle": "no",
        "drinking_water:bubbler": null,
        "wetap:taste": null,
        "condition": null,
        "note": null,
        "security_zone": null,
        "wetap:flow": null,
        "wetap:photo": null,
        "wetap:quality": null,
        "wetap:temperature": null,
        "wetap:status_note": null,
        "description": null,
        "operator": null,
        "wheelchair": null,
        "name": null,
        "source:pkey": null,
        "image": null,
        "maintenance": null,
        "stateofrepair": null,
        "level": null,
        "drinking_water": null,
        "opening_hours": null,
        "dog": null,
        "level:ref": null,
        "manufacturer:wikidata": null,
        "operator:wikidata": null,
        "layer": null,
        "location": null,
        "wetap:dog": null,
        "wetap:credit": null,
        "addr:city": null,
        "addr:housenumber": null,
        "addr:postcode": null,
        "addr:street": null,
        "phone": null,
        "drinking_water:dog": null,
        "bubbler": null,
        "inscription": null,
        "fixme": null,
        "amenity_1": null,
        "survey:date": null
      },
      "geometry": {
        "type": "Point",
        "coordinates": [
          -122.2761577,
          37.8821792
        ]
      }
    },
    {
      "id": "117",
      "type": "Feature",
      "properties": {
        "element": "node",
        "id": 4174415106,
        "amenity": "drinking_water",
        "check_date": null,
        "fountain": null,
        "source": null,
        "wetap:status": null,
        "wetap:statusnote": null,
        "access:dog": null,
        "access:horse": null,
        "bottle": null,
        "access": null,
        "covered": null,
        "fee": null,
        "indoor": null,
        "lit": null,
        "drinking_water:bottle": null,
        "drinking_water:bubbler": null,
        "wetap:taste": null,
        "condition": null,
        "note": null,
        "security_zone": null,
        "wetap:flow": null,
        "wetap:photo": null,
        "wetap:quality": null,
        "wetap:temperature": null,
        "wetap:status_note": null,
        "description": null,
        "operator": null,
        "wheelchair": null,
        "name": null,
        "source:pkey": null,
        "image": null,
        "maintenance": null,
        "stateofrepair": null,
        "level": null,
        "drinking_water": null,
        "opening_hours": null,
        "dog": null,
        "level:ref": null,
        "manufacturer:wikidata": null,
        "operator:wikidata": null,
        "layer": null,
        "location": null,
        "wetap:dog": null,
        "wetap:credit": null,
        "addr:city": null,
        "addr:housenumber": null,
        "addr:postcode": null,
        "addr:street": null,
        "phone": null,
        "drinking_water:dog": null,
        "bubbler": null,
        "inscription": null,
        "fixme": null,
        "amenity_1": null,
        "survey:date": null
      },
      "geometry": {
        "type": "Point",
        "coordinates": [
          -122.1303134,
          37.7807131
        ]
      }
    },
    {
      "id": "118",
      "type": "Feature",
      "properties": {
        "element": "node",
        "id": 4216107778,
        "amenity": "drinking_water",
        "check_date": null,
        "fountain": null,
        "source": null,
        "wetap:status": null,
        "wetap:statusnote": null,
        "access:dog": null,
        "access:horse": null,
        "bottle": null,
        "access": null,
        "covered": null,
        "fee": "no",
        "indoor": null,
        "lit": null,
        "drinking_water:bottle": "yes",
        "drinking_water:bubbler": null,
        "wetap:taste": null,
        "condition": null,
        "note": null,
        "security_zone": null,
        "wetap:flow": null,
        "wetap:photo": null,
        "wetap:quality": null,
        "wetap:temperature": null,
        "wetap:status_note": null,
        "description": null,
        "operator": null,
        "wheelchair": "yes",
        "name": null,
        "source:pkey": null,
        "image": null,
        "maintenance": null,
        "stateofrepair": null,
        "level": null,
        "drinking_water": null,
        "opening_hours": null,
        "dog": null,
        "level:ref": null,
        "manufacturer:wikidata": null,
        "operator:wikidata": null,
        "layer": null,
        "location": null,
        "wetap:dog": null,
        "wetap:credit": null,
        "addr:city": null,
        "addr:housenumber": null,
        "addr:postcode": null,
        "addr:street": null,
        "phone": null,
        "drinking_water:dog": "yes",
        "bubbler": null,
        "inscription": null,
        "fixme": null,
        "amenity_1": null,
        "survey:date": null
      },
      "geometry": {
        "type": "Point",
        "coordinates": [
          -122.3027893,
          37.8661135
        ]
      }
    },
    {
      "id": "119",
      "type": "Feature",
      "properties": {
        "element": "node",
        "id": 4386435445,
        "amenity": "drinking_water",
        "check_date": null,
        "fountain": null,
        "source": null,
        "wetap:status": null,
        "wetap:statusnote": null,
        "access:dog": null,
        "access:horse": null,
        "bottle": null,
        "access": null,
        "covered": null,
        "fee": null,
        "indoor": null,
        "lit": null,
        "drinking_water:bottle": null,
        "drinking_water:bubbler": null,
        "wetap:taste": null,
        "condition": null,
        "note": null,
        "security_zone": null,
        "wetap:flow": null,
        "wetap:photo": null,
        "wetap:quality": null,
        "wetap:temperature": null,
        "wetap:status_note": null,
        "description": null,
        "operator": null,
        "wheelchair": null,
        "name": null,
        "source:pkey": null,
        "image": null,
        "maintenance": null,
        "stateofrepair": null,
        "level": null,
        "drinking_water": null,
        "opening_hours": null,
        "dog": null,
        "level:ref": null,
        "manufacturer:wikidata": null,
        "operator:wikidata": null,
        "layer": null,
        "location": null,
        "wetap:dog": null,
        "wetap:credit": null,
        "addr:city": null,
        "addr:housenumber": null,
        "addr:postcode": null,
        "addr:street": null,
        "phone": null,
        "drinking_water:dog": null,
        "bubbler": null,
        "inscription": null,
        "fixme": null,
        "amenity_1": null,
        "survey:date": null
      },
      "geometry": {
        "type": "Point",
        "coordinates": [
          -122.2108023,
          37.7416525
        ]
      }
    },
    {
      "id": "120",
      "type": "Feature",
      "properties": {
        "element": "node",
        "id": 4386435446,
        "amenity": "drinking_water",
        "check_date": null,
        "fountain": null,
        "source": null,
        "wetap:status": null,
        "wetap:statusnote": null,
        "access:dog": null,
        "access:horse": null,
        "bottle": null,
        "access": null,
        "covered": null,
        "fee": null,
        "indoor": null,
        "lit": null,
        "drinking_water:bottle": null,
        "drinking_water:bubbler": null,
        "wetap:taste": null,
        "condition": null,
        "note": null,
        "security_zone": null,
        "wetap:flow": null,
        "wetap:photo": null,
        "wetap:quality": null,
        "wetap:temperature": null,
        "wetap:status_note": null,
        "description": null,
        "operator": null,
        "wheelchair": null,
        "name": null,
        "source:pkey": null,
        "image": null,
        "maintenance": null,
        "stateofrepair": null,
        "level": null,
        "drinking_water": null,
        "opening_hours": null,
        "dog": null,
        "level:ref": null,
        "manufacturer:wikidata": null,
        "operator:wikidata": null,
        "layer": null,
        "location": null,
        "wetap:dog": null,
        "wetap:credit": null,
        "addr:city": null,
        "addr:housenumber": null,
        "addr:postcode": null,
        "addr:street": null,
        "phone": null,
        "drinking_water:dog": null,
        "bubbler": null,
        "inscription": null,
        "fixme": null,
        "amenity_1": null,
        "survey:date": null
      },
      "geometry": {
        "type": "Point",
        "coordinates": [
          -122.2093754,
          37.7420734
        ]
      }
    },
    {
      "id": "121",
      "type": "Feature",
      "properties": {
        "element": "node",
        "id": 4388475676,
        "amenity": "drinking_water",
        "check_date": "2024-07-12",
        "fountain": "bubbler",
        "source": null,
        "wetap:status": null,
        "wetap:statusnote": null,
        "access:dog": null,
        "access:horse": null,
        "bottle": null,
        "access": null,
        "covered": null,
        "fee": null,
        "indoor": null,
        "lit": null,
        "drinking_water:bottle": null,
        "drinking_water:bubbler": null,
        "wetap:taste": null,
        "condition": null,
        "note": null,
        "security_zone": null,
        "wetap:flow": null,
        "wetap:photo": null,
        "wetap:quality": null,
        "wetap:temperature": null,
        "wetap:status_note": null,
        "description": null,
        "operator": null,
        "wheelchair": null,
        "name": null,
        "source:pkey": null,
        "image": null,
        "maintenance": null,
        "stateofrepair": null,
        "level": null,
        "drinking_water": null,
        "opening_hours": null,
        "dog": null,
        "level:ref": null,
        "manufacturer:wikidata": null,
        "operator:wikidata": null,
        "layer": null,
        "location": null,
        "wetap:dog": null,
        "wetap:credit": null,
        "addr:city": null,
        "addr:housenumber": null,
        "addr:postcode": null,
        "addr:street": null,
        "phone": null,
        "drinking_water:dog": null,
        "bubbler": null,
        "inscription": null,
        "fixme": null,
        "amenity_1": null,
        "survey:date": null
      },
      "geometry": {
        "type": "Point",
        "coordinates": [
          -122.1775904,
          37.8038055
        ]
      }
    },
    {
      "id": "122",
      "type": "Feature",
      "properties": {
        "element": "node",
        "id": 4390393723,
        "amenity": "drinking_water",
        "check_date": null,
        "fountain": null,
        "source": null,
        "wetap:status": null,
        "wetap:statusnote": null,
        "access:dog": null,
        "access:horse": null,
        "bottle": null,
        "access": "permissive",
        "covered": null,
        "fee": null,
        "indoor": null,
        "lit": null,
        "drinking_water:bottle": null,
        "drinking_water:bubbler": null,
        "wetap:taste": null,
        "condition": null,
        "note": null,
        "security_zone": null,
        "wetap:flow": null,
        "wetap:photo": null,
        "wetap:quality": null,
        "wetap:temperature": null,
        "wetap:status_note": null,
        "description": "gated but often open",
        "operator": null,
        "wheelchair": null,
        "name": null,
        "source:pkey": null,
        "image": null,
        "maintenance": null,
        "stateofrepair": null,
        "level": null,
        "drinking_water": null,
        "opening_hours": null,
        "dog": null,
        "level:ref": null,
        "manufacturer:wikidata": null,
        "operator:wikidata": null,
        "layer": null,
        "location": null,
        "wetap:dog": null,
        "wetap:credit": null,
        "addr:city": null,
        "addr:housenumber": null,
        "addr:postcode": null,
        "addr:street": null,
        "phone": null,
        "drinking_water:dog": null,
        "bubbler": null,
        "inscription": null,
        "fixme": null,
        "amenity_1": null,
        "survey:date": null
      },
      "geometry": {
        "type": "Point",
        "coordinates": [
          -122.1629548,
          37.789633
        ]
      }
    },
    {
      "id": "123",
      "type": "Feature",
      "properties": {
        "element": "node",
        "id": 4392879233,
        "amenity": "drinking_water",
        "check_date": null,
        "fountain": null,
        "source": null,
        "wetap:status": null,
        "wetap:statusnote": null,
        "access:dog": null,
        "access:horse": null,
        "bottle": null,
        "access": null,
        "covered": null,
        "fee": null,
        "indoor": null,
        "lit": null,
        "drinking_water:bottle": null,
        "drinking_water:bubbler": null,
        "wetap:taste": null,
        "condition": null,
        "note": null,
        "security_zone": null,
        "wetap:flow": null,
        "wetap:photo": null,
        "wetap:quality": null,
        "wetap:temperature": null,
        "wetap:status_note": null,
        "description": "drinking fountain outside of corporation yard",
        "operator": null,
        "wheelchair": null,
        "name": null,
        "source:pkey": null,
        "image": null,
        "maintenance": null,
        "stateofrepair": null,
        "level": null,
        "drinking_water": null,
        "opening_hours": null,
        "dog": null,
        "level:ref": null,
        "manufacturer:wikidata": null,
        "operator:wikidata": null,
        "layer": null,
        "location": null,
        "wetap:dog": null,
        "wetap:credit": null,
        "addr:city": null,
        "addr:housenumber": null,
        "addr:postcode": null,
        "addr:street": null,
        "phone": null,
        "drinking_water:dog": null,
        "bubbler": null,
        "inscription": null,
        "fixme": null,
        "amenity_1": null,
        "survey:date": null
      },
      "geometry": {
        "type": "Point",
        "coordinates": [
          -122.3140626,
          37.8642324
        ]
      }
    },
    {
      "id": "124",
      "type": "Feature",
      "properties": {
        "element": "node",
        "id": 4392884076,
        "amenity": "drinking_water",
        "check_date": null,
        "fountain": null,
        "source": null,
        "wetap:status": null,
        "wetap:statusnote": null,
        "access:dog": null,
        "access:horse": null,
        "bottle": "yes",
        "access": null,
        "covered": null,
        "fee": null,
        "indoor": null,
        "lit": null,
        "drinking_water:bottle": null,
        "drinking_water:bubbler": null,
        "wetap:taste": null,
        "condition": null,
        "note": null,
        "security_zone": null,
        "wetap:flow": null,
        "wetap:photo": null,
        "wetap:quality": null,
        "wetap:temperature": null,
        "wetap:status_note": null,
        "description": "drinking fountain outside bathrooms",
        "operator": null,
        "wheelchair": null,
        "name": null,
        "source:pkey": null,
        "image": null,
        "maintenance": null,
        "stateofrepair": null,
        "level": null,
        "drinking_water": null,
        "opening_hours": null,
        "dog": "no",
        "level:ref": null,
        "manufacturer:wikidata": null,
        "operator:wikidata": null,
        "layer": null,
        "location": null,
        "wetap:dog": null,
        "wetap:credit": null,
        "addr:city": null,
        "addr:housenumber": null,
        "addr:postcode": null,
        "addr:street": null,
        "phone": null,
        "drinking_water:dog": null,
        "bubbler": null,
        "inscription": null,
        "fixme": null,
        "amenity_1": null,
        "survey:date": null
      },
      "geometry": {
        "type": "Point",
        "coordinates": [
          -122.315477,
          37.8631057
        ]
      }
    },
    {
      "id": "125",
      "type": "Feature",
      "properties": {
        "element": "node",
        "id": 4417081003,
        "amenity": "drinking_water",
        "check_date": null,
        "fountain": null,
        "source": null,
        "wetap:status": null,
        "wetap:statusnote": null,
        "access:dog": null,
        "access:horse": null,
        "bottle": "yes",
        "access": null,
        "covered": null,
        "fee": null,
        "indoor": null,
        "lit": null,
        "drinking_water:bottle": null,
        "drinking_water:bubbler": null,
        "wetap:taste": null,
        "condition": null,
        "note": null,
        "security_zone": null,
        "wetap:flow": null,
        "wetap:photo": null,
        "wetap:quality": null,
        "wetap:temperature": null,
        "wetap:status_note": null,
        "description": null,
        "operator": null,
        "wheelchair": null,
        "name": null,
        "source:pkey": null,
        "image": null,
        "maintenance": null,
        "stateofrepair": null,
        "level": null,
        "drinking_water": null,
        "opening_hours": null,
        "dog": null,
        "level:ref": null,
        "manufacturer:wikidata": null,
        "operator:wikidata": null,
        "layer": null,
        "location": null,
        "wetap:dog": null,
        "wetap:credit": null,
        "addr:city": null,
        "addr:housenumber": null,
        "addr:postcode": null,
        "addr:street": null,
        "phone": null,
        "drinking_water:dog": null,
        "bubbler": "no",
        "inscription": null,
        "fixme": null,
        "amenity_1": null,
        "survey:date": null
      },
      "geometry": {
        "type": "Point",
        "coordinates": [
          -122.1789827,
          37.8167588
        ]
      }
    },
    {
      "id": "126",
      "type": "Feature",
      "properties": {
        "element": "node",
        "id": 4419634946,
        "amenity": "drinking_water",
        "check_date": "2025-04-28",
        "fountain": "bubbler",
        "source": null,
        "wetap:status": null,
        "wetap:statusnote": null,
        "access:dog": null,
        "access:horse": null,
        "bottle": "no",
        "access": "permissive",
        "covered": "no",
        "fee": "no",
        "indoor": "no",
        "lit": "no",
        "drinking_water:bottle": null,
        "drinking_water:bubbler": null,
        "wetap:taste": null,
        "condition": null,
        "note": null,
        "security_zone": null,
        "wetap:flow": null,
        "wetap:photo": null,
        "wetap:quality": null,
        "wetap:temperature": null,
        "wetap:status_note": null,
        "description": "Class of 1952 bronze drinking fountain outside Durant Hall",
        "operator": null,
        "wheelchair": null,
        "name": null,
        "source:pkey": null,
        "image": null,
        "maintenance": null,
        "stateofrepair": null,
        "level": null,
        "drinking_water": null,
        "opening_hours": null,
        "dog": null,
        "level:ref": null,
        "manufacturer:wikidata": null,
        "operator:wikidata": null,
        "layer": null,
        "location": null,
        "wetap:dog": null,
        "wetap:credit": null,
        "addr:city": null,
        "addr:housenumber": null,
        "addr:postcode": null,
        "addr:street": null,
        "phone": null,
        "drinking_water:dog": null,
        "bubbler": null,
        "inscription": "Class of 1952",
        "fixme": null,
        "amenity_1": null,
        "survey:date": null
      },
      "geometry": {
        "type": "Point",
        "coordinates": [
          -122.2603553,
          37.8710643
        ]
      }
    },
    {
      "id": "127",
      "type": "Feature",
      "properties": {
        "element": "node",
        "id": 4420911401,
        "amenity": "drinking_water",
        "check_date": "2023-07-01",
        "fountain": null,
        "source": null,
        "wetap:status": null,
        "wetap:statusnote": null,
        "access:dog": null,
        "access:horse": null,
        "bottle": "yes",
        "access": null,
        "covered": null,
        "fee": "no",
        "indoor": null,
        "lit": null,
        "drinking_water:bottle": null,
        "drinking_water:bubbler": null,
        "wetap:taste": null,
        "condition": null,
        "note": null,
        "security_zone": null,
        "wetap:flow": null,
        "wetap:photo": null,
        "wetap:quality": null,
        "wetap:temperature": null,
        "wetap:status_note": null,
        "description": "water fountain at left end of giraffes",
        "operator": "Oakland Zoo",
        "wheelchair": null,
        "name": null,
        "source:pkey": null,
        "image": null,
        "maintenance": null,
        "stateofrepair": null,
        "level": null,
        "drinking_water": null,
        "opening_hours": null,
        "dog": null,
        "level:ref": null,
        "manufacturer:wikidata": null,
        "operator:wikidata": "Q2008530",
        "layer": null,
        "location": null,
        "wetap:dog": null,
        "wetap:credit": null,
        "addr:city": null,
        "addr:housenumber": null,
        "addr:postcode": null,
        "addr:street": null,
        "phone": null,
        "drinking_water:dog": null,
        "bubbler": null,
        "inscription": null,
        "fixme": null,
        "amenity_1": null,
        "survey:date": null
      },
      "geometry": {
        "type": "Point",
        "coordinates": [
          -122.146317,
          37.7503272
        ]
      }
    },
    {
      "id": "128",
      "type": "Feature",
      "properties": {
        "element": "node",
        "id": 4420916189,
        "amenity": "drinking_water",
        "check_date": null,
        "fountain": null,
        "source": null,
        "wetap:status": null,
        "wetap:statusnote": null,
        "access:dog": null,
        "access:horse": null,
        "bottle": null,
        "access": null,
        "covered": null,
        "fee": null,
        "indoor": null,
        "lit": null,
        "drinking_water:bottle": null,
        "drinking_water:bubbler": null,
        "wetap:taste": null,
        "condition": null,
        "note": null,
        "security_zone": null,
        "wetap:flow": null,
        "wetap:photo": null,
        "wetap:quality": null,
        "wetap:temperature": null,
        "wetap:status_note": null,
        "description": "water fountain by reptile house bathroom in oakland zoo",
        "operator": null,
        "wheelchair": null,
        "name": null,
        "source:pkey": null,
        "image": null,
        "maintenance": null,
        "stateofrepair": null,
        "level": null,
        "drinking_water": null,
        "opening_hours": null,
        "dog": null,
        "level:ref": null,
        "manufacturer:wikidata": null,
        "operator:wikidata": null,
        "layer": null,
        "location": null,
        "wetap:dog": null,
        "wetap:credit": null,
        "addr:city": null,
        "addr:housenumber": null,
        "addr:postcode": null,
        "addr:street": null,
        "phone": null,
        "drinking_water:dog": null,
        "bubbler": null,
        "inscription": null,
        "fixme": null,
        "amenity_1": null,
        "survey:date": null
      },
      "geometry": {
        "type": "Point",
        "coordinates": [
          -122.148054,
          37.7497642
        ]
      }
    },
    {
      "id": "129",
      "type": "Feature",
      "properties": {
        "element": "node",
        "id": 4438563292,
        "amenity": "drinking_water",
        "check_date": null,
        "fountain": null,
        "source": null,
        "wetap:status": null,
        "wetap:statusnote": null,
        "access:dog": null,
        "access:horse": null,
        "bottle": null,
        "access": null,
        "covered": null,
        "fee": null,
        "indoor": null,
        "lit": null,
        "drinking_water:bottle": null,
        "drinking_water:bubbler": null,
        "wetap:taste": null,
        "condition": null,
        "note": null,
        "security_zone": null,
        "wetap:flow": null,
        "wetap:photo": null,
        "wetap:quality": null,
        "wetap:temperature": null,
        "wetap:status_note": null,
        "description": null,
        "operator": null,
        "wheelchair": null,
        "name": null,
        "source:pkey": null,
        "image": null,
        "maintenance": null,
        "stateofrepair": null,
        "level": null,
        "drinking_water": null,
        "opening_hours": null,
        "dog": null,
        "level:ref": null,
        "manufacturer:wikidata": null,
        "operator:wikidata": null,
        "layer": null,
        "location": null,
        "wetap:dog": null,
        "wetap:credit": null,
        "addr:city": null,
        "addr:housenumber": null,
        "addr:postcode": null,
        "addr:street": null,
        "phone": null,
        "drinking_water:dog": null,
        "bubbler": null,
        "inscription": null,
        "fixme": null,
        "amenity_1": null,
        "survey:date": null
      },
      "geometry": {
        "type": "Point",
        "coordinates": [
          -122.2609814,
          37.8082239
        ]
      }
    },
    {
      "id": "130",
      "type": "Feature",
      "properties": {
        "element": "node",
        "id": 4519924498,
        "amenity": "drinking_water",
        "check_date": null,
        "fountain": null,
        "source": null,
        "wetap:status": null,
        "wetap:statusnote": null,
        "access:dog": null,
        "access:horse": null,
        "bottle": null,
        "access": null,
        "covered": null,
        "fee": null,
        "indoor": null,
        "lit": null,
        "drinking_water:bottle": null,
        "drinking_water:bubbler": null,
        "wetap:taste": null,
        "condition": null,
        "note": null,
        "security_zone": null,
        "wetap:flow": null,
        "wetap:photo": null,
        "wetap:quality": null,
        "wetap:temperature": null,
        "wetap:status_note": null,
        "description": null,
        "operator": null,
        "wheelchair": null,
        "name": null,
        "source:pkey": null,
        "image": null,
        "maintenance": null,
        "stateofrepair": null,
        "level": null,
        "drinking_water": null,
        "opening_hours": null,
        "dog": null,
        "level:ref": null,
        "manufacturer:wikidata": null,
        "operator:wikidata": null,
        "layer": null,
        "location": null,
        "wetap:dog": null,
        "wetap:credit": null,
        "addr:city": null,
        "addr:housenumber": null,
        "addr:postcode": null,
        "addr:street": null,
        "phone": null,
        "drinking_water:dog": null,
        "bubbler": null,
        "inscription": null,
        "fixme": null,
        "amenity_1": null,
        "survey:date": null
      },
      "geometry": {
        "type": "Point",
        "coordinates": [
          -122.2734186,
          37.7682513
        ]
      }
    },
    {
      "id": "131",
      "type": "Feature",
      "properties": {
        "element": "node",
        "id": 4519932512,
        "amenity": "drinking_water",
        "check_date": null,
        "fountain": null,
        "source": null,
        "wetap:status": null,
        "wetap:statusnote": null,
        "access:dog": null,
        "access:horse": null,
        "bottle": null,
        "access": null,
        "covered": null,
        "fee": null,
        "indoor": null,
        "lit": null,
        "drinking_water:bottle": null,
        "drinking_water:bubbler": null,
        "wetap:taste": null,
        "condition": null,
        "note": null,
        "security_zone": null,
        "wetap:flow": null,
        "wetap:photo": null,
        "wetap:quality": null,
        "wetap:temperature": null,
        "wetap:status_note": null,
        "description": null,
        "operator": null,
        "wheelchair": null,
        "name": null,
        "source:pkey": null,
        "image": null,
        "maintenance": null,
        "stateofrepair": null,
        "level": null,
        "drinking_water": null,
        "opening_hours": null,
        "dog": null,
        "level:ref": null,
        "manufacturer:wikidata": null,
        "operator:wikidata": null,
        "layer": null,
        "location": null,
        "wetap:dog": null,
        "wetap:credit": null,
        "addr:city": null,
        "addr:housenumber": null,
        "addr:postcode": null,
        "addr:street": null,
        "phone": null,
        "drinking_water:dog": null,
        "bubbler": null,
        "inscription": null,
        "fixme": null,
        "amenity_1": null,
        "survey:date": null
      },
      "geometry": {
        "type": "Point",
        "coordinates": [
          -122.2619047,
          37.7759573
        ]
      }
    },
    {
      "id": "132",
      "type": "Feature",
      "properties": {
        "element": "node",
        "id": 4595603792,
        "amenity": "drinking_water",
        "check_date": null,
        "fountain": null,
        "source": null,
        "wetap:status": null,
        "wetap:statusnote": null,
        "access:dog": null,
        "access:horse": null,
        "bottle": null,
        "access": null,
        "covered": null,
        "fee": null,
        "indoor": null,
        "lit": null,
        "drinking_water:bottle": null,
        "drinking_water:bubbler": null,
        "wetap:taste": null,
        "condition": null,
        "note": null,
        "security_zone": null,
        "wetap:flow": null,
        "wetap:photo": null,
        "wetap:quality": null,
        "wetap:temperature": null,
        "wetap:status_note": null,
        "description": null,
        "operator": null,
        "wheelchair": null,
        "name": null,
        "source:pkey": null,
        "image": null,
        "maintenance": null,
        "stateofrepair": null,
        "level": null,
        "drinking_water": null,
        "opening_hours": null,
        "dog": null,
        "level:ref": null,
        "manufacturer:wikidata": null,
        "operator:wikidata": null,
        "layer": null,
        "location": null,
        "wetap:dog": null,
        "wetap:credit": null,
        "addr:city": null,
        "addr:housenumber": null,
        "addr:postcode": null,
        "addr:street": null,
        "phone": null,
        "drinking_water:dog": null,
        "bubbler": null,
        "inscription": null,
        "fixme": null,
        "amenity_1": null,
        "survey:date": null
      },
      "geometry": {
        "type": "Point",
        "coordinates": [
          -122.2054024,
          37.7828344
        ]
      }
    },
    {
      "id": "133",
      "type": "Feature",
      "properties": {
        "element": "node",
        "id": 4743599283,
        "amenity": "drinking_water",
        "check_date": null,
        "fountain": null,
        "source": null,
        "wetap:status": null,
        "wetap:statusnote": null,
        "access:dog": null,
        "access:horse": null,
        "bottle": null,
        "access": null,
        "covered": null,
        "fee": null,
        "indoor": null,
        "lit": null,
        "drinking_water:bottle": null,
        "drinking_water:bubbler": null,
        "wetap:taste": null,
        "condition": null,
        "note": null,
        "security_zone": null,
        "wetap:flow": null,
        "wetap:photo": null,
        "wetap:quality": null,
        "wetap:temperature": null,
        "wetap:status_note": null,
        "description": null,
        "operator": null,
        "wheelchair": null,
        "name": null,
        "source:pkey": null,
        "image": null,
        "maintenance": null,
        "stateofrepair": null,
        "level": null,
        "drinking_water": null,
        "opening_hours": null,
        "dog": null,
        "level:ref": null,
        "manufacturer:wikidata": null,
        "operator:wikidata": null,
        "layer": null,
        "location": null,
        "wetap:dog": null,
        "wetap:credit": null,
        "addr:city": null,
        "addr:housenumber": null,
        "addr:postcode": null,
        "addr:street": null,
        "phone": null,
        "drinking_water:dog": null,
        "bubbler": null,
        "inscription": null,
        "fixme": null,
        "amenity_1": null,
        "survey:date": null
      },
      "geometry": {
        "type": "Point",
        "coordinates": [
          -122.2229447,
          37.7611362
        ]
      }
    },
    {
      "id": "134",
      "type": "Feature",
      "properties": {
        "element": "node",
        "id": 4743603408,
        "amenity": "drinking_water",
        "check_date": null,
        "fountain": null,
        "source": null,
        "wetap:status": null,
        "wetap:statusnote": null,
        "access:dog": null,
        "access:horse": null,
        "bottle": null,
        "access": null,
        "covered": null,
        "fee": null,
        "indoor": null,
        "lit": null,
        "drinking_water:bottle": null,
        "drinking_water:bubbler": null,
        "wetap:taste": null,
        "condition": null,
        "note": null,
        "security_zone": null,
        "wetap:flow": null,
        "wetap:photo": null,
        "wetap:quality": null,
        "wetap:temperature": null,
        "wetap:status_note": null,
        "description": null,
        "operator": null,
        "wheelchair": null,
        "name": null,
        "source:pkey": null,
        "image": null,
        "maintenance": null,
        "stateofrepair": null,
        "level": null,
        "drinking_water": null,
        "opening_hours": null,
        "dog": null,
        "level:ref": null,
        "manufacturer:wikidata": null,
        "operator:wikidata": null,
        "layer": null,
        "location": null,
        "wetap:dog": null,
        "wetap:credit": null,
        "addr:city": null,
        "addr:housenumber": null,
        "addr:postcode": null,
        "addr:street": null,
        "phone": null,
        "drinking_water:dog": null,
        "bubbler": null,
        "inscription": null,
        "fixme": null,
        "amenity_1": null,
        "survey:date": null
      },
      "geometry": {
        "type": "Point",
        "coordinates": [
          -122.2107052,
          37.7406038
        ]
      }
    },
    {
      "id": "135",
      "type": "Feature",
      "properties": {
        "element": "node",
        "id": 4743615961,
        "amenity": "drinking_water",
        "check_date": null,
        "fountain": null,
        "source": null,
        "wetap:status": null,
        "wetap:statusnote": null,
        "access:dog": null,
        "access:horse": null,
        "bottle": null,
        "access": null,
        "covered": null,
        "fee": null,
        "indoor": null,
        "lit": null,
        "drinking_water:bottle": null,
        "drinking_water:bubbler": null,
        "wetap:taste": null,
        "condition": null,
        "note": null,
        "security_zone": null,
        "wetap:flow": null,
        "wetap:photo": null,
        "wetap:quality": null,
        "wetap:temperature": null,
        "wetap:status_note": null,
        "description": null,
        "operator": null,
        "wheelchair": null,
        "name": null,
        "source:pkey": null,
        "image": null,
        "maintenance": null,
        "stateofrepair": null,
        "level": null,
        "drinking_water": null,
        "opening_hours": null,
        "dog": null,
        "level:ref": null,
        "manufacturer:wikidata": null,
        "operator:wikidata": null,
        "layer": null,
        "location": null,
        "wetap:dog": null,
        "wetap:credit": null,
        "addr:city": null,
        "addr:housenumber": null,
        "addr:postcode": null,
        "addr:street": null,
        "phone": null,
        "drinking_water:dog": null,
        "bubbler": null,
        "inscription": null,
        "fixme": null,
        "amenity_1": null,
        "survey:date": null
      },
      "geometry": {
        "type": "Point",
        "coordinates": [
          -122.2098767,
          37.7406349
        ]
      }
    },
    {
      "id": "136",
      "type": "Feature",
      "properties": {
        "element": "node",
        "id": 4743624950,
        "amenity": "drinking_water",
        "check_date": null,
        "fountain": null,
        "source": null,
        "wetap:status": null,
        "wetap:statusnote": null,
        "access:dog": null,
        "access:horse": null,
        "bottle": null,
        "access": null,
        "covered": null,
        "fee": null,
        "indoor": null,
        "lit": null,
        "drinking_water:bottle": null,
        "drinking_water:bubbler": null,
        "wetap:taste": null,
        "condition": null,
        "note": null,
        "security_zone": null,
        "wetap:flow": null,
        "wetap:photo": null,
        "wetap:quality": null,
        "wetap:temperature": null,
        "wetap:status_note": null,
        "description": null,
        "operator": null,
        "wheelchair": null,
        "name": null,
        "source:pkey": null,
        "image": null,
        "maintenance": null,
        "stateofrepair": null,
        "level": null,
        "drinking_water": null,
        "opening_hours": null,
        "dog": null,
        "level:ref": null,
        "manufacturer:wikidata": null,
        "operator:wikidata": null,
        "layer": null,
        "location": null,
        "wetap:dog": null,
        "wetap:credit": null,
        "addr:city": null,
        "addr:housenumber": null,
        "addr:postcode": null,
        "addr:street": null,
        "phone": null,
        "drinking_water:dog": null,
        "bubbler": null,
        "inscription": null,
        "fixme": null,
        "amenity_1": null,
        "survey:date": null
      },
      "geometry": {
        "type": "Point",
        "coordinates": [
          -122.2095083,
          37.741276
        ]
      }
    },
    {
      "id": "137",
      "type": "Feature",
      "properties": {
        "element": "node",
        "id": 4746050860,
        "amenity": "drinking_water",
        "check_date": null,
        "fountain": null,
        "source": null,
        "wetap:status": null,
        "wetap:statusnote": null,
        "access:dog": null,
        "access:horse": null,
        "bottle": null,
        "access": null,
        "covered": null,
        "fee": null,
        "indoor": null,
        "lit": null,
        "drinking_water:bottle": null,
        "drinking_water:bubbler": null,
        "wetap:taste": null,
        "condition": null,
        "note": null,
        "security_zone": null,
        "wetap:flow": null,
        "wetap:photo": null,
        "wetap:quality": null,
        "wetap:temperature": null,
        "wetap:status_note": null,
        "description": null,
        "operator": null,
        "wheelchair": null,
        "name": null,
        "source:pkey": null,
        "image": null,
        "maintenance": null,
        "stateofrepair": null,
        "level": null,
        "drinking_water": null,
        "opening_hours": null,
        "dog": null,
        "level:ref": null,
        "manufacturer:wikidata": null,
        "operator:wikidata": null,
        "layer": null,
        "location": null,
        "wetap:dog": null,
        "wetap:credit": null,
        "addr:city": null,
        "addr:housenumber": null,
        "addr:postcode": null,
        "addr:street": null,
        "phone": null,
        "drinking_water:dog": null,
        "bubbler": null,
        "inscription": null,
        "fixme": null,
        "amenity_1": null,
        "survey:date": null
      },
      "geometry": {
        "type": "Point",
        "coordinates": [
          -122.2110112,
          37.7378776
        ]
      }
    },
    {
      "id": "138",
      "type": "Feature",
      "properties": {
        "element": "node",
        "id": 4746051232,
        "amenity": "drinking_water",
        "check_date": null,
        "fountain": null,
        "source": null,
        "wetap:status": null,
        "wetap:statusnote": null,
        "access:dog": null,
        "access:horse": null,
        "bottle": null,
        "access": null,
        "covered": null,
        "fee": null,
        "indoor": null,
        "lit": null,
        "drinking_water:bottle": null,
        "drinking_water:bubbler": null,
        "wetap:taste": null,
        "condition": null,
        "note": null,
        "security_zone": null,
        "wetap:flow": null,
        "wetap:photo": null,
        "wetap:quality": null,
        "wetap:temperature": null,
        "wetap:status_note": null,
        "description": null,
        "operator": null,
        "wheelchair": null,
        "name": null,
        "source:pkey": null,
        "image": null,
        "maintenance": null,
        "stateofrepair": null,
        "level": null,
        "drinking_water": null,
        "opening_hours": null,
        "dog": null,
        "level:ref": null,
        "manufacturer:wikidata": null,
        "operator:wikidata": null,
        "layer": null,
        "location": null,
        "wetap:dog": null,
        "wetap:credit": null,
        "addr:city": null,
        "addr:housenumber": null,
        "addr:postcode": null,
        "addr:street": null,
        "phone": null,
        "drinking_water:dog": null,
        "bubbler": null,
        "inscription": null,
        "fixme": null,
        "amenity_1": null,
        "survey:date": null
      },
      "geometry": {
        "type": "Point",
        "coordinates": [
          -122.1929766,
          37.7094937
        ]
      }
    },
    {
      "id": "139",
      "type": "Feature",
      "properties": {
        "element": "node",
        "id": 4746054043,
        "amenity": "drinking_water",
        "check_date": null,
        "fountain": null,
        "source": null,
        "wetap:status": null,
        "wetap:statusnote": null,
        "access:dog": null,
        "access:horse": null,
        "bottle": null,
        "access": "customers",
        "covered": null,
        "fee": null,
        "indoor": null,
        "lit": null,
        "drinking_water:bottle": null,
        "drinking_water:bubbler": null,
        "wetap:taste": null,
        "condition": null,
        "note": null,
        "security_zone": null,
        "wetap:flow": null,
        "wetap:photo": null,
        "wetap:quality": null,
        "wetap:temperature": null,
        "wetap:status_note": null,
        "description": null,
        "operator": null,
        "wheelchair": null,
        "name": null,
        "source:pkey": null,
        "image": null,
        "maintenance": null,
        "stateofrepair": null,
        "level": null,
        "drinking_water": null,
        "opening_hours": null,
        "dog": null,
        "level:ref": null,
        "manufacturer:wikidata": null,
        "operator:wikidata": null,
        "layer": null,
        "location": null,
        "wetap:dog": null,
        "wetap:credit": null,
        "addr:city": null,
        "addr:housenumber": null,
        "addr:postcode": null,
        "addr:street": null,
        "phone": null,
        "drinking_water:dog": null,
        "bubbler": null,
        "inscription": null,
        "fixme": null,
        "amenity_1": null,
        "survey:date": null
      },
      "geometry": {
        "type": "Point",
        "coordinates": [
          -122.147639,
          37.7508085
        ]
      }
    },
    {
      "id": "140",
      "type": "Feature",
      "properties": {
        "element": "node",
        "id": 4746055268,
        "amenity": "drinking_water",
        "check_date": null,
        "fountain": null,
        "source": null,
        "wetap:status": null,
        "wetap:statusnote": null,
        "access:dog": null,
        "access:horse": null,
        "bottle": "yes",
        "access": "yes",
        "covered": "no",
        "fee": "no",
        "indoor": "no",
        "lit": "yes",
        "drinking_water:bottle": null,
        "drinking_water:bubbler": null,
        "wetap:taste": null,
        "condition": null,
        "note": null,
        "security_zone": null,
        "wetap:flow": null,
        "wetap:photo": null,
        "wetap:quality": null,
        "wetap:temperature": null,
        "wetap:status_note": null,
        "description": null,
        "operator": null,
        "wheelchair": "yes",
        "name": null,
        "source:pkey": null,
        "image": null,
        "maintenance": null,
        "stateofrepair": null,
        "level": null,
        "drinking_water": null,
        "opening_hours": null,
        "dog": null,
        "level:ref": null,
        "manufacturer:wikidata": null,
        "operator:wikidata": null,
        "layer": null,
        "location": null,
        "wetap:dog": null,
        "wetap:credit": null,
        "addr:city": null,
        "addr:housenumber": null,
        "addr:postcode": null,
        "addr:street": null,
        "phone": null,
        "drinking_water:dog": null,
        "bubbler": null,
        "inscription": null,
        "fixme": null,
        "amenity_1": null,
        "survey:date": null
      },
      "geometry": {
        "type": "Point",
        "coordinates": [
          -122.257235,
          37.7371764
        ]
      }
    },
    {
      "id": "141",
      "type": "Feature",
      "properties": {
        "element": "node",
        "id": 4755549071,
        "amenity": "drinking_water",
        "check_date": null,
        "fountain": null,
        "source": null,
        "wetap:status": null,
        "wetap:statusnote": null,
        "access:dog": null,
        "access:horse": null,
        "bottle": null,
        "access": null,
        "covered": null,
        "fee": null,
        "indoor": null,
        "lit": null,
        "drinking_water:bottle": null,
        "drinking_water:bubbler": null,
        "wetap:taste": null,
        "condition": null,
        "note": null,
        "security_zone": null,
        "wetap:flow": null,
        "wetap:photo": null,
        "wetap:quality": null,
        "wetap:temperature": null,
        "wetap:status_note": null,
        "description": null,
        "operator": null,
        "wheelchair": null,
        "name": null,
        "source:pkey": null,
        "image": null,
        "maintenance": null,
        "stateofrepair": null,
        "level": null,
        "drinking_water": null,
        "opening_hours": null,
        "dog": null,
        "level:ref": null,
        "manufacturer:wikidata": null,
        "operator:wikidata": null,
        "layer": null,
        "location": null,
        "wetap:dog": null,
        "wetap:credit": null,
        "addr:city": null,
        "addr:housenumber": null,
        "addr:postcode": null,
        "addr:street": null,
        "phone": null,
        "drinking_water:dog": null,
        "bubbler": null,
        "inscription": null,
        "fixme": "move to actual location",
        "amenity_1": null,
        "survey:date": null
      },
      "geometry": {
        "type": "Point",
        "coordinates": [
          -122.2120356,
          37.828941
        ]
      }
    },
    {
      "id": "142",
      "type": "Feature",
      "properties": {
        "element": "node",
        "id": 4755554656,
        "amenity": "drinking_water",
        "check_date": null,
        "fountain": "bubbler",
        "source": null,
        "wetap:status": null,
        "wetap:statusnote": null,
        "access:dog": null,
        "access:horse": null,
        "bottle": null,
        "access": "yes",
        "covered": null,
        "fee": null,
        "indoor": null,
        "lit": null,
        "drinking_water:bottle": null,
        "drinking_water:bubbler": null,
        "wetap:taste": null,
        "condition": null,
        "note": null,
        "security_zone": null,
        "wetap:flow": null,
        "wetap:photo": null,
        "wetap:quality": null,
        "wetap:temperature": null,
        "wetap:status_note": null,
        "description": null,
        "operator": null,
        "wheelchair": null,
        "name": null,
        "source:pkey": null,
        "image": null,
        "maintenance": null,
        "stateofrepair": null,
        "level": null,
        "drinking_water": null,
        "opening_hours": null,
        "dog": null,
        "level:ref": null,
        "manufacturer:wikidata": null,
        "operator:wikidata": null,
        "layer": null,
        "location": null,
        "wetap:dog": null,
        "wetap:credit": null,
        "addr:city": null,
        "addr:housenumber": null,
        "addr:postcode": null,
        "addr:street": null,
        "phone": null,
        "drinking_water:dog": null,
        "bubbler": null,
        "inscription": null,
        "fixme": null,
        "amenity_1": null,
        "survey:date": null
      },
      "geometry": {
        "type": "Point",
        "coordinates": [
          -122.2302734,
          37.8476052
        ]
      }
    },
    {
      "id": "143",
      "type": "Feature",
      "properties": {
        "element": "node",
        "id": 4755555136,
        "amenity": "drinking_water",
        "check_date": null,
        "fountain": null,
        "source": null,
        "wetap:status": null,
        "wetap:statusnote": null,
        "access:dog": null,
        "access:horse": null,
        "bottle": null,
        "access": null,
        "covered": null,
        "fee": null,
        "indoor": null,
        "lit": null,
        "drinking_water:bottle": null,
        "drinking_water:bubbler": null,
        "wetap:taste": null,
        "condition": null,
        "note": null,
        "security_zone": null,
        "wetap:flow": null,
        "wetap:photo": null,
        "wetap:quality": null,
        "wetap:temperature": null,
        "wetap:status_note": null,
        "description": null,
        "operator": null,
        "wheelchair": null,
        "name": null,
        "source:pkey": null,
        "image": null,
        "maintenance": null,
        "stateofrepair": null,
        "level": null,
        "drinking_water": null,
        "opening_hours": null,
        "dog": null,
        "level:ref": null,
        "manufacturer:wikidata": null,
        "operator:wikidata": null,
        "layer": null,
        "location": null,
        "wetap:dog": null,
        "wetap:credit": null,
        "addr:city": null,
        "addr:housenumber": null,
        "addr:postcode": null,
        "addr:street": null,
        "phone": null,
        "drinking_water:dog": null,
        "bubbler": null,
        "inscription": null,
        "fixme": null,
        "amenity_1": null,
        "survey:date": null
      },
      "geometry": {
        "type": "Point",
        "coordinates": [
          -122.2313454,
          37.848128
        ]
      }
    },
    {
      "id": "144",
      "type": "Feature",
      "properties": {
        "element": "node",
        "id": 4770487292,
        "amenity": "drinking_water",
        "check_date": null,
        "fountain": null,
        "source": null,
        "wetap:status": null,
        "wetap:statusnote": null,
        "access:dog": null,
        "access:horse": null,
        "bottle": null,
        "access": null,
        "covered": null,
        "fee": null,
        "indoor": null,
        "lit": null,
        "drinking_water:bottle": null,
        "drinking_water:bubbler": null,
        "wetap:taste": null,
        "condition": null,
        "note": null,
        "security_zone": null,
        "wetap:flow": null,
        "wetap:photo": null,
        "wetap:quality": null,
        "wetap:temperature": null,
        "wetap:status_note": null,
        "description": null,
        "operator": null,
        "wheelchair": null,
        "name": null,
        "source:pkey": null,
        "image": null,
        "maintenance": null,
        "stateofrepair": null,
        "level": null,
        "drinking_water": null,
        "opening_hours": null,
        "dog": null,
        "level:ref": null,
        "manufacturer:wikidata": null,
        "operator:wikidata": null,
        "layer": null,
        "location": null,
        "wetap:dog": null,
        "wetap:credit": null,
        "addr:city": null,
        "addr:housenumber": null,
        "addr:postcode": null,
        "addr:street": null,
        "phone": null,
        "drinking_water:dog": null,
        "bubbler": null,
        "inscription": null,
        "fixme": null,
        "amenity_1": null,
        "survey:date": null
      },
      "geometry": {
        "type": "Point",
        "coordinates": [
          -122.15242,
          37.8097308
        ]
      }
    },
    {
      "id": "145",
      "type": "Feature",
      "properties": {
        "element": "node",
        "id": 4770487293,
        "amenity": "drinking_water",
        "check_date": null,
        "fountain": null,
        "source": null,
        "wetap:status": null,
        "wetap:statusnote": null,
        "access:dog": null,
        "access:horse": null,
        "bottle": null,
        "access": null,
        "covered": null,
        "fee": null,
        "indoor": null,
        "lit": null,
        "drinking_water:bottle": null,
        "drinking_water:bubbler": null,
        "wetap:taste": null,
        "condition": null,
        "note": null,
        "security_zone": null,
        "wetap:flow": null,
        "wetap:photo": null,
        "wetap:quality": null,
        "wetap:temperature": null,
        "wetap:status_note": null,
        "description": null,
        "operator": null,
        "wheelchair": null,
        "name": null,
        "source:pkey": null,
        "image": null,
        "maintenance": null,
        "stateofrepair": null,
        "level": null,
        "drinking_water": null,
        "opening_hours": null,
        "dog": null,
        "level:ref": null,
        "manufacturer:wikidata": null,
        "operator:wikidata": null,
        "layer": null,
        "location": null,
        "wetap:dog": null,
        "wetap:credit": null,
        "addr:city": null,
        "addr:housenumber": null,
        "addr:postcode": null,
        "addr:street": null,
        "phone": null,
        "drinking_water:dog": null,
        "bubbler": null,
        "inscription": null,
        "fixme": null,
        "amenity_1": null,
        "survey:date": null
      },
      "geometry": {
        "type": "Point",
        "coordinates": [
          -122.1504296,
          37.8084287
        ]
      }
    },
    {
      "id": "146",
      "type": "Feature",
      "properties": {
        "element": "node",
        "id": 4835082249,
        "amenity": "drinking_water",
        "check_date": null,
        "fountain": null,
        "source": null,
        "wetap:status": null,
        "wetap:statusnote": null,
        "access:dog": null,
        "access:horse": null,
        "bottle": null,
        "access": null,
        "covered": null,
        "fee": null,
        "indoor": null,
        "lit": null,
        "drinking_water:bottle": null,
        "drinking_water:bubbler": null,
        "wetap:taste": null,
        "condition": null,
        "note": null,
        "security_zone": null,
        "wetap:flow": null,
        "wetap:photo": null,
        "wetap:quality": null,
        "wetap:temperature": null,
        "wetap:status_note": null,
        "description": null,
        "operator": null,
        "wheelchair": null,
        "name": null,
        "source:pkey": null,
        "image": null,
        "maintenance": null,
        "stateofrepair": null,
        "level": null,
        "drinking_water": null,
        "opening_hours": null,
        "dog": null,
        "level:ref": null,
        "manufacturer:wikidata": null,
        "operator:wikidata": null,
        "layer": null,
        "location": null,
        "wetap:dog": null,
        "wetap:credit": null,
        "addr:city": null,
        "addr:housenumber": null,
        "addr:postcode": null,
        "addr:street": null,
        "phone": null,
        "drinking_water:dog": null,
        "bubbler": null,
        "inscription": null,
        "fixme": null,
        "amenity_1": null,
        "survey:date": null
      },
      "geometry": {
        "type": "Point",
        "coordinates": [
          -122.2241624,
          37.8188781
        ]
      }
    },
    {
      "id": "147",
      "type": "Feature",
      "properties": {
        "element": "node",
        "id": 4866729163,
        "amenity": "drinking_water",
        "check_date": null,
        "fountain": null,
        "source": null,
        "wetap:status": null,
        "wetap:statusnote": null,
        "access:dog": null,
        "access:horse": null,
        "bottle": null,
        "access": null,
        "covered": null,
        "fee": null,
        "indoor": null,
        "lit": null,
        "drinking_water:bottle": null,
        "drinking_water:bubbler": null,
        "wetap:taste": null,
        "condition": null,
        "note": null,
        "security_zone": null,
        "wetap:flow": null,
        "wetap:photo": null,
        "wetap:quality": null,
        "wetap:temperature": null,
        "wetap:status_note": null,
        "description": null,
        "operator": null,
        "wheelchair": null,
        "name": null,
        "source:pkey": null,
        "image": null,
        "maintenance": null,
        "stateofrepair": null,
        "level": null,
        "drinking_water": null,
        "opening_hours": null,
        "dog": null,
        "level:ref": null,
        "manufacturer:wikidata": null,
        "operator:wikidata": null,
        "layer": null,
        "location": null,
        "wetap:dog": null,
        "wetap:credit": null,
        "addr:city": null,
        "addr:housenumber": null,
        "addr:postcode": null,
        "addr:street": null,
        "phone": null,
        "drinking_water:dog": null,
        "bubbler": null,
        "inscription": null,
        "fixme": null,
        "amenity_1": null,
        "survey:date": null
      },
      "geometry": {
        "type": "Point",
        "coordinates": [
          -122.2486007,
          37.8090583
        ]
      }
    },
    {
      "id": "148",
      "type": "Feature",
      "properties": {
        "element": "node",
        "id": 4882429730,
        "amenity": "drinking_water",
        "check_date": null,
        "fountain": null,
        "source": null,
        "wetap:status": null,
        "wetap:statusnote": null,
        "access:dog": null,
        "access:horse": null,
        "bottle": null,
        "access": null,
        "covered": null,
        "fee": null,
        "indoor": null,
        "lit": null,
        "drinking_water:bottle": null,
        "drinking_water:bubbler": null,
        "wetap:taste": null,
        "condition": null,
        "note": null,
        "security_zone": null,
        "wetap:flow": null,
        "wetap:photo": null,
        "wetap:quality": null,
        "wetap:temperature": null,
        "wetap:status_note": null,
        "description": null,
        "operator": null,
        "wheelchair": null,
        "name": null,
        "source:pkey": null,
        "image": null,
        "maintenance": null,
        "stateofrepair": null,
        "level": null,
        "drinking_water": null,
        "opening_hours": null,
        "dog": null,
        "level:ref": null,
        "manufacturer:wikidata": null,
        "operator:wikidata": null,
        "layer": null,
        "location": null,
        "wetap:dog": null,
        "wetap:credit": null,
        "addr:city": null,
        "addr:housenumber": null,
        "addr:postcode": null,
        "addr:street": null,
        "phone": null,
        "drinking_water:dog": null,
        "bubbler": null,
        "inscription": null,
        "fixme": null,
        "amenity_1": null,
        "survey:date": null
      },
      "geometry": {
        "type": "Point",
        "coordinates": [
          -122.2218923,
          37.7962131
        ]
      }
    },
    {
      "id": "149",
      "type": "Feature",
      "properties": {
        "element": "node",
        "id": 4909273081,
        "amenity": "drinking_water",
        "check_date": null,
        "fountain": null,
        "source": null,
        "wetap:status": null,
        "wetap:statusnote": null,
        "access:dog": null,
        "access:horse": null,
        "bottle": null,
        "access": null,
        "covered": null,
        "fee": null,
        "indoor": null,
        "lit": null,
        "drinking_water:bottle": null,
        "drinking_water:bubbler": null,
        "wetap:taste": null,
        "condition": null,
        "note": null,
        "security_zone": null,
        "wetap:flow": null,
        "wetap:photo": null,
        "wetap:quality": null,
        "wetap:temperature": null,
        "wetap:status_note": null,
        "description": null,
        "operator": null,
        "wheelchair": null,
        "name": null,
        "source:pkey": null,
        "image": null,
        "maintenance": null,
        "stateofrepair": null,
        "level": null,
        "drinking_water": null,
        "opening_hours": null,
        "dog": null,
        "level:ref": null,
        "manufacturer:wikidata": null,
        "operator:wikidata": null,
        "layer": null,
        "location": null,
        "wetap:dog": null,
        "wetap:credit": null,
        "addr:city": null,
        "addr:housenumber": null,
        "addr:postcode": null,
        "addr:street": null,
        "phone": null,
        "drinking_water:dog": null,
        "bubbler": null,
        "inscription": null,
        "fixme": null,
        "amenity_1": null,
        "survey:date": null
      },
      "geometry": {
        "type": "Point",
        "coordinates": [
          -122.2161267,
          37.8042019
        ]
      }
    },
    {
      "id": "150",
      "type": "Feature",
      "properties": {
        "element": "node",
        "id": 4913554037,
        "amenity": "drinking_water",
        "check_date": null,
        "fountain": null,
        "source": null,
        "wetap:status": null,
        "wetap:statusnote": null,
        "access:dog": null,
        "access:horse": null,
        "bottle": null,
        "access": null,
        "covered": null,
        "fee": null,
        "indoor": null,
        "lit": null,
        "drinking_water:bottle": null,
        "drinking_water:bubbler": null,
        "wetap:taste": null,
        "condition": null,
        "note": null,
        "security_zone": null,
        "wetap:flow": null,
        "wetap:photo": null,
        "wetap:quality": null,
        "wetap:temperature": null,
        "wetap:status_note": null,
        "description": null,
        "operator": null,
        "wheelchair": null,
        "name": null,
        "source:pkey": null,
        "image": null,
        "maintenance": null,
        "stateofrepair": null,
        "level": null,
        "drinking_water": null,
        "opening_hours": null,
        "dog": null,
        "level:ref": null,
        "manufacturer:wikidata": null,
        "operator:wikidata": null,
        "layer": null,
        "location": null,
        "wetap:dog": null,
        "wetap:credit": null,
        "addr:city": null,
        "addr:housenumber": null,
        "addr:postcode": null,
        "addr:street": null,
        "phone": null,
        "drinking_water:dog": null,
        "bubbler": null,
        "inscription": null,
        "fixme": null,
        "amenity_1": null,
        "survey:date": null
      },
      "geometry": {
        "type": "Point",
        "coordinates": [
          -122.2577718,
          37.8422952
        ]
      }
    },
    {
      "id": "151",
      "type": "Feature",
      "properties": {
        "element": "node",
        "id": 4913554038,
        "amenity": "drinking_water",
        "check_date": null,
        "fountain": null,
        "source": null,
        "wetap:status": null,
        "wetap:statusnote": null,
        "access:dog": null,
        "access:horse": null,
        "bottle": null,
        "access": null,
        "covered": null,
        "fee": null,
        "indoor": null,
        "lit": null,
        "drinking_water:bottle": null,
        "drinking_water:bubbler": null,
        "wetap:taste": null,
        "condition": null,
        "note": null,
        "security_zone": null,
        "wetap:flow": null,
        "wetap:photo": null,
        "wetap:quality": null,
        "wetap:temperature": null,
        "wetap:status_note": null,
        "description": null,
        "operator": null,
        "wheelchair": null,
        "name": null,
        "source:pkey": null,
        "image": null,
        "maintenance": null,
        "stateofrepair": null,
        "level": null,
        "drinking_water": null,
        "opening_hours": null,
        "dog": null,
        "level:ref": null,
        "manufacturer:wikidata": null,
        "operator:wikidata": null,
        "layer": null,
        "location": null,
        "wetap:dog": null,
        "wetap:credit": null,
        "addr:city": null,
        "addr:housenumber": null,
        "addr:postcode": null,
        "addr:street": null,
        "phone": null,
        "drinking_water:dog": null,
        "bubbler": null,
        "inscription": null,
        "fixme": null,
        "amenity_1": null,
        "survey:date": null
      },
      "geometry": {
        "type": "Point",
        "coordinates": [
          -122.2328291,
          37.8409016
        ]
      }
    },
    {
      "id": "152",
      "type": "Feature",
      "properties": {
        "element": "node",
        "id": 4913554039,
        "amenity": "drinking_water",
        "check_date": null,
        "fountain": null,
        "source": null,
        "wetap:status": null,
        "wetap:statusnote": null,
        "access:dog": null,
        "access:horse": null,
        "bottle": null,
        "access": null,
        "covered": null,
        "fee": null,
        "indoor": null,
        "lit": null,
        "drinking_water:bottle": null,
        "drinking_water:bubbler": null,
        "wetap:taste": null,
        "condition": null,
        "note": null,
        "security_zone": null,
        "wetap:flow": null,
        "wetap:photo": null,
        "wetap:quality": null,
        "wetap:temperature": null,
        "wetap:status_note": null,
        "description": null,
        "operator": null,
        "wheelchair": null,
        "name": null,
        "source:pkey": null,
        "image": null,
        "maintenance": null,
        "stateofrepair": null,
        "level": null,
        "drinking_water": null,
        "opening_hours": null,
        "dog": null,
        "level:ref": null,
        "manufacturer:wikidata": null,
        "operator:wikidata": null,
        "layer": null,
        "location": null,
        "wetap:dog": null,
        "wetap:credit": null,
        "addr:city": null,
        "addr:housenumber": null,
        "addr:postcode": null,
        "addr:street": null,
        "phone": null,
        "drinking_water:dog": null,
        "bubbler": null,
        "inscription": null,
        "fixme": null,
        "amenity_1": null,
        "survey:date": null
      },
      "geometry": {
        "type": "Point",
        "coordinates": [
          -122.2276163,
          37.8110592
        ]
      }
    },
    {
      "id": "153",
      "type": "Feature",
      "properties": {
        "element": "node",
        "id": 4913558172,
        "amenity": "drinking_water",
        "check_date": null,
        "fountain": null,
        "source": null,
        "wetap:status": null,
        "wetap:statusnote": null,
        "access:dog": null,
        "access:horse": null,
        "bottle": null,
        "access": null,
        "covered": null,
        "fee": null,
        "indoor": null,
        "lit": null,
        "drinking_water:bottle": null,
        "drinking_water:bubbler": null,
        "wetap:taste": null,
        "condition": null,
        "note": null,
        "security_zone": null,
        "wetap:flow": null,
        "wetap:photo": null,
        "wetap:quality": null,
        "wetap:temperature": null,
        "wetap:status_note": null,
        "description": null,
        "operator": null,
        "wheelchair": null,
        "name": null,
        "source:pkey": null,
        "image": null,
        "maintenance": null,
        "stateofrepair": null,
        "level": null,
        "drinking_water": null,
        "opening_hours": null,
        "dog": null,
        "level:ref": null,
        "manufacturer:wikidata": null,
        "operator:wikidata": null,
        "layer": null,
        "location": null,
        "wetap:dog": null,
        "wetap:credit": null,
        "addr:city": null,
        "addr:housenumber": null,
        "addr:postcode": null,
        "addr:street": null,
        "phone": null,
        "drinking_water:dog": null,
        "bubbler": null,
        "inscription": null,
        "fixme": null,
        "amenity_1": null,
        "survey:date": null
      },
      "geometry": {
        "type": "Point",
        "coordinates": [
          -122.2275458,
          37.8442366
        ]
      }
    },
    {
      "id": "154",
      "type": "Feature",
      "properties": {
        "element": "node",
        "id": 5004411144,
        "amenity": "drinking_water",
        "check_date": null,
        "fountain": null,
        "source": null,
        "wetap:status": null,
        "wetap:statusnote": null,
        "access:dog": null,
        "access:horse": null,
        "bottle": null,
        "access": null,
        "covered": null,
        "fee": null,
        "indoor": null,
        "lit": null,
        "drinking_water:bottle": null,
        "drinking_water:bubbler": null,
        "wetap:taste": null,
        "condition": null,
        "note": null,
        "security_zone": null,
        "wetap:flow": null,
        "wetap:photo": null,
        "wetap:quality": null,
        "wetap:temperature": null,
        "wetap:status_note": null,
        "description": null,
        "operator": null,
        "wheelchair": null,
        "name": null,
        "source:pkey": null,
        "image": null,
        "maintenance": null,
        "stateofrepair": null,
        "level": null,
        "drinking_water": null,
        "opening_hours": null,
        "dog": null,
        "level:ref": null,
        "manufacturer:wikidata": null,
        "operator:wikidata": null,
        "layer": null,
        "location": null,
        "wetap:dog": null,
        "wetap:credit": null,
        "addr:city": null,
        "addr:housenumber": null,
        "addr:postcode": null,
        "addr:street": null,
        "phone": null,
        "drinking_water:dog": null,
        "bubbler": null,
        "inscription": null,
        "fixme": null,
        "amenity_1": null,
        "survey:date": null
      },
      "geometry": {
        "type": "Point",
        "coordinates": [
          -122.128961,
          37.7722986
        ]
      }
    },
    {
      "id": "155",
      "type": "Feature",
      "properties": {
        "element": "node",
        "id": 5214737452,
        "amenity": "drinking_water",
        "check_date": null,
        "fountain": null,
        "source": null,
        "wetap:status": null,
        "wetap:statusnote": null,
        "access:dog": null,
        "access:horse": null,
        "bottle": null,
        "access": null,
        "covered": null,
        "fee": null,
        "indoor": null,
        "lit": null,
        "drinking_water:bottle": null,
        "drinking_water:bubbler": null,
        "wetap:taste": null,
        "condition": null,
        "note": null,
        "security_zone": null,
        "wetap:flow": null,
        "wetap:photo": null,
        "wetap:quality": null,
        "wetap:temperature": null,
        "wetap:status_note": null,
        "description": null,
        "operator": null,
        "wheelchair": null,
        "name": null,
        "source:pkey": null,
        "image": null,
        "maintenance": null,
        "stateofrepair": null,
        "level": null,
        "drinking_water": null,
        "opening_hours": null,
        "dog": null,
        "level:ref": null,
        "manufacturer:wikidata": null,
        "operator:wikidata": null,
        "layer": null,
        "location": null,
        "wetap:dog": null,
        "wetap:credit": null,
        "addr:city": null,
        "addr:housenumber": null,
        "addr:postcode": null,
        "addr:street": null,
        "phone": null,
        "drinking_water:dog": null,
        "bubbler": null,
        "inscription": null,
        "fixme": null,
        "amenity_1": null,
        "survey:date": null
      },
      "geometry": {
        "type": "Point",
        "coordinates": [
          -122.1779739,
          37.8143265
        ]
      }
    },
    {
      "id": "156",
      "type": "Feature",
      "properties": {
        "element": "node",
        "id": 5331647448,
        "amenity": "drinking_water",
        "check_date": null,
        "fountain": null,
        "source": null,
        "wetap:status": null,
        "wetap:statusnote": null,
        "access:dog": null,
        "access:horse": null,
        "bottle": null,
        "access": null,
        "covered": null,
        "fee": null,
        "indoor": null,
        "lit": null,
        "drinking_water:bottle": null,
        "drinking_water:bubbler": null,
        "wetap:taste": null,
        "condition": null,
        "note": null,
        "security_zone": null,
        "wetap:flow": null,
        "wetap:photo": null,
        "wetap:quality": null,
        "wetap:temperature": null,
        "wetap:status_note": null,
        "description": null,
        "operator": null,
        "wheelchair": null,
        "name": null,
        "source:pkey": null,
        "image": null,
        "maintenance": null,
        "stateofrepair": null,
        "level": null,
        "drinking_water": null,
        "opening_hours": null,
        "dog": null,
        "level:ref": null,
        "manufacturer:wikidata": null,
        "operator:wikidata": null,
        "layer": null,
        "location": null,
        "wetap:dog": null,
        "wetap:credit": null,
        "addr:city": null,
        "addr:housenumber": null,
        "addr:postcode": null,
        "addr:street": null,
        "phone": null,
        "drinking_water:dog": null,
        "bubbler": null,
        "inscription": null,
        "fixme": null,
        "amenity_1": null,
        "survey:date": null
      },
      "geometry": {
        "type": "Point",
        "coordinates": [
          -122.2791209,
          37.7956103
        ]
      }
    },
    {
      "id": "157",
      "type": "Feature",
      "properties": {
        "element": "node",
        "id": 5331653359,
        "amenity": "drinking_water",
        "check_date": null,
        "fountain": null,
        "source": null,
        "wetap:status": null,
        "wetap:statusnote": null,
        "access:dog": null,
        "access:horse": null,
        "bottle": null,
        "access": null,
        "covered": null,
        "fee": null,
        "indoor": null,
        "lit": null,
        "drinking_water:bottle": null,
        "drinking_water:bubbler": null,
        "wetap:taste": null,
        "condition": null,
        "note": null,
        "security_zone": null,
        "wetap:flow": null,
        "wetap:photo": null,
        "wetap:quality": null,
        "wetap:temperature": null,
        "wetap:status_note": null,
        "description": null,
        "operator": null,
        "wheelchair": null,
        "name": null,
        "source:pkey": null,
        "image": null,
        "maintenance": null,
        "stateofrepair": null,
        "level": null,
        "drinking_water": null,
        "opening_hours": null,
        "dog": null,
        "level:ref": null,
        "manufacturer:wikidata": null,
        "operator:wikidata": null,
        "layer": null,
        "location": null,
        "wetap:dog": null,
        "wetap:credit": null,
        "addr:city": null,
        "addr:housenumber": null,
        "addr:postcode": null,
        "addr:street": null,
        "phone": null,
        "drinking_water:dog": null,
        "bubbler": null,
        "inscription": null,
        "fixme": null,
        "amenity_1": null,
        "survey:date": null
      },
      "geometry": {
        "type": "Point",
        "coordinates": [
          -122.2760918,
          37.7943107
        ]
      }
    },
    {
      "id": "158",
      "type": "Feature",
      "properties": {
        "element": "node",
        "id": 5755135096,
        "amenity": "drinking_water",
        "check_date": null,
        "fountain": "bubbler",
        "source": null,
        "wetap:status": null,
        "wetap:statusnote": null,
        "access:dog": null,
        "access:horse": null,
        "bottle": null,
        "access": null,
        "covered": null,
        "fee": null,
        "indoor": null,
        "lit": null,
        "drinking_water:bottle": null,
        "drinking_water:bubbler": null,
        "wetap:taste": null,
        "condition": null,
        "note": null,
        "security_zone": null,
        "wetap:flow": null,
        "wetap:photo": null,
        "wetap:quality": null,
        "wetap:temperature": null,
        "wetap:status_note": null,
        "description": null,
        "operator": null,
        "wheelchair": null,
        "name": null,
        "source:pkey": null,
        "image": null,
        "maintenance": null,
        "stateofrepair": null,
        "level": null,
        "drinking_water": null,
        "opening_hours": null,
        "dog": null,
        "level:ref": null,
        "manufacturer:wikidata": null,
        "operator:wikidata": null,
        "layer": null,
        "location": null,
        "wetap:dog": null,
        "wetap:credit": null,
        "addr:city": null,
        "addr:housenumber": null,
        "addr:postcode": null,
        "addr:street": null,
        "phone": null,
        "drinking_water:dog": null,
        "bubbler": null,
        "inscription": null,
        "fixme": null,
        "amenity_1": null,
        "survey:date": null
      },
      "geometry": {
        "type": "Point",
        "coordinates": [
          -122.2593377,
          37.8073441
        ]
      }
    },
    {
      "id": "159",
      "type": "Feature",
      "properties": {
        "element": "node",
        "id": 5755139235,
        "amenity": "drinking_water",
        "check_date": null,
        "fountain": "bubbler",
        "source": null,
        "wetap:status": null,
        "wetap:statusnote": null,
        "access:dog": null,
        "access:horse": null,
        "bottle": null,
        "access": null,
        "covered": null,
        "fee": null,
        "indoor": null,
        "lit": null,
        "drinking_water:bottle": null,
        "drinking_water:bubbler": null,
        "wetap:taste": null,
        "condition": null,
        "note": null,
        "security_zone": null,
        "wetap:flow": null,
        "wetap:photo": null,
        "wetap:quality": null,
        "wetap:temperature": null,
        "wetap:status_note": null,
        "description": null,
        "operator": null,
        "wheelchair": null,
        "name": null,
        "source:pkey": null,
        "image": null,
        "maintenance": null,
        "stateofrepair": null,
        "level": null,
        "drinking_water": null,
        "opening_hours": null,
        "dog": null,
        "level:ref": null,
        "manufacturer:wikidata": null,
        "operator:wikidata": null,
        "layer": null,
        "location": null,
        "wetap:dog": null,
        "wetap:credit": null,
        "addr:city": null,
        "addr:housenumber": null,
        "addr:postcode": null,
        "addr:street": null,
        "phone": null,
        "drinking_water:dog": null,
        "bubbler": null,
        "inscription": null,
        "fixme": null,
        "amenity_1": null,
        "survey:date": null
      },
      "geometry": {
        "type": "Point",
        "coordinates": [
          -122.259248,
          37.807656
        ]
      }
    },
    {
      "id": "160",
      "type": "Feature",
      "properties": {
        "element": "node",
        "id": 5775968465,
        "amenity": "drinking_water",
        "check_date": null,
        "fountain": null,
        "source": null,
        "wetap:status": null,
        "wetap:statusnote": null,
        "access:dog": null,
        "access:horse": null,
        "bottle": null,
        "access": null,
        "covered": null,
        "fee": null,
        "indoor": null,
        "lit": null,
        "drinking_water:bottle": null,
        "drinking_water:bubbler": null,
        "wetap:taste": null,
        "condition": null,
        "note": null,
        "security_zone": null,
        "wetap:flow": null,
        "wetap:photo": null,
        "wetap:quality": null,
        "wetap:temperature": null,
        "wetap:status_note": null,
        "description": null,
        "operator": null,
        "wheelchair": null,
        "name": null,
        "source:pkey": null,
        "image": null,
        "maintenance": null,
        "stateofrepair": null,
        "level": null,
        "drinking_water": null,
        "opening_hours": null,
        "dog": null,
        "level:ref": null,
        "manufacturer:wikidata": null,
        "operator:wikidata": null,
        "layer": null,
        "location": null,
        "wetap:dog": null,
        "wetap:credit": null,
        "addr:city": null,
        "addr:housenumber": null,
        "addr:postcode": null,
        "addr:street": null,
        "phone": null,
        "drinking_water:dog": null,
        "bubbler": null,
        "inscription": null,
        "fixme": null,
        "amenity_1": null,
        "survey:date": null
      },
      "geometry": {
        "type": "Point",
        "coordinates": [
          -122.2963728,
          37.8518929
        ]
      }
    },
    {
      "id": "161",
      "type": "Feature",
      "properties": {
        "element": "node",
        "id": 5833608186,
        "amenity": "drinking_water",
        "check_date": null,
        "fountain": null,
        "source": null,
        "wetap:status": null,
        "wetap:statusnote": null,
        "access:dog": null,
        "access:horse": null,
        "bottle": null,
        "access": "yes",
        "covered": null,
        "fee": null,
        "indoor": null,
        "lit": null,
        "drinking_water:bottle": null,
        "drinking_water:bubbler": null,
        "wetap:taste": null,
        "condition": null,
        "note": null,
        "security_zone": null,
        "wetap:flow": null,
        "wetap:photo": null,
        "wetap:quality": null,
        "wetap:temperature": null,
        "wetap:status_note": null,
        "description": null,
        "operator": null,
        "wheelchair": "yes",
        "name": null,
        "source:pkey": null,
        "image": null,
        "maintenance": null,
        "stateofrepair": null,
        "level": null,
        "drinking_water": null,
        "opening_hours": "Mo-Su 06:00-22:00",
        "dog": null,
        "level:ref": null,
        "manufacturer:wikidata": null,
        "operator:wikidata": null,
        "layer": null,
        "location": null,
        "wetap:dog": null,
        "wetap:credit": null,
        "addr:city": null,
        "addr:housenumber": null,
        "addr:postcode": null,
        "addr:street": null,
        "phone": null,
        "drinking_water:dog": null,
        "bubbler": null,
        "inscription": null,
        "fixme": null,
        "amenity_1": null,
        "survey:date": null
      },
      "geometry": {
        "type": "Point",
        "coordinates": [
          -122.250692,
          37.8841276
        ]
      }
    },
    {
      "id": "162",
      "type": "Feature",
      "properties": {
        "element": "node",
        "id": 5874407346,
        "amenity": "drinking_water",
        "check_date": null,
        "fountain": null,
        "source": null,
        "wetap:status": null,
        "wetap:statusnote": null,
        "access:dog": null,
        "access:horse": null,
        "bottle": null,
        "access": null,
        "covered": null,
        "fee": null,
        "indoor": null,
        "lit": null,
        "drinking_water:bottle": null,
        "drinking_water:bubbler": null,
        "wetap:taste": null,
        "condition": null,
        "note": null,
        "security_zone": null,
        "wetap:flow": null,
        "wetap:photo": null,
        "wetap:quality": null,
        "wetap:temperature": null,
        "wetap:status_note": null,
        "description": null,
        "operator": null,
        "wheelchair": null,
        "name": null,
        "source:pkey": null,
        "image": null,
        "maintenance": null,
        "stateofrepair": null,
        "level": null,
        "drinking_water": null,
        "opening_hours": null,
        "dog": null,
        "level:ref": null,
        "manufacturer:wikidata": null,
        "operator:wikidata": null,
        "layer": null,
        "location": null,
        "wetap:dog": null,
        "wetap:credit": null,
        "addr:city": null,
        "addr:housenumber": null,
        "addr:postcode": null,
        "addr:street": null,
        "phone": null,
        "drinking_water:dog": null,
        "bubbler": null,
        "inscription": null,
        "fixme": null,
        "amenity_1": null,
        "survey:date": null
      },
      "geometry": {
        "type": "Point",
        "coordinates": [
          -122.2152939,
          37.8041913
        ]
      }
    },
    {
      "id": "163",
      "type": "Feature",
      "properties": {
        "element": "node",
        "id": 5874445579,
        "amenity": "drinking_water",
        "check_date": null,
        "fountain": null,
        "source": null,
        "wetap:status": null,
        "wetap:statusnote": null,
        "access:dog": null,
        "access:horse": null,
        "bottle": null,
        "access": null,
        "covered": null,
        "fee": null,
        "indoor": null,
        "lit": null,
        "drinking_water:bottle": null,
        "drinking_water:bubbler": null,
        "wetap:taste": null,
        "condition": null,
        "note": null,
        "security_zone": null,
        "wetap:flow": null,
        "wetap:photo": null,
        "wetap:quality": null,
        "wetap:temperature": null,
        "wetap:status_note": null,
        "description": null,
        "operator": null,
        "wheelchair": null,
        "name": null,
        "source:pkey": null,
        "image": null,
        "maintenance": null,
        "stateofrepair": null,
        "level": null,
        "drinking_water": null,
        "opening_hours": null,
        "dog": null,
        "level:ref": null,
        "manufacturer:wikidata": null,
        "operator:wikidata": null,
        "layer": null,
        "location": null,
        "wetap:dog": null,
        "wetap:credit": null,
        "addr:city": null,
        "addr:housenumber": null,
        "addr:postcode": null,
        "addr:street": null,
        "phone": null,
        "drinking_water:dog": null,
        "bubbler": null,
        "inscription": null,
        "fixme": null,
        "amenity_1": null,
        "survey:date": null
      },
      "geometry": {
        "type": "Point",
        "coordinates": [
          -122.216018,
          37.8046886
        ]
      }
    },
    {
      "id": "164",
      "type": "Feature",
      "properties": {
        "element": "node",
        "id": 6612432084,
        "amenity": "drinking_water",
        "check_date": null,
        "fountain": null,
        "source": null,
        "wetap:status": null,
        "wetap:statusnote": null,
        "access:dog": null,
        "access:horse": null,
        "bottle": "no",
        "access": "permissive",
        "covered": "no",
        "fee": "no",
        "indoor": "no",
        "lit": "yes",
        "drinking_water:bottle": null,
        "drinking_water:bubbler": null,
        "wetap:taste": null,
        "condition": null,
        "note": null,
        "security_zone": null,
        "wetap:flow": null,
        "wetap:photo": null,
        "wetap:quality": null,
        "wetap:temperature": null,
        "wetap:status_note": null,
        "description": "Gift from the class of 1940",
        "operator": null,
        "wheelchair": null,
        "name": null,
        "source:pkey": null,
        "image": null,
        "maintenance": null,
        "stateofrepair": null,
        "level": null,
        "drinking_water": null,
        "opening_hours": null,
        "dog": null,
        "level:ref": null,
        "manufacturer:wikidata": null,
        "operator:wikidata": null,
        "layer": null,
        "location": null,
        "wetap:dog": null,
        "wetap:credit": null,
        "addr:city": null,
        "addr:housenumber": null,
        "addr:postcode": null,
        "addr:street": null,
        "phone": null,
        "drinking_water:dog": null,
        "bubbler": null,
        "inscription": "A gift from the class of 1940",
        "fixme": null,
        "amenity_1": null,
        "survey:date": null
      },
      "geometry": {
        "type": "Point",
        "coordinates": [
          -122.2589588,
          37.8716886
        ]
      }
    },
    {
      "id": "165",
      "type": "Feature",
      "properties": {
        "element": "node",
        "id": 6699602185,
        "amenity": "drinking_water",
        "check_date": null,
        "fountain": null,
        "source": null,
        "wetap:status": null,
        "wetap:statusnote": null,
        "access:dog": null,
        "access:horse": null,
        "bottle": null,
        "access": null,
        "covered": null,
        "fee": null,
        "indoor": null,
        "lit": null,
        "drinking_water:bottle": null,
        "drinking_water:bubbler": null,
        "wetap:taste": null,
        "condition": null,
        "note": null,
        "security_zone": null,
        "wetap:flow": null,
        "wetap:photo": null,
        "wetap:quality": null,
        "wetap:temperature": null,
        "wetap:status_note": null,
        "description": null,
        "operator": "Oakland Zoo",
        "wheelchair": null,
        "name": null,
        "source:pkey": null,
        "image": null,
        "maintenance": null,
        "stateofrepair": null,
        "level": null,
        "drinking_water": null,
        "opening_hours": null,
        "dog": null,
        "level:ref": null,
        "manufacturer:wikidata": null,
        "operator:wikidata": "Q2008530",
        "layer": null,
        "location": null,
        "wetap:dog": null,
        "wetap:credit": null,
        "addr:city": null,
        "addr:housenumber": null,
        "addr:postcode": null,
        "addr:street": null,
        "phone": null,
        "drinking_water:dog": null,
        "bubbler": null,
        "inscription": null,
        "fixme": "resurvey",
        "amenity_1": null,
        "survey:date": null
      },
      "geometry": {
        "type": "Point",
        "coordinates": [
          -122.138827,
          37.7518375
        ]
      }
    },
    {
      "id": "166",
      "type": "Feature",
      "properties": {
        "element": "node",
        "id": 6739899046,
        "amenity": "drinking_water",
        "check_date": null,
        "fountain": null,
        "source": null,
        "wetap:status": null,
        "wetap:statusnote": null,
        "access:dog": null,
        "access:horse": null,
        "bottle": null,
        "access": null,
        "covered": null,
        "fee": null,
        "indoor": null,
        "lit": null,
        "drinking_water:bottle": null,
        "drinking_water:bubbler": null,
        "wetap:taste": null,
        "condition": null,
        "note": null,
        "security_zone": null,
        "wetap:flow": null,
        "wetap:photo": null,
        "wetap:quality": null,
        "wetap:temperature": null,
        "wetap:status_note": null,
        "description": null,
        "operator": null,
        "wheelchair": null,
        "name": null,
        "source:pkey": null,
        "image": null,
        "maintenance": null,
        "stateofrepair": null,
        "level": null,
        "drinking_water": null,
        "opening_hours": null,
        "dog": null,
        "level:ref": null,
        "manufacturer:wikidata": null,
        "operator:wikidata": null,
        "layer": null,
        "location": null,
        "wetap:dog": null,
        "wetap:credit": null,
        "addr:city": null,
        "addr:housenumber": null,
        "addr:postcode": null,
        "addr:street": null,
        "phone": null,
        "drinking_water:dog": null,
        "bubbler": null,
        "inscription": null,
        "fixme": null,
        "amenity_1": null,
        "survey:date": null
      },
      "geometry": {
        "type": "Point",
        "coordinates": [
          -122.2760676,
          37.7695065
        ]
      }
    },
    {
      "id": "167",
      "type": "Feature",
      "properties": {
        "element": "node",
        "id": 6740119589,
        "amenity": "drinking_water",
        "check_date": null,
        "fountain": null,
        "source": null,
        "wetap:status": null,
        "wetap:statusnote": null,
        "access:dog": null,
        "access:horse": null,
        "bottle": null,
        "access": null,
        "covered": null,
        "fee": null,
        "indoor": null,
        "lit": null,
        "drinking_water:bottle": null,
        "drinking_water:bubbler": null,
        "wetap:taste": null,
        "condition": null,
        "note": null,
        "security_zone": null,
        "wetap:flow": null,
        "wetap:photo": null,
        "wetap:quality": null,
        "wetap:temperature": null,
        "wetap:status_note": null,
        "description": null,
        "operator": null,
        "wheelchair": null,
        "name": null,
        "source:pkey": null,
        "image": null,
        "maintenance": null,
        "stateofrepair": null,
        "level": null,
        "drinking_water": null,
        "opening_hours": null,
        "dog": null,
        "level:ref": null,
        "manufacturer:wikidata": null,
        "operator:wikidata": null,
        "layer": null,
        "location": null,
        "wetap:dog": null,
        "wetap:credit": null,
        "addr:city": null,
        "addr:housenumber": null,
        "addr:postcode": null,
        "addr:street": null,
        "phone": null,
        "drinking_water:dog": null,
        "bubbler": null,
        "inscription": null,
        "fixme": null,
        "amenity_1": null,
        "survey:date": null
      },
      "geometry": {
        "type": "Point",
        "coordinates": [
          -122.1888207,
          37.8837601
        ]
      }
    },
    {
      "id": "168",
      "type": "Feature",
      "properties": {
        "element": "node",
        "id": 7070861910,
        "amenity": "drinking_water",
        "check_date": null,
        "fountain": null,
        "source": null,
        "wetap:status": null,
        "wetap:statusnote": null,
        "access:dog": null,
        "access:horse": null,
        "bottle": null,
        "access": null,
        "covered": null,
        "fee": null,
        "indoor": null,
        "lit": null,
        "drinking_water:bottle": null,
        "drinking_water:bubbler": null,
        "wetap:taste": null,
        "condition": null,
        "note": null,
        "security_zone": null,
        "wetap:flow": null,
        "wetap:photo": null,
        "wetap:quality": null,
        "wetap:temperature": null,
        "wetap:status_note": null,
        "description": null,
        "operator": null,
        "wheelchair": null,
        "name": null,
        "source:pkey": null,
        "image": null,
        "maintenance": null,
        "stateofrepair": null,
        "level": null,
        "drinking_water": null,
        "opening_hours": null,
        "dog": null,
        "level:ref": null,
        "manufacturer:wikidata": null,
        "operator:wikidata": null,
        "layer": null,
        "location": null,
        "wetap:dog": null,
        "wetap:credit": null,
        "addr:city": null,
        "addr:housenumber": null,
        "addr:postcode": null,
        "addr:street": null,
        "phone": null,
        "drinking_water:dog": null,
        "bubbler": null,
        "inscription": null,
        "fixme": null,
        "amenity_1": null,
        "survey:date": null
      },
      "geometry": {
        "type": "Point",
        "coordinates": [
          -122.2505539,
          37.8839526
        ]
      }
    },
    {
      "id": "169",
      "type": "Feature",
      "properties": {
        "element": "node",
        "id": 7099975867,
        "amenity": "drinking_water",
        "check_date": null,
        "fountain": null,
        "source": null,
        "wetap:status": null,
        "wetap:statusnote": null,
        "access:dog": null,
        "access:horse": null,
        "bottle": null,
        "access": null,
        "covered": null,
        "fee": null,
        "indoor": null,
        "lit": null,
        "drinking_water:bottle": null,
        "drinking_water:bubbler": null,
        "wetap:taste": null,
        "condition": null,
        "note": null,
        "security_zone": null,
        "wetap:flow": null,
        "wetap:photo": null,
        "wetap:quality": null,
        "wetap:temperature": null,
        "wetap:status_note": null,
        "description": null,
        "operator": null,
        "wheelchair": null,
        "name": null,
        "source:pkey": null,
        "image": null,
        "maintenance": null,
        "stateofrepair": null,
        "level": null,
        "drinking_water": null,
        "opening_hours": null,
        "dog": null,
        "level:ref": null,
        "manufacturer:wikidata": null,
        "operator:wikidata": null,
        "layer": null,
        "location": null,
        "wetap:dog": null,
        "wetap:credit": null,
        "addr:city": null,
        "addr:housenumber": null,
        "addr:postcode": null,
        "addr:street": null,
        "phone": null,
        "drinking_water:dog": null,
        "bubbler": null,
        "inscription": null,
        "fixme": null,
        "amenity_1": null,
        "survey:date": null
      },
      "geometry": {
        "type": "Point",
        "coordinates": [
          -122.2569897,
          37.8714241
        ]
      }
    },
    {
      "id": "170",
      "type": "Feature",
      "properties": {
        "element": "node",
        "id": 7326684084,
        "amenity": "drinking_water",
        "check_date": null,
        "fountain": "bubbler",
        "source": null,
        "wetap:status": null,
        "wetap:statusnote": null,
        "access:dog": null,
        "access:horse": null,
        "bottle": null,
        "access": null,
        "covered": null,
        "fee": null,
        "indoor": null,
        "lit": null,
        "drinking_water:bottle": null,
        "drinking_water:bubbler": null,
        "wetap:taste": null,
        "condition": null,
        "note": null,
        "security_zone": null,
        "wetap:flow": null,
        "wetap:photo": null,
        "wetap:quality": null,
        "wetap:temperature": null,
        "wetap:status_note": null,
        "description": null,
        "operator": null,
        "wheelchair": null,
        "name": null,
        "source:pkey": null,
        "image": null,
        "maintenance": null,
        "stateofrepair": null,
        "level": null,
        "drinking_water": null,
        "opening_hours": null,
        "dog": null,
        "level:ref": null,
        "manufacturer:wikidata": null,
        "operator:wikidata": null,
        "layer": null,
        "location": null,
        "wetap:dog": null,
        "wetap:credit": null,
        "addr:city": null,
        "addr:housenumber": null,
        "addr:postcode": null,
        "addr:street": null,
        "phone": null,
        "drinking_water:dog": null,
        "bubbler": null,
        "inscription": null,
        "fixme": null,
        "amenity_1": null,
        "survey:date": null
      },
      "geometry": {
        "type": "Point",
        "coordinates": [
          -122.2760532,
          37.8636826
        ]
      }
    },
    {
      "id": "171",
      "type": "Feature",
      "properties": {
        "element": "node",
        "id": 7460337213,
        "amenity": "drinking_water",
        "check_date": null,
        "fountain": "bubbler",
        "source": null,
        "wetap:status": null,
        "wetap:statusnote": null,
        "access:dog": null,
        "access:horse": null,
        "bottle": null,
        "access": null,
        "covered": null,
        "fee": "no",
        "indoor": null,
        "lit": null,
        "drinking_water:bottle": null,
        "drinking_water:bubbler": null,
        "wetap:taste": null,
        "condition": null,
        "note": null,
        "security_zone": null,
        "wetap:flow": null,
        "wetap:photo": null,
        "wetap:quality": null,
        "wetap:temperature": null,
        "wetap:status_note": null,
        "description": null,
        "operator": null,
        "wheelchair": null,
        "name": null,
        "source:pkey": null,
        "image": null,
        "maintenance": null,
        "stateofrepair": null,
        "level": "0",
        "drinking_water": null,
        "opening_hours": null,
        "dog": null,
        "level:ref": null,
        "manufacturer:wikidata": null,
        "operator:wikidata": null,
        "layer": null,
        "location": null,
        "wetap:dog": null,
        "wetap:credit": null,
        "addr:city": null,
        "addr:housenumber": null,
        "addr:postcode": null,
        "addr:street": null,
        "phone": null,
        "drinking_water:dog": null,
        "bubbler": null,
        "inscription": null,
        "fixme": null,
        "amenity_1": null,
        "survey:date": null
      },
      "geometry": {
        "type": "Point",
        "coordinates": [
          -122.2573409,
          37.8421497
        ]
      }
    },
    {
      "id": "172",
      "type": "Feature",
      "properties": {
        "element": "node",
        "id": 7509268087,
        "amenity": "drinking_water",
        "check_date": null,
        "fountain": null,
        "source": null,
        "wetap:status": null,
        "wetap:statusnote": null,
        "access:dog": null,
        "access:horse": null,
        "bottle": null,
        "access": null,
        "covered": null,
        "fee": null,
        "indoor": null,
        "lit": null,
        "drinking_water:bottle": null,
        "drinking_water:bubbler": null,
        "wetap:taste": null,
        "condition": null,
        "note": null,
        "security_zone": null,
        "wetap:flow": null,
        "wetap:photo": null,
        "wetap:quality": null,
        "wetap:temperature": null,
        "wetap:status_note": null,
        "description": null,
        "operator": null,
        "wheelchair": null,
        "name": null,
        "source:pkey": null,
        "image": null,
        "maintenance": null,
        "stateofrepair": null,
        "level": null,
        "drinking_water": null,
        "opening_hours": null,
        "dog": null,
        "level:ref": null,
        "manufacturer:wikidata": null,
        "operator:wikidata": null,
        "layer": null,
        "location": null,
        "wetap:dog": null,
        "wetap:credit": null,
        "addr:city": null,
        "addr:housenumber": null,
        "addr:postcode": null,
        "addr:street": null,
        "phone": null,
        "drinking_water:dog": null,
        "bubbler": null,
        "inscription": null,
        "fixme": null,
        "amenity_1": null,
        "survey:date": null
      },
      "geometry": {
        "type": "Point",
        "coordinates": [
          -122.265381,
          37.7793383
        ]
      }
    },
    {
      "id": "173",
      "type": "Feature",
      "properties": {
        "element": "node",
        "id": 7554603943,
        "amenity": "drinking_water",
        "check_date": null,
        "fountain": null,
        "source": null,
        "wetap:status": null,
        "wetap:statusnote": null,
        "access:dog": null,
        "access:horse": null,
        "bottle": null,
        "access": null,
        "covered": null,
        "fee": null,
        "indoor": null,
        "lit": null,
        "drinking_water:bottle": null,
        "drinking_water:bubbler": null,
        "wetap:taste": null,
        "condition": null,
        "note": null,
        "security_zone": null,
        "wetap:flow": null,
        "wetap:photo": null,
        "wetap:quality": null,
        "wetap:temperature": null,
        "wetap:status_note": null,
        "description": null,
        "operator": null,
        "wheelchair": null,
        "name": null,
        "source:pkey": null,
        "image": null,
        "maintenance": null,
        "stateofrepair": null,
        "level": null,
        "drinking_water": null,
        "opening_hours": null,
        "dog": null,
        "level:ref": null,
        "manufacturer:wikidata": null,
        "operator:wikidata": null,
        "layer": null,
        "location": null,
        "wetap:dog": null,
        "wetap:credit": null,
        "addr:city": null,
        "addr:housenumber": null,
        "addr:postcode": null,
        "addr:street": null,
        "phone": null,
        "drinking_water:dog": null,
        "bubbler": null,
        "inscription": null,
        "fixme": null,
        "amenity_1": "fountain",
        "survey:date": null
      },
      "geometry": {
        "type": "Point",
        "coordinates": [
          -122.2836544,
          37.8559019
        ]
      }
    },
    {
      "id": "174",
      "type": "Feature",
      "properties": {
        "element": "node",
        "id": 7932870026,
        "amenity": "drinking_water",
        "check_date": null,
        "fountain": "bubbler",
        "source": null,
        "wetap:status": null,
        "wetap:statusnote": null,
        "access:dog": null,
        "access:horse": null,
        "bottle": null,
        "access": null,
        "covered": null,
        "fee": null,
        "indoor": null,
        "lit": null,
        "drinking_water:bottle": null,
        "drinking_water:bubbler": null,
        "wetap:taste": null,
        "condition": null,
        "note": null,
        "security_zone": null,
        "wetap:flow": null,
        "wetap:photo": null,
        "wetap:quality": null,
        "wetap:temperature": null,
        "wetap:status_note": null,
        "description": null,
        "operator": null,
        "wheelchair": null,
        "name": null,
        "source:pkey": null,
        "image": null,
        "maintenance": null,
        "stateofrepair": null,
        "level": null,
        "drinking_water": null,
        "opening_hours": null,
        "dog": null,
        "level:ref": null,
        "manufacturer:wikidata": null,
        "operator:wikidata": null,
        "layer": null,
        "location": null,
        "wetap:dog": null,
        "wetap:credit": null,
        "addr:city": null,
        "addr:housenumber": null,
        "addr:postcode": null,
        "addr:street": null,
        "phone": null,
        "drinking_water:dog": null,
        "bubbler": null,
        "inscription": null,
        "fixme": null,
        "amenity_1": null,
        "survey:date": null
      },
      "geometry": {
        "type": "Point",
        "coordinates": [
          -122.2994217,
          37.8606706
        ]
      }
    },
    {
      "id": "175",
      "type": "Feature",
      "properties": {
        "element": "node",
        "id": 8010012922,
        "amenity": "drinking_water",
        "check_date": null,
        "fountain": null,
        "source": null,
        "wetap:status": null,
        "wetap:statusnote": null,
        "access:dog": null,
        "access:horse": null,
        "bottle": null,
        "access": null,
        "covered": null,
        "fee": null,
        "indoor": null,
        "lit": null,
        "drinking_water:bottle": null,
        "drinking_water:bubbler": null,
        "wetap:taste": null,
        "condition": null,
        "note": null,
        "security_zone": null,
        "wetap:flow": null,
        "wetap:photo": null,
        "wetap:quality": null,
        "wetap:temperature": null,
        "wetap:status_note": null,
        "description": null,
        "operator": null,
        "wheelchair": null,
        "name": null,
        "source:pkey": null,
        "image": null,
        "maintenance": null,
        "stateofrepair": null,
        "level": null,
        "drinking_water": null,
        "opening_hours": null,
        "dog": null,
        "level:ref": null,
        "manufacturer:wikidata": null,
        "operator:wikidata": null,
        "layer": null,
        "location": null,
        "wetap:dog": null,
        "wetap:credit": null,
        "addr:city": null,
        "addr:housenumber": null,
        "addr:postcode": null,
        "addr:street": null,
        "phone": null,
        "drinking_water:dog": null,
        "bubbler": null,
        "inscription": null,
        "fixme": null,
        "amenity_1": null,
        "survey:date": null
      },
      "geometry": {
        "type": "Point",
        "coordinates": [
          -122.2452504,
          37.8572383
        ]
      }
    },
    {
      "id": "176",
      "type": "Feature",
      "properties": {
        "element": "node",
        "id": 8072326989,
        "amenity": "drinking_water",
        "check_date": null,
        "fountain": null,
        "source": null,
        "wetap:status": null,
        "wetap:statusnote": null,
        "access:dog": null,
        "access:horse": null,
        "bottle": null,
        "access": null,
        "covered": null,
        "fee": null,
        "indoor": null,
        "lit": null,
        "drinking_water:bottle": null,
        "drinking_water:bubbler": null,
        "wetap:taste": null,
        "condition": null,
        "note": null,
        "security_zone": null,
        "wetap:flow": null,
        "wetap:photo": null,
        "wetap:quality": null,
        "wetap:temperature": null,
        "wetap:status_note": null,
        "description": null,
        "operator": null,
        "wheelchair": null,
        "name": null,
        "source:pkey": null,
        "image": null,
        "maintenance": null,
        "stateofrepair": null,
        "level": null,
        "drinking_water": null,
        "opening_hours": null,
        "dog": null,
        "level:ref": null,
        "manufacturer:wikidata": null,
        "operator:wikidata": null,
        "layer": null,
        "location": null,
        "wetap:dog": null,
        "wetap:credit": null,
        "addr:city": null,
        "addr:housenumber": null,
        "addr:postcode": null,
        "addr:street": null,
        "phone": null,
        "drinking_water:dog": null,
        "bubbler": null,
        "inscription": null,
        "fixme": null,
        "amenity_1": null,
        "survey:date": null
      },
      "geometry": {
        "type": "Point",
        "coordinates": [
          -122.2573307,
          37.8542901
        ]
      }
    },
    {
      "id": "177",
      "type": "Feature",
      "properties": {
        "element": "node",
        "id": 8461251020,
        "amenity": "drinking_water",
        "check_date": null,
        "fountain": null,
        "source": null,
        "wetap:status": null,
        "wetap:statusnote": null,
        "access:dog": null,
        "access:horse": null,
        "bottle": null,
        "access": null,
        "covered": null,
        "fee": null,
        "indoor": null,
        "lit": null,
        "drinking_water:bottle": null,
        "drinking_water:bubbler": null,
        "wetap:taste": null,
        "condition": null,
        "note": null,
        "security_zone": null,
        "wetap:flow": null,
        "wetap:photo": null,
        "wetap:quality": null,
        "wetap:temperature": null,
        "wetap:status_note": null,
        "description": null,
        "operator": null,
        "wheelchair": null,
        "name": null,
        "source:pkey": null,
        "image": null,
        "maintenance": null,
        "stateofrepair": null,
        "level": null,
        "drinking_water": null,
        "opening_hours": null,
        "dog": null,
        "level:ref": null,
        "manufacturer:wikidata": null,
        "operator:wikidata": null,
        "layer": null,
        "location": null,
        "wetap:dog": null,
        "wetap:credit": null,
        "addr:city": null,
        "addr:housenumber": null,
        "addr:postcode": null,
        "addr:street": null,
        "phone": null,
        "drinking_water:dog": null,
        "bubbler": null,
        "inscription": null,
        "fixme": null,
        "amenity_1": null,
        "survey:date": null
      },
      "geometry": {
        "type": "Point",
        "coordinates": [
          -122.1291826,
          37.7796911
        ]
      }
    },
    {
      "id": "178",
      "type": "Feature",
      "properties": {
        "element": "node",
        "id": 8917746051,
        "amenity": "drinking_water",
        "check_date": null,
        "fountain": "bottle_refill",
        "source": null,
        "wetap:status": null,
        "wetap:statusnote": null,
        "access:dog": null,
        "access:horse": null,
        "bottle": null,
        "access": null,
        "covered": null,
        "fee": null,
        "indoor": null,
        "lit": null,
        "drinking_water:bottle": null,
        "drinking_water:bubbler": null,
        "wetap:taste": null,
        "condition": null,
        "note": null,
        "security_zone": null,
        "wetap:flow": null,
        "wetap:photo": null,
        "wetap:quality": null,
        "wetap:temperature": null,
        "wetap:status_note": null,
        "description": null,
        "operator": null,
        "wheelchair": null,
        "name": null,
        "source:pkey": null,
        "image": null,
        "maintenance": null,
        "stateofrepair": null,
        "level": null,
        "drinking_water": null,
        "opening_hours": null,
        "dog": null,
        "level:ref": null,
        "manufacturer:wikidata": null,
        "operator:wikidata": null,
        "layer": null,
        "location": null,
        "wetap:dog": null,
        "wetap:credit": null,
        "addr:city": null,
        "addr:housenumber": null,
        "addr:postcode": null,
        "addr:street": null,
        "phone": null,
        "drinking_water:dog": null,
        "bubbler": null,
        "inscription": null,
        "fixme": null,
        "amenity_1": null,
        "survey:date": null
      },
      "geometry": {
        "type": "Point",
        "coordinates": [
          -122.2936253,
          37.8845735
        ]
      }
    },
    {
      "id": "179",
      "type": "Feature",
      "properties": {
        "element": "node",
        "id": 8950451980,
        "amenity": "drinking_water",
        "check_date": null,
        "fountain": null,
        "source": null,
        "wetap:status": null,
        "wetap:statusnote": null,
        "access:dog": null,
        "access:horse": null,
        "bottle": "yes",
        "access": null,
        "covered": null,
        "fee": "no",
        "indoor": null,
        "lit": null,
        "drinking_water:bottle": null,
        "drinking_water:bubbler": null,
        "wetap:taste": null,
        "condition": null,
        "note": null,
        "security_zone": null,
        "wetap:flow": null,
        "wetap:photo": null,
        "wetap:quality": null,
        "wetap:temperature": null,
        "wetap:status_note": null,
        "description": null,
        "operator": null,
        "wheelchair": null,
        "name": null,
        "source:pkey": null,
        "image": null,
        "maintenance": null,
        "stateofrepair": null,
        "level": null,
        "drinking_water": null,
        "opening_hours": null,
        "dog": null,
        "level:ref": null,
        "manufacturer:wikidata": null,
        "operator:wikidata": null,
        "layer": null,
        "location": null,
        "wetap:dog": null,
        "wetap:credit": null,
        "addr:city": null,
        "addr:housenumber": null,
        "addr:postcode": null,
        "addr:street": null,
        "phone": null,
        "drinking_water:dog": null,
        "bubbler": null,
        "inscription": null,
        "fixme": null,
        "amenity_1": null,
        "survey:date": null
      },
      "geometry": {
        "type": "Point",
        "coordinates": [
          -122.1260075,
          37.8396859
        ]
      }
    },
    {
      "id": "180",
      "type": "Feature",
      "properties": {
        "element": "node",
        "id": 9064988442,
        "amenity": "drinking_water",
        "check_date": null,
        "fountain": null,
        "source": null,
        "wetap:status": null,
        "wetap:statusnote": null,
        "access:dog": null,
        "access:horse": null,
        "bottle": null,
        "access": null,
        "covered": null,
        "fee": null,
        "indoor": null,
        "lit": null,
        "drinking_water:bottle": null,
        "drinking_water:bubbler": null,
        "wetap:taste": null,
        "condition": null,
        "note": null,
        "security_zone": null,
        "wetap:flow": null,
        "wetap:photo": null,
        "wetap:quality": null,
        "wetap:temperature": null,
        "wetap:status_note": null,
        "description": null,
        "operator": null,
        "wheelchair": null,
        "name": null,
        "source:pkey": null,
        "image": null,
        "maintenance": null,
        "stateofrepair": null,
        "level": null,
        "drinking_water": null,
        "opening_hours": null,
        "dog": null,
        "level:ref": null,
        "manufacturer:wikidata": null,
        "operator:wikidata": null,
        "layer": null,
        "location": null,
        "wetap:dog": null,
        "wetap:credit": null,
        "addr:city": null,
        "addr:housenumber": null,
        "addr:postcode": null,
        "addr:street": null,
        "phone": null,
        "drinking_water:dog": null,
        "bubbler": null,
        "inscription": null,
        "fixme": null,
        "amenity_1": null,
        "survey:date": null
      },
      "geometry": {
        "type": "Point",
        "coordinates": [
          -122.2636775,
          37.8579066
        ]
      }
    },
    {
      "id": "181",
      "type": "Feature",
      "properties": {
        "element": "node",
        "id": 9121349347,
        "amenity": "drinking_water",
        "check_date": null,
        "fountain": null,
        "source": null,
        "wetap:status": null,
        "wetap:statusnote": null,
        "access:dog": null,
        "access:horse": null,
        "bottle": "yes",
        "access": null,
        "covered": null,
        "fee": null,
        "indoor": null,
        "lit": null,
        "drinking_water:bottle": null,
        "drinking_water:bubbler": null,
        "wetap:taste": null,
        "condition": null,
        "note": null,
        "security_zone": null,
        "wetap:flow": null,
        "wetap:photo": null,
        "wetap:quality": null,
        "wetap:temperature": null,
        "wetap:status_note": null,
        "description": null,
        "operator": null,
        "wheelchair": null,
        "name": null,
        "source:pkey": null,
        "image": null,
        "maintenance": null,
        "stateofrepair": null,
        "level": null,
        "drinking_water": null,
        "opening_hours": null,
        "dog": null,
        "level:ref": null,
        "manufacturer:wikidata": null,
        "operator:wikidata": null,
        "layer": null,
        "location": null,
        "wetap:dog": null,
        "wetap:credit": null,
        "addr:city": null,
        "addr:housenumber": null,
        "addr:postcode": null,
        "addr:street": null,
        "phone": null,
        "drinking_water:dog": null,
        "bubbler": null,
        "inscription": null,
        "fixme": null,
        "amenity_1": null,
        "survey:date": null
      },
      "geometry": {
        "type": "Point",
        "coordinates": [
          -122.2454215,
          37.8575213
        ]
      }
    },
    {
      "id": "182",
      "type": "Feature",
      "properties": {
        "element": "node",
        "id": 9125574218,
        "amenity": "drinking_water",
        "check_date": null,
        "fountain": null,
        "source": null,
        "wetap:status": null,
        "wetap:statusnote": null,
        "access:dog": null,
        "access:horse": null,
        "bottle": null,
        "access": null,
        "covered": null,
        "fee": null,
        "indoor": null,
        "lit": null,
        "drinking_water:bottle": null,
        "drinking_water:bubbler": null,
        "wetap:taste": null,
        "condition": null,
        "note": null,
        "security_zone": null,
        "wetap:flow": null,
        "wetap:photo": null,
        "wetap:quality": null,
        "wetap:temperature": null,
        "wetap:status_note": null,
        "description": null,
        "operator": null,
        "wheelchair": null,
        "name": null,
        "source:pkey": null,
        "image": null,
        "maintenance": null,
        "stateofrepair": null,
        "level": null,
        "drinking_water": null,
        "opening_hours": null,
        "dog": null,
        "level:ref": null,
        "manufacturer:wikidata": null,
        "operator:wikidata": null,
        "layer": null,
        "location": null,
        "wetap:dog": null,
        "wetap:credit": null,
        "addr:city": null,
        "addr:housenumber": null,
        "addr:postcode": null,
        "addr:street": null,
        "phone": null,
        "drinking_water:dog": null,
        "bubbler": null,
        "inscription": null,
        "fixme": null,
        "amenity_1": null,
        "survey:date": null
      },
      "geometry": {
        "type": "Point",
        "coordinates": [
          -122.245178,
          37.822641
        ]
      }
    },
    {
      "id": "183",
      "type": "Feature",
      "properties": {
        "element": "node",
        "id": 9231137224,
        "amenity": "drinking_water",
        "check_date": null,
        "fountain": null,
        "source": null,
        "wetap:status": null,
        "wetap:statusnote": null,
        "access:dog": null,
        "access:horse": null,
        "bottle": "no",
        "access": "yes",
        "covered": null,
        "fee": "no",
        "indoor": null,
        "lit": null,
        "drinking_water:bottle": null,
        "drinking_water:bubbler": null,
        "wetap:taste": null,
        "condition": null,
        "note": null,
        "security_zone": null,
        "wetap:flow": null,
        "wetap:photo": null,
        "wetap:quality": null,
        "wetap:temperature": null,
        "wetap:status_note": null,
        "description": null,
        "operator": null,
        "wheelchair": null,
        "name": null,
        "source:pkey": null,
        "image": null,
        "maintenance": null,
        "stateofrepair": null,
        "level": null,
        "drinking_water": null,
        "opening_hours": null,
        "dog": null,
        "level:ref": null,
        "manufacturer:wikidata": null,
        "operator:wikidata": null,
        "layer": null,
        "location": null,
        "wetap:dog": null,
        "wetap:credit": null,
        "addr:city": null,
        "addr:housenumber": null,
        "addr:postcode": null,
        "addr:street": null,
        "phone": null,
        "drinking_water:dog": null,
        "bubbler": null,
        "inscription": null,
        "fixme": null,
        "amenity_1": null,
        "survey:date": null
      },
      "geometry": {
        "type": "Point",
        "coordinates": [
          -122.2340043,
          37.8236589
        ]
      }
    },
    {
      "id": "184",
      "type": "Feature",
      "properties": {
        "element": "node",
        "id": 9231137226,
        "amenity": "drinking_water",
        "check_date": null,
        "fountain": null,
        "source": null,
        "wetap:status": null,
        "wetap:statusnote": null,
        "access:dog": null,
        "access:horse": null,
        "bottle": "yes",
        "access": "yes",
        "covered": null,
        "fee": "no",
        "indoor": null,
        "lit": null,
        "drinking_water:bottle": null,
        "drinking_water:bubbler": null,
        "wetap:taste": null,
        "condition": null,
        "note": null,
        "security_zone": null,
        "wetap:flow": null,
        "wetap:photo": null,
        "wetap:quality": null,
        "wetap:temperature": null,
        "wetap:status_note": null,
        "description": null,
        "operator": null,
        "wheelchair": "yes",
        "name": null,
        "source:pkey": null,
        "image": null,
        "maintenance": null,
        "stateofrepair": null,
        "level": null,
        "drinking_water": null,
        "opening_hours": null,
        "dog": null,
        "level:ref": null,
        "manufacturer:wikidata": null,
        "operator:wikidata": null,
        "layer": null,
        "location": null,
        "wetap:dog": null,
        "wetap:credit": null,
        "addr:city": null,
        "addr:housenumber": null,
        "addr:postcode": null,
        "addr:street": null,
        "phone": null,
        "drinking_water:dog": null,
        "bubbler": null,
        "inscription": null,
        "fixme": null,
        "amenity_1": null,
        "survey:date": null
      },
      "geometry": {
        "type": "Point",
        "coordinates": [
          -122.2342509,
          37.823999
        ]
      }
    },
    {
      "id": "185",
      "type": "Feature",
      "properties": {
        "element": "node",
        "id": 9403983453,
        "amenity": "drinking_water",
        "check_date": null,
        "fountain": null,
        "source": null,
        "wetap:status": null,
        "wetap:statusnote": null,
        "access:dog": null,
        "access:horse": null,
        "bottle": null,
        "access": null,
        "covered": null,
        "fee": null,
        "indoor": null,
        "lit": null,
        "drinking_water:bottle": null,
        "drinking_water:bubbler": null,
        "wetap:taste": null,
        "condition": null,
        "note": null,
        "security_zone": null,
        "wetap:flow": null,
        "wetap:photo": null,
        "wetap:quality": null,
        "wetap:temperature": null,
        "wetap:status_note": null,
        "description": null,
        "operator": null,
        "wheelchair": null,
        "name": null,
        "source:pkey": null,
        "image": null,
        "maintenance": null,
        "stateofrepair": null,
        "level": null,
        "drinking_water": null,
        "opening_hours": null,
        "dog": null,
        "level:ref": null,
        "manufacturer:wikidata": null,
        "operator:wikidata": null,
        "layer": null,
        "location": null,
        "wetap:dog": null,
        "wetap:credit": null,
        "addr:city": null,
        "addr:housenumber": null,
        "addr:postcode": null,
        "addr:street": null,
        "phone": null,
        "drinking_water:dog": null,
        "bubbler": null,
        "inscription": null,
        "fixme": null,
        "amenity_1": null,
        "survey:date": null
      },
      "geometry": {
        "type": "Point",
        "coordinates": [
          -122.1732106,
          37.8125991
        ]
      }
    },
    {
      "id": "186",
      "type": "Feature",
      "properties": {
        "element": "node",
        "id": 9406372653,
        "amenity": "drinking_water",
        "check_date": null,
        "fountain": null,
        "source": null,
        "wetap:status": null,
        "wetap:statusnote": null,
        "access:dog": null,
        "access:horse": null,
        "bottle": null,
        "access": null,
        "covered": null,
        "fee": null,
        "indoor": null,
        "lit": null,
        "drinking_water:bottle": null,
        "drinking_water:bubbler": null,
        "wetap:taste": null,
        "condition": null,
        "note": null,
        "security_zone": null,
        "wetap:flow": null,
        "wetap:photo": null,
        "wetap:quality": null,
        "wetap:temperature": null,
        "wetap:status_note": null,
        "description": null,
        "operator": null,
        "wheelchair": null,
        "name": null,
        "source:pkey": null,
        "image": null,
        "maintenance": null,
        "stateofrepair": null,
        "level": null,
        "drinking_water": null,
        "opening_hours": "24/7",
        "dog": null,
        "level:ref": null,
        "manufacturer:wikidata": null,
        "operator:wikidata": null,
        "layer": null,
        "location": null,
        "wetap:dog": null,
        "wetap:credit": null,
        "addr:city": null,
        "addr:housenumber": null,
        "addr:postcode": null,
        "addr:street": null,
        "phone": null,
        "drinking_water:dog": null,
        "bubbler": null,
        "inscription": null,
        "fixme": null,
        "amenity_1": null,
        "survey:date": null
      },
      "geometry": {
        "type": "Point",
        "coordinates": [
          -122.2794013,
          37.8828858
        ]
      }
    },
    {
      "id": "187",
      "type": "Feature",
      "properties": {
        "element": "node",
        "id": 9574214017,
        "amenity": "drinking_water",
        "check_date": null,
        "fountain": "bubbler",
        "source": null,
        "wetap:status": null,
        "wetap:statusnote": null,
        "access:dog": null,
        "access:horse": null,
        "bottle": null,
        "access": "yes",
        "covered": null,
        "fee": "no",
        "indoor": null,
        "lit": null,
        "drinking_water:bottle": null,
        "drinking_water:bubbler": null,
        "wetap:taste": null,
        "condition": null,
        "note": null,
        "security_zone": null,
        "wetap:flow": null,
        "wetap:photo": null,
        "wetap:quality": null,
        "wetap:temperature": null,
        "wetap:status_note": null,
        "description": null,
        "operator": null,
        "wheelchair": "yes",
        "name": null,
        "source:pkey": null,
        "image": null,
        "maintenance": null,
        "stateofrepair": null,
        "level": null,
        "drinking_water": null,
        "opening_hours": null,
        "dog": null,
        "level:ref": null,
        "manufacturer:wikidata": null,
        "operator:wikidata": null,
        "layer": null,
        "location": null,
        "wetap:dog": null,
        "wetap:credit": null,
        "addr:city": null,
        "addr:housenumber": null,
        "addr:postcode": null,
        "addr:street": null,
        "phone": null,
        "drinking_water:dog": null,
        "bubbler": null,
        "inscription": null,
        "fixme": null,
        "amenity_1": null,
        "survey:date": null
      },
      "geometry": {
        "type": "Point",
        "coordinates": [
          -122.287101,
          37.8392691
        ]
      }
    },
    {
      "id": "188",
      "type": "Feature",
      "properties": {
        "element": "node",
        "id": 9595807814,
        "amenity": "drinking_water",
        "check_date": null,
        "fountain": null,
        "source": null,
        "wetap:status": null,
        "wetap:statusnote": null,
        "access:dog": null,
        "access:horse": null,
        "bottle": null,
        "access": null,
        "covered": null,
        "fee": null,
        "indoor": null,
        "lit": null,
        "drinking_water:bottle": null,
        "drinking_water:bubbler": null,
        "wetap:taste": null,
        "condition": null,
        "note": null,
        "security_zone": null,
        "wetap:flow": null,
        "wetap:photo": null,
        "wetap:quality": null,
        "wetap:temperature": null,
        "wetap:status_note": null,
        "description": null,
        "operator": null,
        "wheelchair": null,
        "name": "Drinking Fountain",
        "source:pkey": null,
        "image": null,
        "maintenance": null,
        "stateofrepair": null,
        "level": null,
        "drinking_water": null,
        "opening_hours": null,
        "dog": null,
        "level:ref": null,
        "manufacturer:wikidata": null,
        "operator:wikidata": null,
        "layer": null,
        "location": null,
        "wetap:dog": null,
        "wetap:credit": null,
        "addr:city": null,
        "addr:housenumber": null,
        "addr:postcode": null,
        "addr:street": null,
        "phone": null,
        "drinking_water:dog": null,
        "bubbler": null,
        "inscription": null,
        "fixme": null,
        "amenity_1": null,
        "survey:date": null
      },
      "geometry": {
        "type": "Point",
        "coordinates": [
          -122.30559,
          37.8648115
        ]
      }
    },
    {
      "id": "189",
      "type": "Feature",
      "properties": {
        "element": "node",
        "id": 9654597830,
        "amenity": "drinking_water",
        "check_date": null,
        "fountain": null,
        "source": null,
        "wetap:status": null,
        "wetap:statusnote": null,
        "access:dog": null,
        "access:horse": null,
        "bottle": "no",
        "access": "yes",
        "covered": null,
        "fee": "no",
        "indoor": null,
        "lit": null,
        "drinking_water:bottle": null,
        "drinking_water:bubbler": null,
        "wetap:taste": null,
        "condition": null,
        "note": null,
        "security_zone": null,
        "wetap:flow": null,
        "wetap:photo": null,
        "wetap:quality": null,
        "wetap:temperature": null,
        "wetap:status_note": null,
        "description": null,
        "operator": null,
        "wheelchair": null,
        "name": null,
        "source:pkey": null,
        "image": null,
        "maintenance": null,
        "stateofrepair": null,
        "level": null,
        "drinking_water": null,
        "opening_hours": null,
        "dog": null,
        "level:ref": null,
        "manufacturer:wikidata": null,
        "operator:wikidata": null,
        "layer": null,
        "location": null,
        "wetap:dog": null,
        "wetap:credit": null,
        "addr:city": null,
        "addr:housenumber": null,
        "addr:postcode": null,
        "addr:street": null,
        "phone": null,
        "drinking_water:dog": null,
        "bubbler": null,
        "inscription": null,
        "fixme": null,
        "amenity_1": null,
        "survey:date": null
      },
      "geometry": {
        "type": "Point",
        "coordinates": [
          -122.2293132,
          37.8314065
        ]
      }
    },
    {
      "id": "190",
      "type": "Feature",
      "properties": {
        "element": "node",
        "id": 9763020178,
        "amenity": "drinking_water",
        "check_date": null,
        "fountain": "bubbler",
        "source": null,
        "wetap:status": null,
        "wetap:statusnote": null,
        "access:dog": null,
        "access:horse": null,
        "bottle": "yes",
        "access": null,
        "covered": null,
        "fee": null,
        "indoor": "yes",
        "lit": null,
        "drinking_water:bottle": null,
        "drinking_water:bubbler": null,
        "wetap:taste": null,
        "condition": null,
        "note": null,
        "security_zone": null,
        "wetap:flow": null,
        "wetap:photo": null,
        "wetap:quality": null,
        "wetap:temperature": null,
        "wetap:status_note": null,
        "description": null,
        "operator": null,
        "wheelchair": null,
        "name": null,
        "source:pkey": null,
        "image": null,
        "maintenance": null,
        "stateofrepair": null,
        "level": null,
        "drinking_water": null,
        "opening_hours": null,
        "dog": null,
        "level:ref": null,
        "manufacturer:wikidata": null,
        "operator:wikidata": null,
        "layer": null,
        "location": null,
        "wetap:dog": null,
        "wetap:credit": null,
        "addr:city": null,
        "addr:housenumber": null,
        "addr:postcode": null,
        "addr:street": null,
        "phone": null,
        "drinking_water:dog": null,
        "bubbler": null,
        "inscription": null,
        "fixme": null,
        "amenity_1": null,
        "survey:date": null
      },
      "geometry": {
        "type": "Point",
        "coordinates": [
          -122.2147246,
          37.7118042
        ]
      }
    },
    {
      "id": "191",
      "type": "Feature",
      "properties": {
        "element": "node",
        "id": 9763020179,
        "amenity": "drinking_water",
        "check_date": null,
        "fountain": "bubbler",
        "source": null,
        "wetap:status": null,
        "wetap:statusnote": null,
        "access:dog": null,
        "access:horse": null,
        "bottle": "yes",
        "access": null,
        "covered": null,
        "fee": null,
        "indoor": "yes",
        "lit": null,
        "drinking_water:bottle": null,
        "drinking_water:bubbler": null,
        "wetap:taste": null,
        "condition": null,
        "note": null,
        "security_zone": null,
        "wetap:flow": null,
        "wetap:photo": null,
        "wetap:quality": null,
        "wetap:temperature": null,
        "wetap:status_note": null,
        "description": null,
        "operator": null,
        "wheelchair": null,
        "name": null,
        "source:pkey": null,
        "image": null,
        "maintenance": null,
        "stateofrepair": null,
        "level": null,
        "drinking_water": null,
        "opening_hours": null,
        "dog": null,
        "level:ref": null,
        "manufacturer:wikidata": null,
        "operator:wikidata": null,
        "layer": null,
        "location": null,
        "wetap:dog": null,
        "wetap:credit": null,
        "addr:city": null,
        "addr:housenumber": null,
        "addr:postcode": null,
        "addr:street": null,
        "phone": null,
        "drinking_water:dog": null,
        "bubbler": null,
        "inscription": null,
        "fixme": null,
        "amenity_1": null,
        "survey:date": null
      },
      "geometry": {
        "type": "Point",
        "coordinates": [
          -122.2158179,
          37.7113536
        ]
      }
    },
    {
      "id": "192",
      "type": "Feature",
      "properties": {
        "element": "node",
        "id": 9787102093,
        "amenity": "drinking_water",
        "check_date": null,
        "fountain": null,
        "source": null,
        "wetap:status": null,
        "wetap:statusnote": null,
        "access:dog": null,
        "access:horse": null,
        "bottle": null,
        "access": "yes",
        "covered": null,
        "fee": null,
        "indoor": null,
        "lit": null,
        "drinking_water:bottle": null,
        "drinking_water:bubbler": null,
        "wetap:taste": null,
        "condition": null,
        "note": null,
        "security_zone": null,
        "wetap:flow": null,
        "wetap:photo": null,
        "wetap:quality": null,
        "wetap:temperature": null,
        "wetap:status_note": null,
        "description": null,
        "operator": "EBMUD",
        "wheelchair": null,
        "name": null,
        "source:pkey": null,
        "image": null,
        "maintenance": null,
        "stateofrepair": null,
        "level": null,
        "drinking_water": null,
        "opening_hours": null,
        "dog": null,
        "level:ref": null,
        "manufacturer:wikidata": null,
        "operator:wikidata": null,
        "layer": null,
        "location": null,
        "wetap:dog": null,
        "wetap:credit": null,
        "addr:city": null,
        "addr:housenumber": null,
        "addr:postcode": null,
        "addr:street": null,
        "phone": null,
        "drinking_water:dog": null,
        "bubbler": null,
        "inscription": null,
        "fixme": null,
        "amenity_1": null,
        "survey:date": null
      },
      "geometry": {
        "type": "Point",
        "coordinates": [
          -122.1446043,
          37.8685958
        ]
      }
    },
    {
      "id": "193",
      "type": "Feature",
      "properties": {
        "element": "node",
        "id": 9789187483,
        "amenity": "drinking_water",
        "check_date": null,
        "fountain": null,
        "source": null,
        "wetap:status": null,
        "wetap:statusnote": null,
        "access:dog": null,
        "access:horse": null,
        "bottle": "no",
        "access": null,
        "covered": null,
        "fee": null,
        "indoor": null,
        "lit": null,
        "drinking_water:bottle": null,
        "drinking_water:bubbler": null,
        "wetap:taste": null,
        "condition": null,
        "note": null,
        "security_zone": null,
        "wetap:flow": null,
        "wetap:photo": null,
        "wetap:quality": null,
        "wetap:temperature": null,
        "wetap:status_note": null,
        "description": null,
        "operator": null,
        "wheelchair": null,
        "name": null,
        "source:pkey": null,
        "image": null,
        "maintenance": null,
        "stateofrepair": null,
        "level": null,
        "drinking_water": null,
        "opening_hours": null,
        "dog": null,
        "level:ref": null,
        "manufacturer:wikidata": null,
        "operator:wikidata": null,
        "layer": null,
        "location": null,
        "wetap:dog": null,
        "wetap:credit": null,
        "addr:city": null,
        "addr:housenumber": null,
        "addr:postcode": null,
        "addr:street": null,
        "phone": null,
        "drinking_water:dog": null,
        "bubbler": null,
        "inscription": null,
        "fixme": null,
        "amenity_1": null,
        "survey:date": null
      },
      "geometry": {
        "type": "Point",
        "coordinates": [
          -122.1371921,
          37.8834895
        ]
      }
    },
    {
      "id": "194",
      "type": "Feature",
      "properties": {
        "element": "node",
        "id": 9789187484,
        "amenity": "drinking_water",
        "check_date": null,
        "fountain": null,
        "source": null,
        "wetap:status": null,
        "wetap:statusnote": null,
        "access:dog": null,
        "access:horse": null,
        "bottle": "no",
        "access": null,
        "covered": null,
        "fee": null,
        "indoor": null,
        "lit": null,
        "drinking_water:bottle": null,
        "drinking_water:bubbler": null,
        "wetap:taste": null,
        "condition": null,
        "note": null,
        "security_zone": null,
        "wetap:flow": null,
        "wetap:photo": null,
        "wetap:quality": null,
        "wetap:temperature": null,
        "wetap:status_note": null,
        "description": null,
        "operator": null,
        "wheelchair": null,
        "name": null,
        "source:pkey": null,
        "image": null,
        "maintenance": null,
        "stateofrepair": null,
        "level": null,
        "drinking_water": null,
        "opening_hours": null,
        "dog": null,
        "level:ref": null,
        "manufacturer:wikidata": null,
        "operator:wikidata": null,
        "layer": null,
        "location": null,
        "wetap:dog": null,
        "wetap:credit": null,
        "addr:city": null,
        "addr:housenumber": null,
        "addr:postcode": null,
        "addr:street": null,
        "phone": null,
        "drinking_water:dog": null,
        "bubbler": null,
        "inscription": null,
        "fixme": null,
        "amenity_1": null,
        "survey:date": null
      },
      "geometry": {
        "type": "Point",
        "coordinates": [
          -122.1349414,
          37.8829863
        ]
      }
    },
    {
      "id": "195",
      "type": "Feature",
      "properties": {
        "element": "node",
        "id": 9789187486,
        "amenity": "drinking_water",
        "check_date": null,
        "fountain": null,
        "source": null,
        "wetap:status": null,
        "wetap:statusnote": null,
        "access:dog": null,
        "access:horse": null,
        "bottle": "no",
        "access": null,
        "covered": null,
        "fee": null,
        "indoor": null,
        "lit": null,
        "drinking_water:bottle": null,
        "drinking_water:bubbler": null,
        "wetap:taste": null,
        "condition": null,
        "note": null,
        "security_zone": null,
        "wetap:flow": null,
        "wetap:photo": null,
        "wetap:quality": null,
        "wetap:temperature": null,
        "wetap:status_note": null,
        "description": null,
        "operator": null,
        "wheelchair": null,
        "name": null,
        "source:pkey": null,
        "image": null,
        "maintenance": null,
        "stateofrepair": null,
        "level": null,
        "drinking_water": null,
        "opening_hours": null,
        "dog": null,
        "level:ref": null,
        "manufacturer:wikidata": null,
        "operator:wikidata": null,
        "layer": null,
        "location": null,
        "wetap:dog": null,
        "wetap:credit": null,
        "addr:city": null,
        "addr:housenumber": null,
        "addr:postcode": null,
        "addr:street": null,
        "phone": null,
        "drinking_water:dog": null,
        "bubbler": null,
        "inscription": null,
        "fixme": null,
        "amenity_1": null,
        "survey:date": null
      },
      "geometry": {
        "type": "Point",
        "coordinates": [
          -122.1445168,
          37.8832641
        ]
      }
    },
    {
      "id": "196",
      "type": "Feature",
      "properties": {
        "element": "node",
        "id": 9826855472,
        "amenity": "drinking_water",
        "check_date": null,
        "fountain": null,
        "source": null,
        "wetap:status": null,
        "wetap:statusnote": null,
        "access:dog": null,
        "access:horse": null,
        "bottle": null,
        "access": null,
        "covered": null,
        "fee": null,
        "indoor": null,
        "lit": null,
        "drinking_water:bottle": null,
        "drinking_water:bubbler": null,
        "wetap:taste": null,
        "condition": null,
        "note": null,
        "security_zone": null,
        "wetap:flow": null,
        "wetap:photo": null,
        "wetap:quality": null,
        "wetap:temperature": null,
        "wetap:status_note": null,
        "description": null,
        "operator": null,
        "wheelchair": null,
        "name": null,
        "source:pkey": null,
        "image": null,
        "maintenance": null,
        "stateofrepair": null,
        "level": null,
        "drinking_water": null,
        "opening_hours": null,
        "dog": null,
        "level:ref": null,
        "manufacturer:wikidata": null,
        "operator:wikidata": null,
        "layer": null,
        "location": null,
        "wetap:dog": null,
        "wetap:credit": null,
        "addr:city": null,
        "addr:housenumber": null,
        "addr:postcode": null,
        "addr:street": null,
        "phone": null,
        "drinking_water:dog": null,
        "bubbler": null,
        "inscription": null,
        "fixme": null,
        "amenity_1": null,
        "survey:date": null
      },
      "geometry": {
        "type": "Point",
        "coordinates": [
          -122.2989924,
          37.7803274
        ]
      }
    },
    {
      "id": "197",
      "type": "Feature",
      "properties": {
        "element": "node",
        "id": 9826910708,
        "amenity": "drinking_water",
        "check_date": null,
        "fountain": null,
        "source": null,
        "wetap:status": null,
        "wetap:statusnote": null,
        "access:dog": null,
        "access:horse": null,
        "bottle": null,
        "access": null,
        "covered": null,
        "fee": null,
        "indoor": null,
        "lit": null,
        "drinking_water:bottle": null,
        "drinking_water:bubbler": null,
        "wetap:taste": null,
        "condition": null,
        "note": null,
        "security_zone": null,
        "wetap:flow": null,
        "wetap:photo": null,
        "wetap:quality": null,
        "wetap:temperature": null,
        "wetap:status_note": null,
        "description": null,
        "operator": null,
        "wheelchair": null,
        "name": null,
        "source:pkey": null,
        "image": null,
        "maintenance": null,
        "stateofrepair": null,
        "level": null,
        "drinking_water": null,
        "opening_hours": null,
        "dog": null,
        "level:ref": null,
        "manufacturer:wikidata": null,
        "operator:wikidata": null,
        "layer": null,
        "location": null,
        "wetap:dog": null,
        "wetap:credit": null,
        "addr:city": null,
        "addr:housenumber": null,
        "addr:postcode": null,
        "addr:street": null,
        "phone": null,
        "drinking_water:dog": null,
        "bubbler": null,
        "inscription": null,
        "fixme": null,
        "amenity_1": null,
        "survey:date": null
      },
      "geometry": {
        "type": "Point",
        "coordinates": [
          -122.2995619,
          37.7803571
        ]
      }
    },
    {
      "id": "198",
      "type": "Feature",
      "properties": {
        "element": "node",
        "id": 9830465804,
        "amenity": "drinking_water",
        "check_date": null,
        "fountain": null,
        "source": null,
        "wetap:status": null,
        "wetap:statusnote": null,
        "access:dog": null,
        "access:horse": null,
        "bottle": "no",
        "access": null,
        "covered": null,
        "fee": null,
        "indoor": null,
        "lit": null,
        "drinking_water:bottle": null,
        "drinking_water:bubbler": null,
        "wetap:taste": null,
        "condition": null,
        "note": null,
        "security_zone": null,
        "wetap:flow": null,
        "wetap:photo": null,
        "wetap:quality": null,
        "wetap:temperature": null,
        "wetap:status_note": null,
        "description": null,
        "operator": null,
        "wheelchair": null,
        "name": null,
        "source:pkey": null,
        "image": null,
        "maintenance": null,
        "stateofrepair": null,
        "level": null,
        "drinking_water": null,
        "opening_hours": null,
        "dog": null,
        "level:ref": null,
        "manufacturer:wikidata": null,
        "operator:wikidata": null,
        "layer": null,
        "location": null,
        "wetap:dog": null,
        "wetap:credit": null,
        "addr:city": null,
        "addr:housenumber": null,
        "addr:postcode": null,
        "addr:street": null,
        "phone": null,
        "drinking_water:dog": null,
        "bubbler": null,
        "inscription": null,
        "fixme": null,
        "amenity_1": null,
        "survey:date": null
      },
      "geometry": {
        "type": "Point",
        "coordinates": [
          -122.2628075,
          37.8579302
        ]
      }
    },
    {
      "id": "199",
      "type": "Feature",
      "properties": {
        "element": "node",
        "id": 9831610492,
        "amenity": "drinking_water",
        "check_date": null,
        "fountain": null,
        "source": null,
        "wetap:status": null,
        "wetap:statusnote": null,
        "access:dog": null,
        "access:horse": null,
        "bottle": null,
        "access": null,
        "covered": null,
        "fee": null,
        "indoor": null,
        "lit": null,
        "drinking_water:bottle": null,
        "drinking_water:bubbler": null,
        "wetap:taste": null,
        "condition": null,
        "note": null,
        "security_zone": null,
        "wetap:flow": null,
        "wetap:photo": null,
        "wetap:quality": null,
        "wetap:temperature": null,
        "wetap:status_note": null,
        "description": null,
        "operator": null,
        "wheelchair": null,
        "name": null,
        "source:pkey": null,
        "image": null,
        "maintenance": null,
        "stateofrepair": null,
        "level": null,
        "drinking_water": null,
        "opening_hours": null,
        "dog": null,
        "level:ref": null,
        "manufacturer:wikidata": null,
        "operator:wikidata": null,
        "layer": null,
        "location": null,
        "wetap:dog": null,
        "wetap:credit": null,
        "addr:city": null,
        "addr:housenumber": null,
        "addr:postcode": null,
        "addr:street": null,
        "phone": null,
        "drinking_water:dog": null,
        "bubbler": null,
        "inscription": null,
        "fixme": null,
        "amenity_1": null,
        "survey:date": null
      },
      "geometry": {
        "type": "Point",
        "coordinates": [
          -122.2785381,
          37.8582032
        ]
      }
    },
    {
      "id": "200",
      "type": "Feature",
      "properties": {
        "element": "node",
        "id": 9849339230,
        "amenity": "drinking_water",
        "check_date": null,
        "fountain": null,
        "source": null,
        "wetap:status": null,
        "wetap:statusnote": null,
        "access:dog": null,
        "access:horse": null,
        "bottle": null,
        "access": null,
        "covered": null,
        "fee": null,
        "indoor": null,
        "lit": null,
        "drinking_water:bottle": null,
        "drinking_water:bubbler": null,
        "wetap:taste": null,
        "condition": null,
        "note": null,
        "security_zone": null,
        "wetap:flow": null,
        "wetap:photo": null,
        "wetap:quality": null,
        "wetap:temperature": null,
        "wetap:status_note": null,
        "description": null,
        "operator": null,
        "wheelchair": null,
        "name": null,
        "source:pkey": null,
        "image": null,
        "maintenance": null,
        "stateofrepair": null,
        "level": null,
        "drinking_water": null,
        "opening_hours": null,
        "dog": null,
        "level:ref": null,
        "manufacturer:wikidata": null,
        "operator:wikidata": null,
        "layer": null,
        "location": null,
        "wetap:dog": null,
        "wetap:credit": null,
        "addr:city": null,
        "addr:housenumber": null,
        "addr:postcode": null,
        "addr:street": null,
        "phone": null,
        "drinking_water:dog": null,
        "bubbler": null,
        "inscription": null,
        "fixme": null,
        "amenity_1": null,
        "survey:date": null
      },
      "geometry": {
        "type": "Point",
        "coordinates": [
          -122.1996983,
          37.7658424
        ]
      }
    },
    {
      "id": "201",
      "type": "Feature",
      "properties": {
        "element": "node",
        "id": 9866858601,
        "amenity": "drinking_water",
        "check_date": null,
        "fountain": null,
        "source": null,
        "wetap:status": null,
        "wetap:statusnote": null,
        "access:dog": null,
        "access:horse": null,
        "bottle": "no",
        "access": "yes",
        "covered": null,
        "fee": "no",
        "indoor": null,
        "lit": null,
        "drinking_water:bottle": null,
        "drinking_water:bubbler": null,
        "wetap:taste": null,
        "condition": null,
        "note": null,
        "security_zone": null,
        "wetap:flow": null,
        "wetap:photo": null,
        "wetap:quality": null,
        "wetap:temperature": null,
        "wetap:status_note": null,
        "description": null,
        "operator": null,
        "wheelchair": null,
        "name": null,
        "source:pkey": null,
        "image": null,
        "maintenance": null,
        "stateofrepair": null,
        "level": null,
        "drinking_water": null,
        "opening_hours": null,
        "dog": null,
        "level:ref": null,
        "manufacturer:wikidata": null,
        "operator:wikidata": null,
        "layer": null,
        "location": null,
        "wetap:dog": null,
        "wetap:credit": null,
        "addr:city": null,
        "addr:housenumber": null,
        "addr:postcode": null,
        "addr:street": null,
        "phone": null,
        "drinking_water:dog": null,
        "bubbler": null,
        "inscription": null,
        "fixme": null,
        "amenity_1": null,
        "survey:date": null
      },
      "geometry": {
        "type": "Point",
        "coordinates": [
          -122.2475607,
          37.8651298
        ]
      }
    },
    {
      "id": "202",
      "type": "Feature",
      "properties": {
        "element": "node",
        "id": 9866858602,
        "amenity": "drinking_water",
        "check_date": null,
        "fountain": null,
        "source": null,
        "wetap:status": null,
        "wetap:statusnote": null,
        "access:dog": null,
        "access:horse": null,
        "bottle": null,
        "access": "yes",
        "covered": null,
        "fee": "no",
        "indoor": null,
        "lit": null,
        "drinking_water:bottle": null,
        "drinking_water:bubbler": null,
        "wetap:taste": null,
        "condition": null,
        "note": null,
        "security_zone": null,
        "wetap:flow": null,
        "wetap:photo": null,
        "wetap:quality": null,
        "wetap:temperature": null,
        "wetap:status_note": null,
        "description": null,
        "operator": null,
        "wheelchair": null,
        "name": null,
        "source:pkey": null,
        "image": null,
        "maintenance": null,
        "stateofrepair": null,
        "level": null,
        "drinking_water": null,
        "opening_hours": null,
        "dog": null,
        "level:ref": null,
        "manufacturer:wikidata": null,
        "operator:wikidata": null,
        "layer": null,
        "location": null,
        "wetap:dog": null,
        "wetap:credit": null,
        "addr:city": null,
        "addr:housenumber": null,
        "addr:postcode": null,
        "addr:street": null,
        "phone": null,
        "drinking_water:dog": null,
        "bubbler": null,
        "inscription": null,
        "fixme": null,
        "amenity_1": null,
        "survey:date": null
      },
      "geometry": {
        "type": "Point",
        "coordinates": [
          -122.1951243,
          37.8428649
        ]
      }
    },
    {
      "id": "203",
      "type": "Feature",
      "properties": {
        "element": "node",
        "id": 10057327053,
        "amenity": "drinking_water",
        "check_date": null,
        "fountain": null,
        "source": null,
        "wetap:status": null,
        "wetap:statusnote": null,
        "access:dog": null,
        "access:horse": null,
        "bottle": null,
        "access": null,
        "covered": null,
        "fee": null,
        "indoor": null,
        "lit": null,
        "drinking_water:bottle": null,
        "drinking_water:bubbler": null,
        "wetap:taste": null,
        "condition": null,
        "note": null,
        "security_zone": null,
        "wetap:flow": null,
        "wetap:photo": null,
        "wetap:quality": null,
        "wetap:temperature": null,
        "wetap:status_note": null,
        "description": null,
        "operator": null,
        "wheelchair": null,
        "name": null,
        "source:pkey": null,
        "image": null,
        "maintenance": null,
        "stateofrepair": null,
        "level": null,
        "drinking_water": null,
        "opening_hours": null,
        "dog": null,
        "level:ref": null,
        "manufacturer:wikidata": null,
        "operator:wikidata": null,
        "layer": null,
        "location": null,
        "wetap:dog": null,
        "wetap:credit": null,
        "addr:city": null,
        "addr:housenumber": null,
        "addr:postcode": null,
        "addr:street": null,
        "phone": null,
        "drinking_water:dog": null,
        "bubbler": null,
        "inscription": null,
        "fixme": null,
        "amenity_1": null,
        "survey:date": null
      },
      "geometry": {
        "type": "Point",
        "coordinates": [
          -122.2834356,
          37.854582
        ]
      }
    },
    {
      "id": "204",
      "type": "Feature",
      "properties": {
        "element": "node",
        "id": 10594836837,
        "amenity": "drinking_water",
        "check_date": null,
        "fountain": null,
        "source": null,
        "wetap:status": null,
        "wetap:statusnote": null,
        "access:dog": null,
        "access:horse": null,
        "bottle": null,
        "access": "yes",
        "covered": null,
        "fee": "no",
        "indoor": null,
        "lit": null,
        "drinking_water:bottle": null,
        "drinking_water:bubbler": null,
        "wetap:taste": null,
        "condition": null,
        "note": null,
        "security_zone": null,
        "wetap:flow": null,
        "wetap:photo": null,
        "wetap:quality": null,
        "wetap:temperature": null,
        "wetap:status_note": null,
        "description": null,
        "operator": null,
        "wheelchair": null,
        "name": null,
        "source:pkey": null,
        "image": null,
        "maintenance": null,
        "stateofrepair": null,
        "level": null,
        "drinking_water": null,
        "opening_hours": null,
        "dog": null,
        "level:ref": null,
        "manufacturer:wikidata": null,
        "operator:wikidata": null,
        "layer": null,
        "location": null,
        "wetap:dog": null,
        "wetap:credit": null,
        "addr:city": null,
        "addr:housenumber": null,
        "addr:postcode": null,
        "addr:street": null,
        "phone": null,
        "drinking_water:dog": null,
        "bubbler": null,
        "inscription": null,
        "fixme": null,
        "amenity_1": null,
        "survey:date": null
      },
      "geometry": {
        "type": "Point",
        "coordinates": [
          -122.24652,
          37.8196845
        ]
      }
    },
    {
      "id": "205",
      "type": "Feature",
      "properties": {
        "element": "node",
        "id": 10744523733,
        "amenity": "drinking_water",
        "check_date": null,
        "fountain": "bubbler",
        "source": null,
        "wetap:status": null,
        "wetap:statusnote": null,
        "access:dog": null,
        "access:horse": null,
        "bottle": "no",
        "access": "yes",
        "covered": null,
        "fee": "no",
        "indoor": null,
        "lit": null,
        "drinking_water:bottle": null,
        "drinking_water:bubbler": null,
        "wetap:taste": null,
        "condition": null,
        "note": null,
        "security_zone": null,
        "wetap:flow": null,
        "wetap:photo": null,
        "wetap:quality": null,
        "wetap:temperature": null,
        "wetap:status_note": null,
        "description": null,
        "operator": null,
        "wheelchair": "yes",
        "name": null,
        "source:pkey": null,
        "image": null,
        "maintenance": null,
        "stateofrepair": null,
        "level": null,
        "drinking_water": null,
        "opening_hours": null,
        "dog": "yes",
        "level:ref": null,
        "manufacturer:wikidata": null,
        "operator:wikidata": null,
        "layer": null,
        "location": null,
        "wetap:dog": null,
        "wetap:credit": null,
        "addr:city": null,
        "addr:housenumber": null,
        "addr:postcode": null,
        "addr:street": null,
        "phone": null,
        "drinking_water:dog": null,
        "bubbler": null,
        "inscription": null,
        "fixme": null,
        "amenity_1": null,
        "survey:date": null
      },
      "geometry": {
        "type": "Point",
        "coordinates": [
          -122.1342033,
          37.7114711
        ]
      }
    },
    {
      "id": "206",
      "type": "Feature",
      "properties": {
        "element": "node",
        "id": 10880175297,
        "amenity": "drinking_water",
        "check_date": null,
        "fountain": null,
        "source": null,
        "wetap:status": null,
        "wetap:statusnote": null,
        "access:dog": null,
        "access:horse": null,
        "bottle": "no",
        "access": "yes",
        "covered": null,
        "fee": null,
        "indoor": null,
        "lit": null,
        "drinking_water:bottle": null,
        "drinking_water:bubbler": null,
        "wetap:taste": null,
        "condition": null,
        "note": null,
        "security_zone": null,
        "wetap:flow": null,
        "wetap:photo": null,
        "wetap:quality": null,
        "wetap:temperature": null,
        "wetap:status_note": null,
        "description": null,
        "operator": null,
        "wheelchair": "yes",
        "name": null,
        "source:pkey": null,
        "image": null,
        "maintenance": null,
        "stateofrepair": null,
        "level": null,
        "drinking_water": null,
        "opening_hours": null,
        "dog": null,
        "level:ref": null,
        "manufacturer:wikidata": null,
        "operator:wikidata": null,
        "layer": null,
        "location": null,
        "wetap:dog": null,
        "wetap:credit": null,
        "addr:city": null,
        "addr:housenumber": null,
        "addr:postcode": null,
        "addr:street": null,
        "phone": null,
        "drinking_water:dog": null,
        "bubbler": null,
        "inscription": null,
        "fixme": null,
        "amenity_1": null,
        "survey:date": null
      },
      "geometry": {
        "type": "Point",
        "coordinates": [
          -122.3179125,
          37.8226999
        ]
      }
    },
    {
      "id": "207",
      "type": "Feature",
      "properties": {
        "element": "node",
        "id": 11018449337,
        "amenity": "drinking_water",
        "check_date": null,
        "fountain": "bubbler",
        "source": null,
        "wetap:status": null,
        "wetap:statusnote": null,
        "access:dog": null,
        "access:horse": null,
        "bottle": "yes",
        "access": "customers",
        "covered": null,
        "fee": "no",
        "indoor": null,
        "lit": null,
        "drinking_water:bottle": null,
        "drinking_water:bubbler": null,
        "wetap:taste": null,
        "condition": null,
        "note": null,
        "security_zone": null,
        "wetap:flow": null,
        "wetap:photo": null,
        "wetap:quality": null,
        "wetap:temperature": null,
        "wetap:status_note": null,
        "description": null,
        "operator": "Oakland Zoo",
        "wheelchair": "yes",
        "name": null,
        "source:pkey": null,
        "image": null,
        "maintenance": null,
        "stateofrepair": null,
        "level": null,
        "drinking_water": null,
        "opening_hours": null,
        "dog": null,
        "level:ref": null,
        "manufacturer:wikidata": null,
        "operator:wikidata": "Q2008530",
        "layer": null,
        "location": null,
        "wetap:dog": null,
        "wetap:credit": null,
        "addr:city": null,
        "addr:housenumber": null,
        "addr:postcode": null,
        "addr:street": null,
        "phone": null,
        "drinking_water:dog": null,
        "bubbler": null,
        "inscription": null,
        "fixme": null,
        "amenity_1": null,
        "survey:date": "2023-07-01"
      },
      "geometry": {
        "type": "Point",
        "coordinates": [
          -122.1378436,
          37.7525832
        ]
      }
    },
    {
      "id": "208",
      "type": "Feature",
      "properties": {
        "element": "node",
        "id": 11018706475,
        "amenity": "drinking_water",
        "check_date": null,
        "fountain": null,
        "source": null,
        "wetap:status": null,
        "wetap:statusnote": null,
        "access:dog": null,
        "access:horse": null,
        "bottle": "yes",
        "access": "permissive",
        "covered": null,
        "fee": "no",
        "indoor": null,
        "lit": null,
        "drinking_water:bottle": null,
        "drinking_water:bubbler": null,
        "wetap:taste": null,
        "condition": null,
        "note": null,
        "security_zone": null,
        "wetap:flow": null,
        "wetap:photo": null,
        "wetap:quality": null,
        "wetap:temperature": null,
        "wetap:status_note": null,
        "description": null,
        "operator": "Oakland Zoo",
        "wheelchair": "yes",
        "name": null,
        "source:pkey": null,
        "image": null,
        "maintenance": null,
        "stateofrepair": null,
        "level": null,
        "drinking_water": null,
        "opening_hours": null,
        "dog": null,
        "level:ref": null,
        "manufacturer:wikidata": null,
        "operator:wikidata": "Q2008530",
        "layer": null,
        "location": null,
        "wetap:dog": null,
        "wetap:credit": null,
        "addr:city": null,
        "addr:housenumber": null,
        "addr:postcode": null,
        "addr:street": null,
        "phone": null,
        "drinking_water:dog": null,
        "bubbler": null,
        "inscription": null,
        "fixme": null,
        "amenity_1": null,
        "survey:date": null
      },
      "geometry": {
        "type": "Point",
        "coordinates": [
          -122.1452362,
          37.7491652
        ]
      }
    },
    {
      "id": "209",
      "type": "Feature",
      "properties": {
        "element": "node",
        "id": 11049968964,
        "amenity": "drinking_water",
        "check_date": null,
        "fountain": null,
        "source": null,
        "wetap:status": null,
        "wetap:statusnote": null,
        "access:dog": null,
        "access:horse": null,
        "bottle": "no",
        "access": "yes",
        "covered": "no",
        "fee": "no",
        "indoor": "no",
        "lit": null,
        "drinking_water:bottle": null,
        "drinking_water:bubbler": null,
        "wetap:taste": null,
        "condition": null,
        "note": null,
        "security_zone": null,
        "wetap:flow": null,
        "wetap:photo": null,
        "wetap:quality": null,
        "wetap:temperature": null,
        "wetap:status_note": null,
        "description": null,
        "operator": null,
        "wheelchair": null,
        "name": null,
        "source:pkey": null,
        "image": null,
        "maintenance": null,
        "stateofrepair": null,
        "level": null,
        "drinking_water": null,
        "opening_hours": null,
        "dog": null,
        "level:ref": null,
        "manufacturer:wikidata": null,
        "operator:wikidata": null,
        "layer": null,
        "location": null,
        "wetap:dog": null,
        "wetap:credit": null,
        "addr:city": null,
        "addr:housenumber": null,
        "addr:postcode": null,
        "addr:street": null,
        "phone": null,
        "drinking_water:dog": null,
        "bubbler": null,
        "inscription": null,
        "fixme": null,
        "amenity_1": null,
        "survey:date": null
      },
      "geometry": {
        "type": "Point",
        "coordinates": [
          -122.294587,
          37.8420971
        ]
      }
    },
    {
      "id": "210",
      "type": "Feature",
      "properties": {
        "element": "node",
        "id": 11084307626,
        "amenity": "drinking_water",
        "check_date": null,
        "fountain": null,
        "source": null,
        "wetap:status": null,
        "wetap:statusnote": null,
        "access:dog": null,
        "access:horse": null,
        "bottle": null,
        "access": null,
        "covered": null,
        "fee": null,
        "indoor": null,
        "lit": null,
        "drinking_water:bottle": null,
        "drinking_water:bubbler": null,
        "wetap:taste": null,
        "condition": null,
        "note": null,
        "security_zone": null,
        "wetap:flow": null,
        "wetap:photo": null,
        "wetap:quality": null,
        "wetap:temperature": null,
        "wetap:status_note": null,
        "description": null,
        "operator": null,
        "wheelchair": null,
        "name": null,
        "source:pkey": null,
        "image": null,
        "maintenance": null,
        "stateofrepair": null,
        "level": null,
        "drinking_water": null,
        "opening_hours": null,
        "dog": null,
        "level:ref": null,
        "manufacturer:wikidata": null,
        "operator:wikidata": null,
        "layer": null,
        "location": null,
        "wetap:dog": null,
        "wetap:credit": null,
        "addr:city": null,
        "addr:housenumber": null,
        "addr:postcode": null,
        "addr:street": null,
        "phone": null,
        "drinking_water:dog": null,
        "bubbler": null,
        "inscription": null,
        "fixme": null,
        "amenity_1": null,
        "survey:date": null
      },
      "geometry": {
        "type": "Point",
        "coordinates": [
          -122.2576545,
          37.8599881
        ]
      }
    },
    {
      "id": "211",
      "type": "Feature",
      "properties": {
        "element": "node",
        "id": 11084307646,
        "amenity": "drinking_water",
        "check_date": null,
        "fountain": null,
        "source": null,
        "wetap:status": null,
        "wetap:statusnote": null,
        "access:dog": null,
        "access:horse": null,
        "bottle": null,
        "access": null,
        "covered": null,
        "fee": null,
        "indoor": null,
        "lit": null,
        "drinking_water:bottle": null,
        "drinking_water:bubbler": null,
        "wetap:taste": null,
        "condition": null,
        "note": null,
        "security_zone": null,
        "wetap:flow": null,
        "wetap:photo": null,
        "wetap:quality": null,
        "wetap:temperature": null,
        "wetap:status_note": null,
        "description": null,
        "operator": null,
        "wheelchair": null,
        "name": null,
        "source:pkey": null,
        "image": null,
        "maintenance": null,
        "stateofrepair": null,
        "level": null,
        "drinking_water": null,
        "opening_hours": null,
        "dog": null,
        "level:ref": null,
        "manufacturer:wikidata": null,
        "operator:wikidata": null,
        "layer": null,
        "location": null,
        "wetap:dog": null,
        "wetap:credit": null,
        "addr:city": null,
        "addr:housenumber": null,
        "addr:postcode": null,
        "addr:street": null,
        "phone": null,
        "drinking_water:dog": null,
        "bubbler": null,
        "inscription": null,
        "fixme": null,
        "amenity_1": null,
        "survey:date": null
      },
      "geometry": {
        "type": "Point",
        "coordinates": [
          -122.2584528,
          37.8606611
        ]
      }
    },
    {
      "id": "212",
      "type": "Feature",
      "properties": {
        "element": "node",
        "id": 11251824661,
        "amenity": "drinking_water",
        "check_date": null,
        "fountain": null,
        "source": null,
        "wetap:status": null,
        "wetap:statusnote": null,
        "access:dog": null,
        "access:horse": null,
        "bottle": "no",
        "access": "yes",
        "covered": null,
        "fee": "no",
        "indoor": null,
        "lit": null,
        "drinking_water:bottle": null,
        "drinking_water:bubbler": null,
        "wetap:taste": null,
        "condition": null,
        "note": null,
        "security_zone": null,
        "wetap:flow": null,
        "wetap:photo": null,
        "wetap:quality": null,
        "wetap:temperature": null,
        "wetap:status_note": null,
        "description": null,
        "operator": null,
        "wheelchair": null,
        "name": null,
        "source:pkey": null,
        "image": null,
        "maintenance": null,
        "stateofrepair": null,
        "level": null,
        "drinking_water": null,
        "opening_hours": null,
        "dog": null,
        "level:ref": null,
        "manufacturer:wikidata": null,
        "operator:wikidata": null,
        "layer": null,
        "location": null,
        "wetap:dog": null,
        "wetap:credit": null,
        "addr:city": null,
        "addr:housenumber": null,
        "addr:postcode": null,
        "addr:street": null,
        "phone": null,
        "drinking_water:dog": null,
        "bubbler": null,
        "inscription": null,
        "fixme": null,
        "amenity_1": null,
        "survey:date": null
      },
      "geometry": {
        "type": "Point",
        "coordinates": [
          -122.2389667,
          37.8266422
        ]
      }
    },
    {
      "id": "213",
      "type": "Feature",
      "properties": {
        "element": "node",
        "id": 11660854520,
        "amenity": "drinking_water",
        "check_date": null,
        "fountain": null,
        "source": null,
        "wetap:status": null,
        "wetap:statusnote": null,
        "access:dog": null,
        "access:horse": null,
        "bottle": null,
        "access": null,
        "covered": null,
        "fee": null,
        "indoor": null,
        "lit": null,
        "drinking_water:bottle": null,
        "drinking_water:bubbler": null,
        "wetap:taste": null,
        "condition": null,
        "note": null,
        "security_zone": null,
        "wetap:flow": null,
        "wetap:photo": null,
        "wetap:quality": null,
        "wetap:temperature": null,
        "wetap:status_note": null,
        "description": null,
        "operator": null,
        "wheelchair": null,
        "name": "Rec center drinking fountain",
        "source:pkey": null,
        "image": null,
        "maintenance": null,
        "stateofrepair": null,
        "level": null,
        "drinking_water": null,
        "opening_hours": null,
        "dog": null,
        "level:ref": null,
        "manufacturer:wikidata": null,
        "operator:wikidata": null,
        "layer": null,
        "location": null,
        "wetap:dog": null,
        "wetap:credit": null,
        "addr:city": null,
        "addr:housenumber": null,
        "addr:postcode": null,
        "addr:street": null,
        "phone": null,
        "drinking_water:dog": null,
        "bubbler": null,
        "inscription": null,
        "fixme": null,
        "amenity_1": null,
        "survey:date": null
      },
      "geometry": {
        "type": "Point",
        "coordinates": [
          -122.1873137,
          37.7984737
        ]
      }
    },
    {
      "id": "214",
      "type": "Feature",
      "properties": {
        "element": "node",
        "id": 12166876759,
        "amenity": "drinking_water",
        "check_date": null,
        "fountain": null,
        "source": null,
        "wetap:status": null,
        "wetap:statusnote": null,
        "access:dog": null,
        "access:horse": null,
        "bottle": "yes",
        "access": "permissive",
        "covered": null,
        "fee": "no",
        "indoor": "yes",
        "lit": "yes",
        "drinking_water:bottle": null,
        "drinking_water:bubbler": null,
        "wetap:taste": null,
        "condition": null,
        "note": null,
        "security_zone": null,
        "wetap:flow": null,
        "wetap:photo": null,
        "wetap:quality": null,
        "wetap:temperature": null,
        "wetap:status_note": null,
        "description": null,
        "operator": null,
        "wheelchair": null,
        "name": null,
        "source:pkey": null,
        "image": null,
        "maintenance": null,
        "stateofrepair": null,
        "level": "0",
        "drinking_water": null,
        "opening_hours": null,
        "dog": null,
        "level:ref": "1",
        "manufacturer:wikidata": null,
        "operator:wikidata": null,
        "layer": null,
        "location": null,
        "wetap:dog": null,
        "wetap:credit": null,
        "addr:city": null,
        "addr:housenumber": null,
        "addr:postcode": null,
        "addr:street": null,
        "phone": null,
        "drinking_water:dog": null,
        "bubbler": null,
        "inscription": null,
        "fixme": null,
        "amenity_1": null,
        "survey:date": null
      },
      "geometry": {
        "type": "Point",
        "coordinates": [
          -122.2550896,
          37.8697128
        ]
      }
    },
    {
      "id": "215",
      "type": "Feature",
      "properties": {
        "element": "node",
        "id": 12167164006,
        "amenity": "drinking_water",
        "check_date": null,
        "fountain": null,
        "source": null,
        "wetap:status": null,
        "wetap:statusnote": null,
        "access:dog": null,
        "access:horse": null,
        "bottle": "yes",
        "access": null,
        "covered": null,
        "fee": "no",
        "indoor": "yes",
        "lit": null,
        "drinking_water:bottle": null,
        "drinking_water:bubbler": null,
        "wetap:taste": null,
        "condition": null,
        "note": null,
        "security_zone": null,
        "wetap:flow": null,
        "wetap:photo": null,
        "wetap:quality": null,
        "wetap:temperature": null,
        "wetap:status_note": null,
        "description": null,
        "operator": null,
        "wheelchair": null,
        "name": null,
        "source:pkey": null,
        "image": null,
        "maintenance": null,
        "stateofrepair": null,
        "level": null,
        "drinking_water": null,
        "opening_hours": null,
        "dog": null,
        "level:ref": "1",
        "manufacturer:wikidata": null,
        "operator:wikidata": null,
        "layer": null,
        "location": null,
        "wetap:dog": null,
        "wetap:credit": null,
        "addr:city": null,
        "addr:housenumber": null,
        "addr:postcode": null,
        "addr:street": null,
        "phone": null,
        "drinking_water:dog": null,
        "bubbler": null,
        "inscription": null,
        "fixme": null,
        "amenity_1": null,
        "survey:date": null
      },
      "geometry": {
        "type": "Point",
        "coordinates": [
          -122.251776,
          37.8708077
        ]
      }
    },
    {
      "id": "216",
      "type": "Feature",
      "properties": {
        "element": "node",
        "id": 12185081214,
        "amenity": "drinking_water",
        "check_date": "2024-10-19",
        "fountain": null,
        "source": null,
        "wetap:status": null,
        "wetap:statusnote": null,
        "access:dog": null,
        "access:horse": null,
        "bottle": "yes",
        "access": "yes",
        "covered": "no",
        "fee": "no",
        "indoor": "no",
        "lit": null,
        "drinking_water:bottle": null,
        "drinking_water:bubbler": null,
        "wetap:taste": null,
        "condition": null,
        "note": null,
        "security_zone": null,
        "wetap:flow": null,
        "wetap:photo": null,
        "wetap:quality": null,
        "wetap:temperature": null,
        "wetap:status_note": null,
        "description": null,
        "operator": null,
        "wheelchair": "yes",
        "name": null,
        "source:pkey": null,
        "image": null,
        "maintenance": null,
        "stateofrepair": null,
        "level": null,
        "drinking_water": null,
        "opening_hours": null,
        "dog": null,
        "level:ref": null,
        "manufacturer:wikidata": null,
        "operator:wikidata": null,
        "layer": null,
        "location": null,
        "wetap:dog": null,
        "wetap:credit": null,
        "addr:city": null,
        "addr:housenumber": null,
        "addr:postcode": null,
        "addr:street": null,
        "phone": null,
        "drinking_water:dog": null,
        "bubbler": null,
        "inscription": null,
        "fixme": null,
        "amenity_1": null,
        "survey:date": null
      },
      "geometry": {
        "type": "Point",
        "coordinates": [
          -122.2984118,
          37.7769831
        ]
      }
    },
    {
      "id": "217",
      "type": "Feature",
      "properties": {
        "element": "node",
        "id": 12195601437,
        "amenity": "drinking_water",
        "check_date": null,
        "fountain": null,
        "source": null,
        "wetap:status": null,
        "wetap:statusnote": null,
        "access:dog": null,
        "access:horse": null,
        "bottle": "yes",
        "access": null,
        "covered": null,
        "fee": "no",
        "indoor": "yes",
        "lit": "yes",
        "drinking_water:bottle": null,
        "drinking_water:bubbler": null,
        "wetap:taste": null,
        "condition": null,
        "note": null,
        "security_zone": null,
        "wetap:flow": null,
        "wetap:photo": null,
        "wetap:quality": null,
        "wetap:temperature": null,
        "wetap:status_note": null,
        "description": null,
        "operator": null,
        "wheelchair": null,
        "name": null,
        "source:pkey": null,
        "image": null,
        "maintenance": null,
        "stateofrepair": null,
        "level": "0",
        "drinking_water": null,
        "opening_hours": null,
        "dog": null,
        "level:ref": null,
        "manufacturer:wikidata": null,
        "operator:wikidata": null,
        "layer": null,
        "location": null,
        "wetap:dog": null,
        "wetap:credit": null,
        "addr:city": null,
        "addr:housenumber": null,
        "addr:postcode": null,
        "addr:street": null,
        "phone": null,
        "drinking_water:dog": null,
        "bubbler": null,
        "inscription": null,
        "fixme": null,
        "amenity_1": null,
        "survey:date": null
      },
      "geometry": {
        "type": "Point",
        "coordinates": [
          -122.2940234,
          37.841508
        ]
      }
    },
    {
      "id": "218",
      "type": "Feature",
      "properties": {
        "element": "node",
        "id": 12195601443,
        "amenity": "drinking_water",
        "check_date": null,
        "fountain": null,
        "source": null,
        "wetap:status": null,
        "wetap:statusnote": null,
        "access:dog": null,
        "access:horse": null,
        "bottle": "no",
        "access": "yes",
        "covered": "no",
        "fee": "no",
        "indoor": "no",
        "lit": null,
        "drinking_water:bottle": null,
        "drinking_water:bubbler": null,
        "wetap:taste": null,
        "condition": null,
        "note": null,
        "security_zone": null,
        "wetap:flow": null,
        "wetap:photo": null,
        "wetap:quality": null,
        "wetap:temperature": null,
        "wetap:status_note": null,
        "description": null,
        "operator": null,
        "wheelchair": "yes",
        "name": null,
        "source:pkey": null,
        "image": null,
        "maintenance": null,
        "stateofrepair": null,
        "level": null,
        "drinking_water": null,
        "opening_hours": null,
        "dog": null,
        "level:ref": null,
        "manufacturer:wikidata": null,
        "operator:wikidata": null,
        "layer": null,
        "location": null,
        "wetap:dog": null,
        "wetap:credit": null,
        "addr:city": null,
        "addr:housenumber": null,
        "addr:postcode": null,
        "addr:street": null,
        "phone": null,
        "drinking_water:dog": null,
        "bubbler": null,
        "inscription": null,
        "fixme": null,
        "amenity_1": null,
        "survey:date": null
      },
      "geometry": {
        "type": "Point",
        "coordinates": [
          -122.2950183,
          37.8427911
        ]
      }
    },
    {
      "id": "219",
      "type": "Feature",
      "properties": {
        "element": "node",
        "id": 12195801591,
        "amenity": "drinking_water",
        "check_date": null,
        "fountain": null,
        "source": null,
        "wetap:status": null,
        "wetap:statusnote": null,
        "access:dog": null,
        "access:horse": null,
        "bottle": "yes",
        "access": null,
        "covered": null,
        "fee": "no",
        "indoor": "yes",
        "lit": "yes",
        "drinking_water:bottle": null,
        "drinking_water:bubbler": null,
        "wetap:taste": null,
        "condition": null,
        "note": null,
        "security_zone": null,
        "wetap:flow": null,
        "wetap:photo": null,
        "wetap:quality": null,
        "wetap:temperature": null,
        "wetap:status_note": null,
        "description": null,
        "operator": null,
        "wheelchair": null,
        "name": null,
        "source:pkey": null,
        "image": null,
        "maintenance": null,
        "stateofrepair": null,
        "level": null,
        "drinking_water": null,
        "opening_hours": null,
        "dog": null,
        "level:ref": "G",
        "manufacturer:wikidata": null,
        "operator:wikidata": null,
        "layer": null,
        "location": null,
        "wetap:dog": null,
        "wetap:credit": null,
        "addr:city": null,
        "addr:housenumber": null,
        "addr:postcode": null,
        "addr:street": null,
        "phone": null,
        "drinking_water:dog": null,
        "bubbler": null,
        "inscription": null,
        "fixme": "position_estimated",
        "amenity_1": null,
        "survey:date": null
      },
      "geometry": {
        "type": "Point",
        "coordinates": [
          -122.2578466,
          37.8734929
        ]
      }
    },
    {
      "id": "220",
      "type": "Feature",
      "properties": {
        "element": "node",
        "id": 12212864061,
        "amenity": "drinking_water",
        "check_date": null,
        "fountain": null,
        "source": null,
        "wetap:status": null,
        "wetap:statusnote": null,
        "access:dog": null,
        "access:horse": null,
        "bottle": "yes",
        "access": "permissive",
        "covered": null,
        "fee": "no",
        "indoor": "yes",
        "lit": "yes",
        "drinking_water:bottle": null,
        "drinking_water:bubbler": null,
        "wetap:taste": null,
        "condition": null,
        "note": null,
        "security_zone": null,
        "wetap:flow": null,
        "wetap:photo": null,
        "wetap:quality": null,
        "wetap:temperature": null,
        "wetap:status_note": null,
        "description": null,
        "operator": null,
        "wheelchair": null,
        "name": null,
        "source:pkey": null,
        "image": null,
        "maintenance": null,
        "stateofrepair": null,
        "level": "0",
        "drinking_water": null,
        "opening_hours": null,
        "dog": null,
        "level:ref": "1",
        "manufacturer:wikidata": null,
        "operator:wikidata": null,
        "layer": null,
        "location": null,
        "wetap:dog": null,
        "wetap:credit": null,
        "addr:city": null,
        "addr:housenumber": null,
        "addr:postcode": null,
        "addr:street": null,
        "phone": null,
        "drinking_water:dog": null,
        "bubbler": null,
        "inscription": null,
        "fixme": null,
        "amenity_1": null,
        "survey:date": null
      },
      "geometry": {
        "type": "Point",
        "coordinates": [
          -122.2548139,
          37.8707092
        ]
      }
    },
    {
      "id": "221",
      "type": "Feature",
      "properties": {
        "element": "node",
        "id": 12214430158,
        "amenity": "drinking_water",
        "check_date": null,
        "fountain": null,
        "source": null,
        "wetap:status": null,
        "wetap:statusnote": null,
        "access:dog": null,
        "access:horse": null,
        "bottle": null,
        "access": null,
        "covered": null,
        "fee": null,
        "indoor": null,
        "lit": null,
        "drinking_water:bottle": null,
        "drinking_water:bubbler": null,
        "wetap:taste": null,
        "condition": null,
        "note": null,
        "security_zone": null,
        "wetap:flow": null,
        "wetap:photo": null,
        "wetap:quality": null,
        "wetap:temperature": null,
        "wetap:status_note": null,
        "description": null,
        "operator": null,
        "wheelchair": null,
        "name": null,
        "source:pkey": null,
        "image": null,
        "maintenance": null,
        "stateofrepair": null,
        "level": null,
        "drinking_water": null,
        "opening_hours": null,
        "dog": "yes",
        "level:ref": null,
        "manufacturer:wikidata": null,
        "operator:wikidata": null,
        "layer": null,
        "location": null,
        "wetap:dog": null,
        "wetap:credit": null,
        "addr:city": null,
        "addr:housenumber": null,
        "addr:postcode": null,
        "addr:street": null,
        "phone": null,
        "drinking_water:dog": null,
        "bubbler": null,
        "inscription": null,
        "fixme": null,
        "amenity_1": null,
        "survey:date": null
      },
      "geometry": {
        "type": "Point",
        "coordinates": [
          -122.2777453,
          37.8370442
        ]
      }
    },
    {
      "id": "222",
      "type": "Feature",
      "properties": {
        "element": "node",
        "id": 12215269926,
        "amenity": "drinking_water",
        "check_date": null,
        "fountain": "bubbler",
        "source": null,
        "wetap:status": null,
        "wetap:statusnote": null,
        "access:dog": null,
        "access:horse": null,
        "bottle": null,
        "access": null,
        "covered": null,
        "fee": null,
        "indoor": null,
        "lit": null,
        "drinking_water:bottle": null,
        "drinking_water:bubbler": null,
        "wetap:taste": null,
        "condition": null,
        "note": null,
        "security_zone": null,
        "wetap:flow": null,
        "wetap:photo": null,
        "wetap:quality": null,
        "wetap:temperature": null,
        "wetap:status_note": null,
        "description": null,
        "operator": null,
        "wheelchair": null,
        "name": null,
        "source:pkey": null,
        "image": null,
        "maintenance": null,
        "stateofrepair": null,
        "level": null,
        "drinking_water": null,
        "opening_hours": null,
        "dog": null,
        "level:ref": null,
        "manufacturer:wikidata": null,
        "operator:wikidata": null,
        "layer": null,
        "location": null,
        "wetap:dog": null,
        "wetap:credit": null,
        "addr:city": null,
        "addr:housenumber": null,
        "addr:postcode": null,
        "addr:street": null,
        "phone": null,
        "drinking_water:dog": null,
        "bubbler": null,
        "inscription": null,
        "fixme": null,
        "amenity_1": null,
        "survey:date": null
      },
      "geometry": {
        "type": "Point",
        "coordinates": [
          -122.286079,
          37.8397812
        ]
      }
    },
    {
      "id": "223",
      "type": "Feature",
      "properties": {
        "element": "node",
        "id": 12313157285,
        "amenity": "drinking_water",
        "check_date": null,
        "fountain": null,
        "source": null,
        "wetap:status": null,
        "wetap:statusnote": null,
        "access:dog": null,
        "access:horse": null,
        "bottle": "yes",
        "access": null,
        "covered": null,
        "fee": "no",
        "indoor": "yes",
        "lit": "yes",
        "drinking_water:bottle": null,
        "drinking_water:bubbler": null,
        "wetap:taste": null,
        "condition": null,
        "note": null,
        "security_zone": null,
        "wetap:flow": null,
        "wetap:photo": null,
        "wetap:quality": null,
        "wetap:temperature": null,
        "wetap:status_note": null,
        "description": null,
        "operator": null,
        "wheelchair": null,
        "name": null,
        "source:pkey": null,
        "image": null,
        "maintenance": null,
        "stateofrepair": null,
        "level": null,
        "drinking_water": null,
        "opening_hours": null,
        "dog": null,
        "level:ref": "2",
        "manufacturer:wikidata": null,
        "operator:wikidata": null,
        "layer": null,
        "location": null,
        "wetap:dog": null,
        "wetap:credit": null,
        "addr:city": null,
        "addr:housenumber": null,
        "addr:postcode": null,
        "addr:street": null,
        "phone": null,
        "drinking_water:dog": null,
        "bubbler": null,
        "inscription": null,
        "fixme": null,
        "amenity_1": null,
        "survey:date": null
      },
      "geometry": {
        "type": "Point",
        "coordinates": [
          -122.2620858,
          37.871345
        ]
      }
    },
    {
      "id": "224",
      "type": "Feature",
      "properties": {
        "element": "node",
        "id": 12313157300,
        "amenity": "drinking_water",
        "check_date": null,
        "fountain": null,
        "source": null,
        "wetap:status": null,
        "wetap:statusnote": null,
        "access:dog": null,
        "access:horse": null,
        "bottle": "yes",
        "access": null,
        "covered": null,
        "fee": "no",
        "indoor": "yes",
        "lit": "yes",
        "drinking_water:bottle": null,
        "drinking_water:bubbler": null,
        "wetap:taste": null,
        "condition": null,
        "note": null,
        "security_zone": null,
        "wetap:flow": null,
        "wetap:photo": null,
        "wetap:quality": null,
        "wetap:temperature": null,
        "wetap:status_note": null,
        "description": null,
        "operator": null,
        "wheelchair": null,
        "name": null,
        "source:pkey": null,
        "image": null,
        "maintenance": null,
        "stateofrepair": null,
        "level": null,
        "drinking_water": null,
        "opening_hours": null,
        "dog": null,
        "level:ref": "2",
        "manufacturer:wikidata": null,
        "operator:wikidata": null,
        "layer": null,
        "location": null,
        "wetap:dog": null,
        "wetap:credit": null,
        "addr:city": null,
        "addr:housenumber": null,
        "addr:postcode": null,
        "addr:street": null,
        "phone": null,
        "drinking_water:dog": null,
        "bubbler": null,
        "inscription": null,
        "fixme": null,
        "amenity_1": null,
        "survey:date": null
      },
      "geometry": {
        "type": "Point",
        "coordinates": [
          -122.261805,
          37.8717437
        ]
      }
    },
    {
      "id": "225",
      "type": "Feature",
      "properties": {
        "element": "node",
        "id": 12674415029,
        "amenity": "drinking_water",
        "check_date": null,
        "fountain": null,
        "source": null,
        "wetap:status": null,
        "wetap:statusnote": null,
        "access:dog": null,
        "access:horse": null,
        "bottle": "yes",
        "access": "permissive",
        "covered": null,
        "fee": "no",
        "indoor": "yes",
        "lit": "yes",
        "drinking_water:bottle": null,
        "drinking_water:bubbler": null,
        "wetap:taste": null,
        "condition": null,
        "note": null,
        "security_zone": null,
        "wetap:flow": null,
        "wetap:photo": null,
        "wetap:quality": null,
        "wetap:temperature": null,
        "wetap:status_note": null,
        "description": null,
        "operator": null,
        "wheelchair": null,
        "name": null,
        "source:pkey": null,
        "image": null,
        "maintenance": null,
        "stateofrepair": null,
        "level": null,
        "drinking_water": null,
        "opening_hours": null,
        "dog": null,
        "level:ref": "1",
        "manufacturer:wikidata": null,
        "operator:wikidata": null,
        "layer": null,
        "location": null,
        "wetap:dog": null,
        "wetap:credit": null,
        "addr:city": null,
        "addr:housenumber": null,
        "addr:postcode": null,
        "addr:street": null,
        "phone": null,
        "drinking_water:dog": null,
        "bubbler": null,
        "inscription": null,
        "fixme": null,
        "amenity_1": null,
        "survey:date": null
      },
      "geometry": {
        "type": "Point",
        "coordinates": [
          -122.2562331,
          37.8709251
        ]
      }
    },
    {
      "id": "226",
      "type": "Feature",
      "properties": {
        "element": "node",
        "id": 12732264722,
        "amenity": "drinking_water",
        "check_date": null,
        "fountain": null,
        "source": null,
        "wetap:status": null,
        "wetap:statusnote": null,
        "access:dog": null,
        "access:horse": null,
        "bottle": "no",
        "access": "yes",
        "covered": "no",
        "fee": "no",
        "indoor": "no",
        "lit": "yes",
        "drinking_water:bottle": null,
        "drinking_water:bubbler": null,
        "wetap:taste": null,
        "condition": null,
        "note": null,
        "security_zone": null,
        "wetap:flow": null,
        "wetap:photo": null,
        "wetap:quality": null,
        "wetap:temperature": null,
        "wetap:status_note": null,
        "description": null,
        "operator": null,
        "wheelchair": "yes",
        "name": null,
        "source:pkey": null,
        "image": null,
        "maintenance": null,
        "stateofrepair": null,
        "level": null,
        "drinking_water": null,
        "opening_hours": null,
        "dog": null,
        "level:ref": null,
        "manufacturer:wikidata": null,
        "operator:wikidata": null,
        "layer": null,
        "location": null,
        "wetap:dog": null,
        "wetap:credit": null,
        "addr:city": null,
        "addr:housenumber": null,
        "addr:postcode": null,
        "addr:street": null,
        "phone": null,
        "drinking_water:dog": null,
        "bubbler": null,
        "inscription": null,
        "fixme": null,
        "amenity_1": null,
        "survey:date": null
      },
      "geometry": {
        "type": "Point",
        "coordinates": [
          -122.2976825,
          37.7800377
        ]
      }
    },
    {
      "id": "227",
      "type": "Feature",
      "properties": {
        "element": "node",
        "id": 12737849114,
        "amenity": "drinking_water",
        "check_date": null,
        "fountain": null,
        "source": null,
        "wetap:status": null,
        "wetap:statusnote": null,
        "access:dog": null,
        "access:horse": null,
        "bottle": "no",
        "access": "permissive",
        "covered": null,
        "fee": "no",
        "indoor": "yes",
        "lit": "yes",
        "drinking_water:bottle": null,
        "drinking_water:bubbler": null,
        "wetap:taste": null,
        "condition": null,
        "note": null,
        "security_zone": null,
        "wetap:flow": null,
        "wetap:photo": null,
        "wetap:quality": null,
        "wetap:temperature": null,
        "wetap:status_note": null,
        "description": null,
        "operator": null,
        "wheelchair": null,
        "name": null,
        "source:pkey": null,
        "image": null,
        "maintenance": null,
        "stateofrepair": null,
        "level": "1",
        "drinking_water": null,
        "opening_hours": null,
        "dog": null,
        "level:ref": null,
        "manufacturer:wikidata": null,
        "operator:wikidata": "Q83231227",
        "layer": null,
        "location": null,
        "wetap:dog": null,
        "wetap:credit": null,
        "addr:city": null,
        "addr:housenumber": null,
        "addr:postcode": null,
        "addr:street": null,
        "phone": null,
        "drinking_water:dog": null,
        "bubbler": null,
        "inscription": null,
        "fixme": null,
        "amenity_1": null,
        "survey:date": null
      },
      "geometry": {
        "type": "Point",
        "coordinates": [
          -122.2560099,
          37.8705253
        ]
      }
    },
    {
      "id": "228",
      "type": "Feature",
      "properties": {
        "element": "node",
        "id": 12755710217,
        "amenity": "drinking_water",
        "check_date": null,
        "fountain": null,
        "source": null,
        "wetap:status": null,
        "wetap:statusnote": null,
        "access:dog": null,
        "access:horse": null,
        "bottle": "yes",
        "access": "permissive",
        "covered": "yes",
        "fee": "no",
        "indoor": "yes",
        "lit": "yes",
        "drinking_water:bottle": null,
        "drinking_water:bubbler": null,
        "wetap:taste": null,
        "condition": null,
        "note": null,
        "security_zone": null,
        "wetap:flow": null,
        "wetap:photo": null,
        "wetap:quality": null,
        "wetap:temperature": null,
        "wetap:status_note": null,
        "description": null,
        "operator": null,
        "wheelchair": null,
        "name": null,
        "source:pkey": null,
        "image": null,
        "maintenance": null,
        "stateofrepair": null,
        "level": "0",
        "drinking_water": null,
        "opening_hours": null,
        "dog": null,
        "level:ref": null,
        "manufacturer:wikidata": null,
        "operator:wikidata": null,
        "layer": null,
        "location": null,
        "wetap:dog": null,
        "wetap:credit": null,
        "addr:city": null,
        "addr:housenumber": null,
        "addr:postcode": null,
        "addr:street": null,
        "phone": null,
        "drinking_water:dog": null,
        "bubbler": null,
        "inscription": null,
        "fixme": null,
        "amenity_1": null,
        "survey:date": null
      },
      "geometry": {
        "type": "Point",
        "coordinates": [
          -122.2584631,
          37.8713243
        ]
      }
    },
    {
      "id": "229",
      "type": "Feature",
      "properties": {
        "element": "node",
        "id": 12773351534,
        "amenity": "drinking_water",
        "check_date": null,
        "fountain": null,
        "source": null,
        "wetap:status": null,
        "wetap:statusnote": null,
        "access:dog": null,
        "access:horse": null,
        "bottle": "yes",
        "access": null,
        "covered": "yes",
        "fee": "no",
        "indoor": "yes",
        "lit": "yes",
        "drinking_water:bottle": null,
        "drinking_water:bubbler": null,
        "wetap:taste": null,
        "condition": null,
        "note": null,
        "security_zone": null,
        "wetap:flow": null,
        "wetap:photo": null,
        "wetap:quality": null,
        "wetap:temperature": null,
        "wetap:status_note": null,
        "description": null,
        "operator": null,
        "wheelchair": null,
        "name": null,
        "source:pkey": null,
        "image": null,
        "maintenance": null,
        "stateofrepair": null,
        "level": null,
        "drinking_water": null,
        "opening_hours": null,
        "dog": null,
        "level:ref": "4",
        "manufacturer:wikidata": null,
        "operator:wikidata": null,
        "layer": null,
        "location": null,
        "wetap:dog": null,
        "wetap:credit": null,
        "addr:city": null,
        "addr:housenumber": null,
        "addr:postcode": null,
        "addr:street": null,
        "phone": null,
        "drinking_water:dog": null,
        "bubbler": null,
        "inscription": null,
        "fixme": null,
        "amenity_1": null,
        "survey:date": null
      },
      "geometry": {
        "type": "Point",
        "coordinates": [
          -122.2536811,
          37.8715216
        ]
      }
    },
    {
      "id": "230",
      "type": "Feature",
      "properties": {
        "element": "node",
        "id": 12773351540,
        "amenity": "drinking_water",
        "check_date": null,
        "fountain": null,
        "source": null,
        "wetap:status": null,
        "wetap:statusnote": null,
        "access:dog": null,
        "access:horse": null,
        "bottle": "yes",
        "access": null,
        "covered": "yes",
        "fee": "no",
        "indoor": "yes",
        "lit": "yes",
        "drinking_water:bottle": null,
        "drinking_water:bubbler": null,
        "wetap:taste": null,
        "condition": null,
        "note": null,
        "security_zone": null,
        "wetap:flow": null,
        "wetap:photo": null,
        "wetap:quality": null,
        "wetap:temperature": null,
        "wetap:status_note": null,
        "description": null,
        "operator": null,
        "wheelchair": null,
        "name": null,
        "source:pkey": null,
        "image": null,
        "maintenance": null,
        "stateofrepair": null,
        "level": null,
        "drinking_water": null,
        "opening_hours": null,
        "dog": null,
        "level:ref": "1",
        "manufacturer:wikidata": null,
        "operator:wikidata": null,
        "layer": null,
        "location": null,
        "wetap:dog": null,
        "wetap:credit": null,
        "addr:city": null,
        "addr:housenumber": null,
        "addr:postcode": null,
        "addr:street": null,
        "phone": null,
        "drinking_water:dog": null,
        "bubbler": null,
        "inscription": null,
        "fixme": null,
        "amenity_1": null,
        "survey:date": null
      },
      "geometry": {
        "type": "Point",
        "coordinates": [
          -122.2543136,
          37.871705
        ]
      }
    },
    {
      "id": "231",
      "type": "Feature",
      "properties": {
        "element": "node",
        "id": 12796525851,
        "amenity": "drinking_water",
        "check_date": null,
        "fountain": null,
        "source": null,
        "wetap:status": null,
        "wetap:statusnote": null,
        "access:dog": null,
        "access:horse": null,
        "bottle": "yes",
        "access": null,
        "covered": null,
        "fee": "no",
        "indoor": "yes",
        "lit": "yes",
        "drinking_water:bottle": null,
        "drinking_water:bubbler": null,
        "wetap:taste": null,
        "condition": null,
        "note": null,
        "security_zone": null,
        "wetap:flow": null,
        "wetap:photo": null,
        "wetap:quality": null,
        "wetap:temperature": null,
        "wetap:status_note": null,
        "description": "near Room 41A",
        "operator": null,
        "wheelchair": null,
        "name": null,
        "source:pkey": null,
        "image": null,
        "maintenance": null,
        "stateofrepair": null,
        "level": null,
        "drinking_water": null,
        "opening_hours": null,
        "dog": null,
        "level:ref": "C",
        "manufacturer:wikidata": null,
        "operator:wikidata": null,
        "layer": null,
        "location": null,
        "wetap:dog": null,
        "wetap:credit": null,
        "addr:city": null,
        "addr:housenumber": null,
        "addr:postcode": null,
        "addr:street": null,
        "phone": null,
        "drinking_water:dog": null,
        "bubbler": null,
        "inscription": null,
        "fixme": null,
        "amenity_1": null,
        "survey:date": null
      },
      "geometry": {
        "type": "Point",
        "coordinates": [
          -122.260339,
          37.8704132
        ]
      }
    },
    {
      "id": "232",
      "type": "Feature",
      "properties": {
        "element": "node",
        "id": 12900569260,
        "amenity": "drinking_water",
        "check_date": null,
        "fountain": null,
        "source": null,
        "wetap:status": null,
        "wetap:statusnote": null,
        "access:dog": null,
        "access:horse": null,
        "bottle": null,
        "access": "yes",
        "covered": "yes",
        "fee": "no",
        "indoor": "yes",
        "lit": "yes",
        "drinking_water:bottle": null,
        "drinking_water:bubbler": null,
        "wetap:taste": null,
        "condition": null,
        "note": null,
        "security_zone": null,
        "wetap:flow": null,
        "wetap:photo": null,
        "wetap:quality": null,
        "wetap:temperature": null,
        "wetap:status_note": null,
        "description": null,
        "operator": null,
        "wheelchair": null,
        "name": null,
        "source:pkey": null,
        "image": null,
        "maintenance": null,
        "stateofrepair": null,
        "level": null,
        "drinking_water": null,
        "opening_hours": null,
        "dog": null,
        "level:ref": "2",
        "manufacturer:wikidata": null,
        "operator:wikidata": null,
        "layer": null,
        "location": null,
        "wetap:dog": null,
        "wetap:credit": null,
        "addr:city": null,
        "addr:housenumber": null,
        "addr:postcode": null,
        "addr:street": null,
        "phone": null,
        "drinking_water:dog": null,
        "bubbler": null,
        "inscription": null,
        "fixme": null,
        "amenity_1": null,
        "survey:date": null
      },
      "geometry": {
        "type": "Point",
        "coordinates": [
          -122.2689366,
          37.8680244
        ]
      }
    },
    {
      "id": "233",
      "type": "Feature",
      "properties": {
        "element": "node",
        "id": 12961417333,
        "amenity": "drinking_water",
        "check_date": null,
        "fountain": null,
        "source": null,
        "wetap:status": null,
        "wetap:statusnote": null,
        "access:dog": null,
        "access:horse": null,
        "bottle": "no",
        "access": "customers",
        "covered": null,
        "fee": "no",
        "indoor": "yes",
        "lit": "yes",
        "drinking_water:bottle": null,
        "drinking_water:bubbler": null,
        "wetap:taste": null,
        "condition": null,
        "note": null,
        "security_zone": null,
        "wetap:flow": null,
        "wetap:photo": null,
        "wetap:quality": null,
        "wetap:temperature": null,
        "wetap:status_note": null,
        "description": null,
        "operator": null,
        "wheelchair": null,
        "name": null,
        "source:pkey": null,
        "image": null,
        "maintenance": null,
        "stateofrepair": null,
        "level": "0",
        "drinking_water": null,
        "opening_hours": null,
        "dog": null,
        "level:ref": null,
        "manufacturer:wikidata": null,
        "operator:wikidata": "Q7102700",
        "layer": null,
        "location": null,
        "wetap:dog": null,
        "wetap:credit": null,
        "addr:city": null,
        "addr:housenumber": null,
        "addr:postcode": null,
        "addr:street": null,
        "phone": null,
        "drinking_water:dog": null,
        "bubbler": null,
        "inscription": null,
        "fixme": null,
        "amenity_1": null,
        "survey:date": null
      },
      "geometry": {
        "type": "Point",
        "coordinates": [
          -122.1836725,
          37.8783927
        ]
      }
    },
    {
      "id": "234",
      "type": "Feature",
      "properties": {
        "element": "node",
        "id": 12965306852,
        "amenity": "drinking_water",
        "check_date": null,
        "fountain": null,
        "source": null,
        "wetap:status": null,
        "wetap:statusnote": null,
        "access:dog": null,
        "access:horse": null,
        "bottle": "yes",
        "access": "permissive",
        "covered": "yes",
        "fee": "no",
        "indoor": "yes",
        "lit": "yes",
        "drinking_water:bottle": null,
        "drinking_water:bubbler": null,
        "wetap:taste": null,
        "condition": null,
        "note": null,
        "security_zone": null,
        "wetap:flow": null,
        "wetap:photo": null,
        "wetap:quality": null,
        "wetap:temperature": null,
        "wetap:status_note": null,
        "description": null,
        "operator": null,
        "wheelchair": null,
        "name": null,
        "source:pkey": null,
        "image": null,
        "maintenance": null,
        "stateofrepair": null,
        "level": null,
        "drinking_water": null,
        "opening_hours": null,
        "dog": null,
        "level:ref": "2",
        "manufacturer:wikidata": null,
        "operator:wikidata": null,
        "layer": null,
        "location": null,
        "wetap:dog": null,
        "wetap:credit": null,
        "addr:city": null,
        "addr:housenumber": null,
        "addr:postcode": null,
        "addr:street": null,
        "phone": null,
        "drinking_water:dog": null,
        "bubbler": null,
        "inscription": null,
        "fixme": null,
        "amenity_1": null,
        "survey:date": null
      },
      "geometry": {
        "type": "Point",
        "coordinates": [
          -122.2611387,
          37.8738569
        ]
      }
    },
    {
      "id": "235",
      "type": "Feature",
      "properties": {
        "element": "node",
        "id": 13007788701,
        "amenity": "drinking_water",
        "check_date": null,
        "fountain": null,
        "source": null,
        "wetap:status": null,
        "wetap:statusnote": null,
        "access:dog": null,
        "access:horse": null,
        "bottle": null,
        "access": null,
        "covered": null,
        "fee": null,
        "indoor": null,
        "lit": null,
        "drinking_water:bottle": null,
        "drinking_water:bubbler": null,
        "wetap:taste": null,
        "condition": null,
        "note": null,
        "security_zone": null,
        "wetap:flow": null,
        "wetap:photo": null,
        "wetap:quality": null,
        "wetap:temperature": null,
        "wetap:status_note": null,
        "description": null,
        "operator": null,
        "wheelchair": null,
        "name": null,
        "source:pkey": null,
        "image": null,
        "maintenance": null,
        "stateofrepair": null,
        "level": null,
        "drinking_water": null,
        "opening_hours": null,
        "dog": null,
        "level:ref": null,
        "manufacturer:wikidata": null,
        "operator:wikidata": null,
        "layer": null,
        "location": null,
        "wetap:dog": null,
        "wetap:credit": null,
        "addr:city": null,
        "addr:housenumber": null,
        "addr:postcode": null,
        "addr:street": null,
        "phone": null,
        "drinking_water:dog": null,
        "bubbler": null,
        "inscription": null,
        "fixme": null,
        "amenity_1": null,
        "survey:date": null
      },
      "geometry": {
        "type": "Point",
        "coordinates": [
          -122.2578912,
          37.8692271
        ]
      }
    },
    {
      "id": "236",
      "type": "Feature",
      "properties": {
        "element": "node",
        "id": 13054485751,
        "amenity": "drinking_water",
        "check_date": null,
        "fountain": null,
        "source": null,
        "wetap:status": null,
        "wetap:statusnote": null,
        "access:dog": null,
        "access:horse": null,
        "bottle": "yes",
        "access": "permissive",
        "covered": "yes",
        "fee": "no",
        "indoor": "yes",
        "lit": "yes",
        "drinking_water:bottle": null,
        "drinking_water:bubbler": null,
        "wetap:taste": null,
        "condition": null,
        "note": null,
        "security_zone": null,
        "wetap:flow": null,
        "wetap:photo": null,
        "wetap:quality": null,
        "wetap:temperature": null,
        "wetap:status_note": null,
        "description": null,
        "operator": null,
        "wheelchair": null,
        "name": null,
        "source:pkey": null,
        "image": null,
        "maintenance": null,
        "stateofrepair": null,
        "level": null,
        "drinking_water": null,
        "opening_hours": null,
        "dog": null,
        "level:ref": "1",
        "manufacturer:wikidata": null,
        "operator:wikidata": null,
        "layer": null,
        "location": null,
        "wetap:dog": null,
        "wetap:credit": null,
        "addr:city": null,
        "addr:housenumber": null,
        "addr:postcode": null,
        "addr:street": null,
        "phone": null,
        "drinking_water:dog": null,
        "bubbler": null,
        "inscription": null,
        "fixme": null,
        "amenity_1": null,
        "survey:date": null
      },
      "geometry": {
        "type": "Point",
        "coordinates": [
          -122.259293,
          37.8710522
        ]
      }
    },
    {
      "id": "237",
      "type": "Feature",
      "properties": {
        "element": "node",
        "id": 13276546657,
        "amenity": "drinking_water",
        "check_date": null,
        "fountain": null,
        "source": null,
        "wetap:status": null,
        "wetap:statusnote": null,
        "access:dog": null,
        "access:horse": null,
        "bottle": null,
        "access": null,
        "covered": null,
        "fee": null,
        "indoor": null,
        "lit": null,
        "drinking_water:bottle": null,
        "drinking_water:bubbler": null,
        "wetap:taste": null,
        "condition": null,
        "note": null,
        "security_zone": null,
        "wetap:flow": null,
        "wetap:photo": null,
        "wetap:quality": null,
        "wetap:temperature": null,
        "wetap:status_note": null,
        "description": null,
        "operator": null,
        "wheelchair": null,
        "name": null,
        "source:pkey": null,
        "image": null,
        "maintenance": null,
        "stateofrepair": null,
        "level": null,
        "drinking_water": null,
        "opening_hours": null,
        "dog": null,
        "level:ref": null,
        "manufacturer:wikidata": null,
        "operator:wikidata": null,
        "layer": null,
        "location": null,
        "wetap:dog": null,
        "wetap:credit": null,
        "addr:city": null,
        "addr:housenumber": null,
        "addr:postcode": null,
        "addr:street": null,
        "phone": null,
        "drinking_water:dog": null,
        "bubbler": null,
        "inscription": null,
        "fixme": null,
        "amenity_1": null,
        "survey:date": null
      },
      "geometry": {
        "type": "Point",
        "coordinates": [
          -122.293965,
          37.7906581
        ]
      }
    },
    {
      "id": "238",
      "type": "Feature",
      "properties": {
        "element": "node",
        "id": 13431439979,
        "amenity": "drinking_water",
        "check_date": null,
        "fountain": null,
        "source": null,
        "wetap:status": null,
        "wetap:statusnote": null,
        "access:dog": null,
        "access:horse": null,
        "bottle": null,
        "access": "yes",
        "covered": null,
        "fee": "no",
        "indoor": null,
        "lit": null,
        "drinking_water:bottle": null,
        "drinking_water:bubbler": null,
        "wetap:taste": null,
        "condition": null,
        "note": null,
        "security_zone": null,
        "wetap:flow": null,
        "wetap:photo": null,
        "wetap:quality": null,
        "wetap:temperature": null,
        "wetap:status_note": null,
        "description": null,
        "operator": "EBRPD",
        "wheelchair": "yes",
        "name": null,
        "source:pkey": null,
        "image": null,
        "maintenance": null,
        "stateofrepair": null,
        "level": null,
        "drinking_water": null,
        "opening_hours": null,
        "dog": null,
        "level:ref": null,
        "manufacturer:wikidata": null,
        "operator:wikidata": null,
        "layer": null,
        "location": null,
        "wetap:dog": null,
        "wetap:credit": null,
        "addr:city": null,
        "addr:housenumber": null,
        "addr:postcode": null,
        "addr:street": null,
        "phone": null,
        "drinking_water:dog": null,
        "bubbler": null,
        "inscription": null,
        "fixme": null,
        "amenity_1": null,
        "survey:date": null
      },
      "geometry": {
        "type": "Point",
        "coordinates": [
          -122.1768378,
          37.8035848
        ]
      }
    },
    {
      "id": "239",
      "type": "Feature",
      "properties": {
        "element": "node",
        "id": 13461274801,
        "amenity": "drinking_water",
        "check_date": null,
        "fountain": null,
        "source": null,
        "wetap:status": null,
        "wetap:statusnote": null,
        "access:dog": null,
        "access:horse": null,
        "bottle": null,
        "access": null,
        "covered": null,
        "fee": null,
        "indoor": null,
        "lit": null,
        "drinking_water:bottle": null,
        "drinking_water:bubbler": null,
        "wetap:taste": null,
        "condition": null,
        "note": null,
        "security_zone": null,
        "wetap:flow": null,
        "wetap:photo": null,
        "wetap:quality": null,
        "wetap:temperature": null,
        "wetap:status_note": null,
        "description": null,
        "operator": null,
        "wheelchair": null,
        "name": null,
        "source:pkey": null,
        "image": null,
        "maintenance": null,
        "stateofrepair": null,
        "level": null,
        "drinking_water": null,
        "opening_hours": null,
        "dog": null,
        "level:ref": null,
        "manufacturer:wikidata": null,
        "operator:wikidata": null,
        "layer": null,
        "location": null,
        "wetap:dog": null,
        "wetap:credit": null,
        "addr:city": null,
        "addr:housenumber": null,
        "addr:postcode": null,
        "addr:street": null,
        "phone": null,
        "drinking_water:dog": null,
        "bubbler": null,
        "inscription": null,
        "fixme": null,
        "amenity_1": null,
        "survey:date": null
      },
      "geometry": {
        "type": "Point",
        "coordinates": [
          -122.2903935,
          37.8321142
        ]
      }
    },
    {
      "id": "240",
      "type": "Feature",
      "properties": {
        "element": "node",
        "id": 13515688125,
        "amenity": "drinking_water",
        "check_date": null,
        "fountain": null,
        "source": null,
        "wetap:status": null,
        "wetap:statusnote": null,
        "access:dog": null,
        "access:horse": null,
        "bottle": "yes",
        "access": "yes",
        "covered": "yes",
        "fee": "no",
        "indoor": "yes",
        "lit": "yes",
        "drinking_water:bottle": null,
        "drinking_water:bubbler": null,
        "wetap:taste": null,
        "condition": null,
        "note": null,
        "security_zone": null,
        "wetap:flow": null,
        "wetap:photo": null,
        "wetap:quality": null,
        "wetap:temperature": null,
        "wetap:status_note": null,
        "description": null,
        "operator": null,
        "wheelchair": null,
        "name": null,
        "source:pkey": null,
        "image": null,
        "maintenance": null,
        "stateofrepair": null,
        "level": null,
        "drinking_water": null,
        "opening_hours": null,
        "dog": "no",
        "level:ref": "1",
        "manufacturer:wikidata": "Q19877700",
        "operator:wikidata": "Q66362572",
        "layer": null,
        "location": null,
        "wetap:dog": null,
        "wetap:credit": null,
        "addr:city": null,
        "addr:housenumber": null,
        "addr:postcode": null,
        "addr:street": null,
        "phone": null,
        "drinking_water:dog": null,
        "bubbler": null,
        "inscription": null,
        "fixme": null,
        "amenity_1": null,
        "survey:date": null
      },
      "geometry": {
        "type": "Point",
        "coordinates": [
          -122.2638457,
          37.8010921
        ]
      }
    },
    {
      "id": "241",
      "type": "Feature",
      "properties": {
        "element": "node",
        "id": 13520489936,
        "amenity": "drinking_water",
        "check_date": null,
        "fountain": null,
        "source": null,
        "wetap:status": null,
        "wetap:statusnote": null,
        "access:dog": null,
        "access:horse": null,
        "bottle": "yes",
        "access": "permissive",
        "covered": "yes",
        "fee": "no",
        "indoor": "yes",
        "lit": "yes",
        "drinking_water:bottle": null,
        "drinking_water:bubbler": null,
        "wetap:taste": null,
        "condition": null,
        "note": null,
        "security_zone": null,
        "wetap:flow": null,
        "wetap:photo": null,
        "wetap:quality": null,
        "wetap:temperature": null,
        "wetap:status_note": null,
        "description": null,
        "operator": null,
        "wheelchair": null,
        "name": null,
        "source:pkey": null,
        "image": null,
        "maintenance": null,
        "stateofrepair": null,
        "level": null,
        "drinking_water": null,
        "opening_hours": null,
        "dog": null,
        "level:ref": "3",
        "manufacturer:wikidata": null,
        "operator:wikidata": "Q4874127",
        "layer": null,
        "location": null,
        "wetap:dog": null,
        "wetap:credit": null,
        "addr:city": null,
        "addr:housenumber": null,
        "addr:postcode": null,
        "addr:street": null,
        "phone": null,
        "drinking_water:dog": null,
        "bubbler": null,
        "inscription": null,
        "fixme": null,
        "amenity_1": null,
        "survey:date": null
      },
      "geometry": {
        "type": "Point",
        "coordinates": [
          -122.2919255,
          37.8331979
        ]
      }
    },
    {
      "id": "242",
      "type": "Feature",
      "properties": {
        "element": "node",
        "id": 13596735142,
        "amenity": "drinking_water",
        "check_date": null,
        "fountain": null,
        "source": null,
        "wetap:status": null,
        "wetap:statusnote": null,
        "access:dog": null,
        "access:horse": null,
        "bottle": null,
        "access": null,
        "covered": null,
        "fee": null,
        "indoor": null,
        "lit": null,
        "drinking_water:bottle": null,
        "drinking_water:bubbler": null,
        "wetap:taste": null,
        "condition": null,
        "note": null,
        "security_zone": null,
        "wetap:flow": null,
        "wetap:photo": null,
        "wetap:quality": null,
        "wetap:temperature": null,
        "wetap:status_note": null,
        "description": null,
        "operator": null,
        "wheelchair": null,
        "name": null,
        "source:pkey": null,
        "image": null,
        "maintenance": null,
        "stateofrepair": null,
        "level": null,
        "drinking_water": null,
        "opening_hours": null,
        "dog": null,
        "level:ref": null,
        "manufacturer:wikidata": null,
        "operator:wikidata": null,
        "layer": null,
        "location": null,
        "wetap:dog": null,
        "wetap:credit": null,
        "addr:city": null,
        "addr:housenumber": null,
        "addr:postcode": null,
        "addr:street": null,
        "phone": null,
        "drinking_water:dog": null,
        "bubbler": null,
        "inscription": null,
        "fixme": null,
        "amenity_1": null,
        "survey:date": null
      },
      "geometry": {
        "type": "Point",
        "coordinates": [
          -122.232493,
          37.8470592
        ]
      }
    }
  ],
  "fetched_at": "2026-07-01T23:32:10.468277+00:00",
  "source": "OpenStreetMap via Overpass API (osmnx.features_from_bbox)",
  "category": "water_fountains",
  "target_field": "water_fountain_dist",
  "total_features": 243
}